Date,1155.KL,1066.KL,5819.KL,6033.KL,5225.KL,1082.KL,1818.KL,1295.KL,5347.KL,3816.KL,5297.KL,5292.KL,4677.KL,6742.KL,5288.KL
2023-05-23,0.0034904253596475215,0.0018165136058645856,-0.009049847181212559,0.002353002717007766,-0.010118090752514254,-0.016997489658587533,-0.01106738242277652,-0.010178097277448754,-0.004175136748439188,-0.006798278441607865,0.0,-0.06923180843161715,0.0,0.0,-0.01104995689363925
2023-05-24,-0.0058241623986371805,-0.009115852987896446,-0.016293624203099964,-0.004711618781819504,-0.008510757080021284,0.01249305594560974,-0.009584791833663652,0.002554217698929362,-0.00419297960725659,-0.004100975404489232,0.05556984649387388,-0.02909293319254099,0.0063898506470263265,-0.008510646896818267,-0.01117320763273177
2023-05-25,0.0,0.0,0.0030754616301968407,-0.011876675277159956,0.0,0.0011280417736088014,-0.004827111680856548,-0.0076824499375831865,0.0062826709733461,-0.009635441218160637,-0.05556984649387397,0.025502268443113072,-0.006389850647026349,-0.017241607035544972,0.04396317771124736
2023-05-26,0.0023337370389897656,0.0,0.0020449201502238915,0.002386633443705601,0.0,-0.005652857252592862,-0.0016140545465317664,0.0025673331212810475,0.011416777653655437,-0.0027701331754267718,0.028170874571492647,0.03533941647318748,0.06813781446059851,0.07534936702590468,0.010695199529779126
2023-05-29,0.002328236946896541,-0.0036698011475292548,-0.004094140095548573,0.0011910878142913307,-0.0017107567685904158,0.0022651460118227524,0.0,-0.0025673331212811424,0.006173008956069649,0.0013859876371034017,0.027398971922381228,0.03748305670785763,0.07496299650650473,0.04725284344117681,-0.02150623342840899
2023-05-30,-0.0011634076281291335,-0.0036832106028068766,0.002049219945324741,-0.004773209642579519,-0.010327073097846797,0.004514719601366274,0.004834716610961343,-0.012936831433377254,-0.013423012899520966,0.006901420933794961,0.02666824493567732,0.013289219486816427,0.011049927205813383,0.015267588829914067,0.010811033898629951
2023-05-31,0.006960361320305137,-0.012999239659911982,-0.009254575606097711,0.0011954883845826936,-0.0017315806279020686,-0.02508693293981455,-0.0032206620644294826,-0.007843274213395854,-0.011500442399543367,0.0041181658226890445,0.0,-0.013289219486816477,0.06385145321968218,0.029852903083956557,0.0
2023-06-01,-0.00579695369217593,-0.0037452871423481232,-0.004140871399559136,-0.0108110022385407,0.01156476013673729,0.008050536328491464,0.0,0.005235702599195195,-0.005271621651329969,-0.020762084339229183,0.0,-0.0033500836743294692,-0.07490138042549552,-0.029852903083956505,-0.010811033898629828
2023-06-02,-0.002328236946896449,-0.0037593670680115495,-0.016736888642055237,0.007220240945506122,-0.006992950965126303,0.006849282448125584,0.006430984755445019,-0.013140907821225765,-0.004237170268549563,0.008356509945641726,0.025975406983346855,0.006688981750297954,0.021978948271032677,-0.01526758882991401,0.0
2023-06-06,0.0,0.0,-0.008474449154270997,0.0048311522463164325,0.031090638715057895,-0.030025189845490345,-0.009661965564084354,0.007905205222030545,-0.012820770699479959,-0.0013877582212167392,0.02531788343320815,-0.010050326220427584,-0.02197894827103267,-0.007722006289555875,0.02150623342840892
2023-06-07,0.0,-0.0018848866246868202,-0.0021299667097718377,0.003607980462607243,-0.027588050574549494,-0.0023475635393950425,0.003230980808639357,0.0,-0.003231099331226185,-0.0013898400276488837,-0.07796153535223221,0.01005032622042762,0.0,0.015384937830106062,-0.010695199529779048
2023-06-08,0.002328236946896541,0.005644253692698409,0.0031930809668215573,-0.009650447008672581,0.0,0.012843256003899708,-0.0016140545465317664,0.0,-0.016313389003451754,0.01947204261669573,0.0,0.0066445364029446095,0.021978948271032677,0.0,-0.010811033898629828
2023-06-09,0.0023228288485126216,-0.007533030574323556,-0.008537759328953483,0.007246552248237704,0.001746747643327706,0.003474144857643562,0.004834716610961343,0.0026212419617577,0.006557442052623163,-0.004140801397240976,-0.027398971922381218,0.006600677798729651,0.010810936210145967,0.011605452651362176,-0.010928979286246428
2023-06-12,0.0011593611218805914,0.001888776881625274,0.0032102792987386912,-0.0024095585512902006,0.015584757416284288,-0.009291548339942744,0.00641037218174349,0.007822822116180763,0.008676589667834236,-0.004157867398594428,0.0,-0.003294892790826186,0.026526769398255684,-0.007722049097351206,0.021740013184876384
2023-06-13,-0.0011593611218806837,0.0018848866246867603,0.009569348878383555,0.017932151380892245,-0.008628119162638998,0.015055304230137985,0.007955521402208326,-0.010444064077938558,-0.013043514674147919,-0.00557115765664405,0.05406721685805845,0.07316458237427723,0.0,0.015385020922073979,0.010695199529779126
2023-06-14,-0.0023228288485126628,0.0037593670680115465,-0.007434949814990493,0.0011841246735546248,0.0051858168190976415,-0.0023014566101682947,0.0,0.0026212419617577,0.006543023845700656,0.002789458548009135,0.0,0.024243588837562967,-0.005249399075757896,-0.015385020922073988,0.0
2023-06-15,0.0,0.0,-0.008565411580457566,0.005899744806120585,0.0,0.009174336313252384,0.006319142960090159,0.007822822116180763,-0.009830778029824535,0.0027816991086350045,0.0,0.0,-0.026668194516291988,0.0,-0.010695199529779048
2023-06-16,-0.0034945580242055374,0.0037452871423480313,-0.005390778497836089,-0.005899744806120456,0.02721248697600669,0.013605831093260278,-0.02713667941711085,0.005181304058932218,0.009830778029824553,0.0,0.0,-0.11069739069865656,0.05264376174364244,0.007722049097351144,0.0
2023-06-19,0.009291511716381413,0.0,0.010752880676471862,-0.005934694888941047,-0.006733950417466913,-0.013605831093260363,0.008058092489495903,0.0,0.002171839018327267,0.0013878018875809971,-0.026668244935677255,0.0033388980759683543,-0.010309454305411183,0.0,0.010695199529779126
2023-06-20,0.0,0.007448753629666652,-0.005362102178635795,0.011834439695061464,0.013422940793744668,-0.0011422749865542725,0.0032051778589992103,0.002580725517502768,0.0,-0.004169500996216091,0.02666824493567732,-0.023609842855105975,-0.09220619461701009,-0.08841078152920127,-0.010695199529779048
2023-06-21,0.010350865927161786,0.0,0.0074987815060730744,-0.013025616880926894,-0.021904863915535245,0.006833860228057594,0.011137735244136948,0.007702244231053593,-0.0032594132182621922,-0.001393756639445946,0.0,0.036855057056780174,0.02801305302805914,0.02489755682571831,0.0
2023-06-22,0.001143713559116925,0.0037038887445730293,0.01588177110870548,0.003569346709346947,0.008481923121790578,-0.006833860228057715,0.02345690524391669,0.002554217698929362,0.0010875741999347693,0.0,0.025975406983346855,-0.01993419595197219,0.016438722134367846,-0.024897556825718252,0.010695199529779126
2023-06-23,-0.001143713559116961,-0.0018503375281574991,-0.012685174324549185,-0.005955966259833669,-0.010186890327643713,-0.003434372151120628,-0.01244185397873132,-0.010256461929982972,0.0,0.0027854975422821515,-0.025975406983346883,-0.006734025694352127,0.0054201120163520885,0.04919015361356869,-0.02150623342840899
2023-06-26,-0.0045869949271658715,0.00185033752815755,0.005304983105218708,0.003577796736352058,0.005106458923239282,0.0011460816196121808,-0.0015661939647397568,-0.005168057346302291,-0.0021760988393869736,-0.005578775759217266,0.0,-0.006779680410128465,0.02666819451629203,-0.008032174134410968,0.0
2023-06-27,0.0011487719903570258,0.005529807888479226,0.0021142059058268407,-0.002383711235637672,-0.011955802810593693,-0.009206070075216625,0.007806386751681965,-0.0025939722301324786,0.0010885246394520122,0.0013975763083720204,-0.026668244935677255,0.006779680410128444,0.005249399075757768,0.008032174134411046,0.010811033898629951
2023-06-28,0.0022935270610406917,-0.0036832106028068766,-0.002114205905826759,0.0011925340497723222,0.008554311093207834,0.020595695951343005,0.0031058057300076126,0.005181304058932218,-0.019780756849446243,0.0013957019085629999,0.0,0.0033726812242225266,0.0460439254918524,0.02371653370027374,0.010695199529779126
2023-06-30,-0.011520933773176175,0.0018434084626452977,0.003169466049052354,-0.004779076604189863,0.003401491717385958,0.0,-0.0015516971118344,-0.005181304058932164,0.004429793422556339,-0.0013957019085630096,0.0,0.003361344470129735,0.03922066169240961,0.015504094215358904,-0.010695199529779048
2023-07-03,0.013809343208061224,0.003676439649541076,-0.003169466049052293,0.010720824005441724,-0.0016992572956565093,-0.006817968369008471,0.0015516971118343758,0.023107507373396396,0.0055096707876686425,0.0055711576566440735,0.02666824493567732,0.052299526411322544,0.0377404573157207,0.007662971824722705,0.0
2023-07-04,-0.005730708486282813,0.0018331636381497243,-0.001058724957287427,0.0011841246735546248,-0.008539785053692907,-0.002283366975609446,0.0,-0.007643233565908125,0.0032911255293722563,-0.01680715170964209,-0.026668244935677255,0.018927991377707627,-0.00930234965738724,-0.031010146675903665,0.0
2023-07-05,0.0,-0.00735301175033611,0.0,0.0011827241805070694,0.0,-0.0011432794734259546,-0.006221118936776486,-0.0025608991173725645,-0.005491517777472745,-0.0028289906758561657,0.052643651919024044,0.024692588966579433,0.0,0.015625125753829634,0.031748568890780406
2023-07-06,0.003442299051397814,0.0,0.002116443085439959,-0.001182724180506997,-0.005159062804785802,-0.013825225990942519,0.001558953924773538,-0.005141345113680895,-0.0011019553137919383,0.0,0.07410797215372183,0.00304413950903459,-0.009389816747561282,-0.015625125753829613,-0.010471212585699403
2023-07-07,-0.006896554372866932,-0.003696934813829909,-0.0031762901293486295,-0.0011841246735545547,-0.0017257337941613531,-0.0011607764714656275,-0.006250027469686642,-0.007762029576434763,-0.002207323225776082,-0.009964386581422922,0.0,0.003034900840367581,0.0,-0.007905281016813141,0.031090527081890966
2023-07-10,0.0,0.0036969348138299976,-0.0021232968469727695,0.0011841246735546248,0.005168036137702884,0.0046349213291090674,0.0031299388012544457,0.002593972230132566,-0.002212443829562821,0.009964386581423039,0.0,0.02099025638271681,-0.019048290910772248,-0.007968172047638692,0.0
2023-07-11,0.008041250248634871,0.0036832106028068224,0.004241868848168786,0.002364114231187934,0.010256545514937277,0.0023094903888692783,-0.0062695349483958725,0.0025873318287995767,0.002212443829562969,0.004240451991103519,0.0,0.002963032947646213,0.019048290910772255,0.02371653370027374,-0.010256480583431572
2023-07-12,0.001143713559116925,0.0018366375093796343,0.0021142059058268407,0.0011799330349867361,0.0118344397336166,0.004603162004192914,0.0,0.0,-0.002212443829562821,0.01122023464631357,0.0,-0.017910980532380636,0.04609101622745488,-0.007843080635821915,0.010256480583431492
2023-07-13,-0.0022884094348851335,0.0054894401452241755,-0.002114205905826759,0.002355697539945771,-0.03071910441119283,0.0022934176821545354,0.00626953494839597,0.012837187447485738,0.007722114617231525,-0.009810916435057044,-0.024097477970359667,-0.006042308797982368,-0.009049678975798456,0.0,0.0
2023-07-14,0.007986399011250363,0.010889507763285462,0.005277101112729365,0.0023503493211667315,0.012058612698621487,0.01703639661132304,0.024692556984941962,0.017699563594236994,0.009841292639221504,-0.0028207795265039284,0.07061756219517852,0.06169358073792997,0.009049678975798336,-0.015873453064451794,0.04976154199322772
2023-07-17,0.005665770918660904,0.0018034097379236139,0.0,-0.002350349321166619,-0.006872795879523807,-0.010187114163197442,0.0015233341122045706,0.0,-0.0065501671098491445,0.008438732655198138,0.02247285432783802,0.011331555294538047,-0.009049678975798456,0.0,0.02871005120152617
2023-07-18,-0.00339573855451724,-0.009049854626251666,-0.004219382984576909,-0.003535630574932635,0.006872795879523816,0.0011370798968763803,-0.0030488273036646412,-0.007547229594957746,-0.0032911255293722867,0.001399685089427639,0.0,0.013986228915818986,0.009049678975798336,0.0,0.08149311061016466
2023-07-20,-0.0022700323641435243,0.0,0.0,-0.0011813900506809085,-0.001713733074738055,-0.0011370798968763933,-0.015384810113046508,0.0025220774594693555,-0.003302347561892504,0.0,0.0,-0.025317784210357158,0.008968630008097436,0.0314985788182815,0.017241773037298003
2023-07-21,-0.002275327296789725,0.012646946470583693,0.0010564877776742256,0.004717020625613426,0.006837550631963374,0.0011370798968763803,-0.0015516971118344,0.0025157325836711658,0.00440043637122427,-0.0013996850894277583,-0.022472854327838104,-0.020144546741592377,0.035091386506396684,0.015385020922073979,-0.008583671796910695
2023-07-24,0.015819567836753624,-0.0035970918443321326,0.0,0.0,-0.0034130163398341973,0.004535314664954844,0.010810907081267885,0.0,0.037699666440521876,0.0,-0.07061756219517844,-0.005830914636476495,-0.026202365589107695,-0.0076629718247228674,-0.04405995788638213
2023-07-25,0.00670384783830857,0.017857551373249785,0.01259199674834905,-0.005899744806120456,0.0,0.0011305326059836485,0.010695280285777913,0.01743511662277107,0.0010566631292695306,0.009756220942025029,0.024097477970359785,-0.002928256916969667,0.0262023655891077,0.04512063754894219,0.008968594593817093
2023-07-26,0.0022247083137561297,0.0035335390832723404,0.019618581829912152,0.011764886672199562,0.00341301633983424,0.005633570574155637,0.00757016910780919,0.007380062971048918,0.013634072593749259,-0.0027777600933799624,0.02353056759523462,-0.005882364128172204,0.008583705196668458,0.014598710859027891,0.01769954291075796
2023-07-27,-0.0011116719316859873,0.0017622010125730864,0.002042831435913319,-0.0046892453089353425,0.005097697826746177,0.02112393584390303,0.004514664566815655,0.007326063158759732,0.0,0.005547825604393323,0.02298951662958432,0.0029455073338171245,-0.03478607078577615,-0.007272669415310266,0.034486219974431624
2023-07-28,0.0,-0.0035274098177146837,-0.003065814223236842,0.0035189156690041694,-0.0016962061093601039,0.0010993989563836232,0.0015003161309950237,0.007272715798976435,-0.0031299693578491403,-0.005547825604393479,0.0,-0.0029455073338171475,0.0,-0.007326041443717718,-0.008510727795713713
2023-07-31,0.003331505250739017,0.005286408440443373,0.0020449201502238915,0.0,0.01013518243796012,0.005479513915948437,0.005979016918670681,0.007220270855498363,0.0031299693578491724,0.0,0.02247285432783802,-0.008889009583910989,0.03478607078577603,0.0,0.041847189087663654
2023-08-01,-0.0033315052507389515,-0.0017589986227287025,-0.004094140095548573,0.0023393536007123273,-0.001682023837968484,0.0,0.016260678048565833,-0.012062910771090512,-0.0052217345763223705,0.002777760093379871,0.0,-0.018018488730808243,-0.017241839581607066,0.014598710859027891,-0.024897447269677447
2023-08-02,-0.0044593426147639705,-0.005295740095845528,-0.0051414424076918356,-0.0070341658268602645,0.0033612232218799016,0.0021834260944450594,-0.002936902321932909,0.0024243841959606187,0.002091765218473107,-0.001387801887580984,0.0,-0.0030349008403676337,0.025752491407244078,0.0494800704782829,-0.008439014022272364
2023-08-03,-0.005602288905105041,-0.008889070918512411,0.0020597721517928752,0.005865141866079179,0.005020828925026049,0.010846073822718065,-0.011834550363096061,-0.00973253387297055,-0.0010451673905900202,-0.006968733965016251,-0.022472854327838104,0.003034900840367581,0.025106021980231104,0.00687296731821619,-0.008510727795713713
2023-08-04,0.0011229073157430908,0.00534289805616561,0.0071758103514476925,-0.0046892453089353425,0.0033334620123646958,0.0032309354022228695,0.00741296065980689,0.007308149677009948,0.004175136748439178,0.004187034856381212,0.02247285432783802,0.0,0.008230462018526575,0.013605569306187268,-0.008583671796910695
2023-08-07,0.0011218399837471533,0.0035461728623468612,0.004077555070480962,0.0023474025850505186,-0.013400623602143733,0.009630977876552118,0.0014760365732930456,0.0024243841959606187,-0.004175136748439188,0.0,-0.022472854327838104,-0.006079040349402174,0.0,0.013423023735363516,-0.01739182038180706
2023-08-08,0.005589571225700691,0.0052957400958455305,0.0020324511014216387,0.007009263775667283,0.0,-0.006410334722832876,-0.0044345818352850685,0.002418255719631443,0.004175136748439178,0.0,-0.02298951662958419,-0.006116221220186404,0.02429268671993987,0.03278983094681298,0.02597549217871777
2023-08-09,0.0033389849263640407,0.005267740763853417,0.020101239191788692,0.00927005329035422,0.0016851094428732619,0.006410334722832805,0.00884966430026617,0.007220270855498363,0.00415799995001296,0.004169500996216002,-0.023530567595234555,0.012195261569588601,0.007968235183020499,-0.012987198712623728,0.0
2023-08-10,0.0,-0.010563480859699102,-0.012012278113889736,-0.006944424704186536,0.010050213598157718,-0.010706834735412134,0.00877195557863284,-0.004807650683198487,0.009292792492308749,-0.0055632576356619765,0.0,0.02395328933036308,0.007905143672772355,-0.006557402170504284,0.00851072779571366
2023-08-11,0.002219833319052955,0.0,-0.003025724827122171,-0.012858191504029243,-0.003338943962750332,0.0010758568588599467,0.004357290320728639,0.0024066815549931087,0.007168554041251998,0.0,0.02353056759523462,0.00883657311252829,-0.04016606557573274,0.0,0.01680708567526028
2023-08-14,-0.002219833319052922,0.008810648697273984,0.005037836309474345,0.0023503493211667315,0.0016707825114983675,-0.009724407248132855,0.008849640118308863,-0.0024066815549931343,0.0,-0.0027932782169351267,0.045462370957422255,0.011661928398920107,0.02429268671993987,0.03236529241683486,0.0645385010768818
2023-08-15,0.003327873197630973,0.005249407849422799,0.00200807101823855,0.0011729498210276545,0.001668161451251796,0.001084967875698187,-0.004415030574821189,0.014354357729579487,0.009141764163128493,-0.005610073181114513,-0.04546237095742227,0.0057803573391555264,0.031498626756901696,0.05574192019839026,0.02316696663483388
2023-08-16,0.0,0.0034843922334602635,-0.0010034778569695813,0.002341842723885002,0.0,0.0010841349270836547,0.004415030574821136,-0.004762059322177309,0.010060475467033191,0.0014053566968212333,0.0,-0.017442285738075762,0.015385045519889038,0.023810655833009686,-0.015384791203204651
2023-08-17,-0.006666858123995038,-0.014010909696884549,-0.0020100891120043655,-0.008220839406024989,-0.008368189760189127,-0.009798634283525056,0.0058563940801527005,-0.007185616852409143,-0.004012139031174439,-0.02129246799915637,0.02298951662958432,-0.0029368567943550963,0.015151832081359038,0.005865121185033079,0.04546228782097504
2023-08-18,0.0033389849263640407,-0.003533539083272404,0.0010054959507353447,0.002355697539945771,0.008368189760189137,0.008714499356441491,0.0029155394489391202,-0.007237557446924556,0.0,0.017070228054071372,0.0,-0.011834516917728074,0.01492558208532752,-0.005865121185033089,-0.007434820929602119
2023-08-21,-0.0011116719316859873,0.00705473871857422,-0.0030196336603857048,0.0174931621689815,-0.006688990376277864,0.003248656967778937,-0.017621573647400798,0.002418255719631443,0.018915480371812343,0.0,0.10763065719339361,-0.018018488730808243,0.021978900562885435,0.05715836034484201,-0.022642675688168336
2023-08-22,0.00222223625775471,0.0017559099786996688,-0.0020182026490887387,-0.0011567920093511679,0.006688990376277778,0.011821616737227973,0.01031699590998469,-0.0024182557196314714,-0.007920813724924262,-0.0014114613152473956,-0.020619285919590873,0.01503786334626105,-0.01459873288322921,-0.011173163045890671,-0.007662809418338448
2023-08-23,-0.002222236257754695,-0.008810648697273849,0.0,-0.008134794667722437,-0.013422940793744759,-0.019417915667968307,0.0,-0.012180523238104767,-0.006982527615713571,-0.0014134563545442791,-0.02105340786008556,0.00891542598410196,-0.007380167679656301,-0.011299629210587026,-0.007721981784866135
2023-08-24,0.00222223625775471,0.0017683302781308305,0.0,-0.0058512261707413206,0.0050547510335557065,-0.01205516276814212,0.0,0.0,0.0010005245969588782,0.001413456354544312,0.02105340786008559,0.01176483002949803,0.007380167679656332,-0.005698022749952657,0.015384791203204636
2023-08-25,0.0011092689929843545,-0.003539896496362699,-0.0020221759441339813,0.0011729498210276545,0.00335566709926846,0.0033022948682036343,-0.004408542614153893,0.0,-0.00300458195644508,0.011235994052997994,-0.02105340786008556,-0.008810621045141976,0.02898749671771292,0.0716560088085652,-0.015384791203204651
2023-08-28,-0.002219833319052922,0.0017715662182319076,0.002022175944133879,0.0011715130839538013,0.0,0.007662940010393351,0.005873593623546516,0.0,-0.007045890400510835,0.0041811994508451685,0.02105340786008559,0.0,0.05556986345470577,0.06686296255685135,0.0674412937771715
2023-08-29,0.009950389941765926,0.008810648697273984,0.00403234035873919,0.007001272103780772,0.005012522660920804,0.0021784395138098422,0.010196844476079443,0.014598778957736327,0.0020182133006281925,-0.0013917409028361555,-0.04255961168513958,0.029071786609384233,0.10265409736056576,0.06733313638578596,0.0
2023-08-30,0.0021976278880955795,-0.015915406608409,0.004016038867506619,-0.004661918503068388,-0.008368189760189127,-0.00874295628655036,0.0,0.021506208040644174,-0.00809729901216321,0.0027816991086350045,0.021506203825053985,0.002861229548440964,-0.043620583873670654,-0.004662014200523268,0.0631788256745264
2023-09-01,0.0043813195085564294,0.007104757911135194,0.0020021475517846147,0.008144134491060055,-0.011834439733616548,-0.0055036391540804995,0.004338337585598534,0.002361283680443731,0.00809729901216321,0.01242254432204281,-0.021506203825053933,-0.014388723630732781,0.006349279561743586,-0.004683850417417276,-0.013698729913883908
2023-09-04,0.0,0.0052957400958455305,-0.0050126904685560535,-0.0046457374000587765,0.006779688700060885,-0.001104488577925944,0.0,0.009389769978671648,-0.0020182133006281335,-0.009648712737837956,-0.021978905260825216,0.025752471505066855,-0.051959833559980545,-0.02375415223053382,0.006872821673692225
2023-09-05,-0.0021881976763057473,-0.0035274098177146837,0.0,-0.0011648767712859795,0.0,0.007705114381675692,0.0,-0.007034113374181897,0.0010096157983435397,-0.018169521978599595,0.0219789052608251,-0.017094417102432247,-0.027028636312718866,-0.024332108114961754,-0.07095159372083332
2023-09-06,0.0054616046526598985,0.0017652088051415317,-0.004028171963212775,-0.0035025442804964614,-0.003384225295044443,0.0010956690261228687,0.0,0.0,0.005032737815238377,0.016783492281975756,0.0,0.011428684924131866,0.04027380382039775,0.029128221578288788,0.02898738582807449
2023-09-07,-0.0010898624327326913,0.0017622010125730864,-0.001009664346261696,0.00350254428049657,0.0016934180270381613,-0.014340778544573959,0.0,0.0,-0.009077222733391217,-0.0055632576356619765,0.021506203825053985,0.016901794910049242,-0.02666812699633713,0.004773280474041969,-0.007168614172400691
2023-09-08,-0.0032771073720980954,-0.0035274098177146837,0.0,-0.0023335203197152495,-0.0016934180270381956,-0.005571211400401555,0.0014419654938854958,0.0,-0.0010137095175019612,-0.0027932782169351267,-0.021506203825053933,-0.05158731943009089,0.03322558178770386,0.014184758293164842,0.028370646747882537
2023-09-11,0.002185806323841985,0.0,0.0010096643462617649,0.011723171663652472,0.003384225295044549,0.005571211400401571,0.0014398892229517193,-0.002355656604489785,0.003038050930275015,0.009880012680179465,-0.021978905260825216,-0.03288790648890395,-0.03322558178770381,-0.00943415382949923,-0.021202032575481894
2023-09-12,-0.0021858063238418945,0.003527409817714662,0.0,0.0,0.006733950417466966,0.0033275852295244217,-0.007220192302436035,0.0,-0.005068558004498838,-0.002813000757818443,0.0219789052608251,0.04458393483670535,-0.03436766216908356,-0.014319998401034465,-0.014388709541575891
2023-09-13,-0.002190469234284781,-0.005295740095845528,0.0,-0.001166071736599898,-0.0033612232218798205,-0.0033275852295243866,0.004338337585598534,-0.0024125834436167447,0.011116894440357508,0.018144334600093237,0.0,0.07556039888238547,0.02758791954132114,0.0,-0.021979005956196486
2023-09-14,0.0011318200048543155,0.00705473871857422,0.004028171963212758,-0.002336416229620831,0.0016820238379685688,-0.0011119732264114268,-0.007241105484298281,0.007220294165873634,0.00200808167168822,-0.006939574972645947,0.0,0.029218518241229684,0.04000532441546627,0.0,0.0291991013253716
2023-09-15,0.007887383727338612,-0.012378569277230413,0.008008096280005485,-0.008220870871578962,0.00335566709926846,-0.012311045521519012,0.005797057723008035,0.004784707190099315,0.008986584975199744,0.0027816265199303155,0.0,-0.005249350958782499,0.019418081052164863,0.0,0.0071686141724007545
2023-09-18,0.0022421321988356727,0.00709216083678704,0.0,0.009389915862046763,0.0,0.0067338543563799135,0.0,0.002383699962080772,0.007920813724924203,-0.005571087208323819,0.0,0.00524935095878255,-0.006430861345672659,0.03774051408143396,0.007117408582715471
2023-09-19,-0.0022421321988355947,0.003527409817714662,-0.008008096280005426,0.004661884314595531,0.0,0.005577191165139176,-0.004344697244139638,0.0,0.0,-0.001397653689985541,0.0,0.0,0.0064308613456727625,0.022884182517357247,0.027973977636351316
2023-09-20,-0.005627454650366089,0.0,-0.0030196336603857048,-0.0023284413388426715,-0.0016764677153570716,-0.017957816256715723,-0.004363578975116133,-0.00238369996208072,-0.0019742764009150174,-0.005610155748827079,0.021506203825053985,-0.002621231022660009,-0.012903429235002338,-0.022884182517357125,0.020478447585958813
2023-09-21,0.004504469464584882,0.0,-0.0020182026490887387,-0.001166071736599898,0.001676467715357067,-0.0022674751165602247,0.0014566686468913547,0.004761922740861682,-0.005946537324009246,0.00280897437481567,0.0,-0.015873334137796888,-0.01307210660852922,-0.02342051568039944,0.0
2023-09-22,-0.0022496984537919936,-0.0017622010125731607,0.0,0.0011660717365998762,-0.0016764677153570716,0.009039629447889674,-0.0014566686468913774,-0.0023782227787809383,0.00989141116476513,-0.001403463117238306,0.0,0.0,0.0,0.0,0.0067341486228509944
2023-09-25,-0.0011267811919378574,-0.0017652088051415974,-0.0010105768227104527,-0.001166071736599898,0.001676467715357067,0.004489384701800669,0.0014566686468913547,-0.004773288235018821,-0.0019705974398409464,-0.0014055112575773504,0.0,0.007968162080333152,0.01307210660852923,-0.00475060446366564,-0.02033977453511761
2023-09-26,0.0,0.0,-0.0030379808528975295,0.0,-0.0016764677153570716,-0.0033653847191604937,-0.0014566686468913774,0.0023895882729381627,-0.0019742764009150174,0.001405511257577441,0.0,-0.005305047197217205,-0.01307210660852922,-0.01923136891369934,-0.006872821673692289
2023-09-27,0.0011267811919378088,-0.0018165374836515947,0.0030379808528975772,0.0,0.005889771721902574,-0.004504433712977649,-0.007315264882200637,-0.012005001355973013,0.008016083661326947,0.0,0.0,-0.0026631148831158277,-0.0132451675076789,-0.00975617854100307,-8.854372971580475e-08
2023-09-29,-0.0101868427554305,-0.012808900308932327,-0.01425680569551745,-0.01765780683870595,-0.01862877289064569,-0.0011291368611778538,-0.010332381132531486,-0.01951272029423795,-0.0029985194137003277,-0.005633784848946194,0.0,-0.00803216400634236,0.013245167507678767,0.0048900485248065725,-0.028370788220974403
2023-10-02,-0.004560968025845197,-0.0055402001259653695,-0.00205331812056445,-0.004761908211482047,-0.012037932202075885,-0.0011305326059836442,0.005917350557710185,0.0,-0.009049885369248573,-0.00708712200840788,-0.08894748004330139,0.0,-0.019934210962330473,-0.034742895706076096,-0.029199063600503478
2023-10-03,0.002283084314335357,0.0036967703189216185,0.0,0.007134291779836519,0.00517684385888932,0.0,0.002945518485682963,0.0,0.007045795241318022,0.007087122008407858,0.0,-0.002691789074430514,-0.0203395928580673,0.0,-0.007434883996821731
2023-10-04,-0.00457158314602608,0.0036833632640932293,-0.006185593769523643,-0.0023723835683544504,-0.00172269542494569,-0.022884434460642443,-0.0014716747333398692,-0.002466063918807548,-0.0010034474523688834,0.0028207840911277783,0.0,0.005376351867712715,-0.020761985345022924,-0.030771732199142192,0.0
2023-10-05,0.0034306609709221047,0.003669741887233013,0.0041279408796874644,0.002372383568354455,0.0034424282732501412,0.00115668737546893,0.005873593623546516,-0.002472359811500041,0.0,0.0,0.02298951662958432,0.01331576329339311,-0.021202201285622203,-0.01047130331902926,-0.030305541384137043
2023-10-06,0.0011409221751037426,0.007299224964649972,-0.0051627875465880746,0.00236683122148393,0.0034304492627140783,0.004613720026181852,0.0029239872790842057,-0.0024781543963630806,0.006006056993999864,-0.001409397443032484,0.044451759588663146,-0.007968162080333081,0.0071175258662395146,0.0,-0.01550408913785352
2023-10-09,0.0034148513011512303,0.0,-0.004149241053930491,0.007067377300882507,-0.0034304492627141806,-0.0046137200261819064,0.0,0.0,-0.005002609541630907,0.0014093974430325435,0.0,-0.02156415712729978,0.014084675419382757,0.05129331095587298,0.015504089137853483
2023-10-10,0.010175325920155505,0.009049868069888733,0.00828155720322741,0.0035147985183640678,0.010256496699385713,0.006912652393062062,0.0014588708020478642,0.024511010365056787,0.0,0.007017645249068045,-0.044451759588663216,-0.0027285119907372265,0.041101578203090176,0.009950333969981165,0.03030554138413697
2023-10-11,0.001124247699425534,0.0035970371046252655,0.0,-0.004689210857740302,0.011834412137182131,0.0022934176821545354,0.0,0.004830871499468531,0.0020040901279306973,-0.004204644491249689,0.02247285432783802,0.005449599457100964,0.0,0.0,-0.015037875932863374
2023-10-12,0.010061569463675596,0.003584449492644769,0.001030471397291281,0.007025627087361184,0.0016792195489599836,-0.011520784301342814,0.0014566686468913547,0.007202829639418148,0.0010005409320269242,0.008391758869628868,-0.04546237095742227,0.013495468447875933,0.0,0.0,0.029852867227307636
2023-10-13,-0.001112986453778635,0.0,0.0,0.0034945130754424603,0.0,-0.002320207102982924,-0.005839526728023511,-0.002395118917161285,0.001997978481673358,-0.005586724238569302,0.02298951662958432,-0.008075406231589954,-0.013513658661769122,0.004938283175958561,-0.007380107297622534
2023-10-16,0.0,0.0,0.0010293007545016724,0.0,-0.0016792195489599687,-0.005824179822227945,-0.0073474373758896485,0.0,-0.0070106182390626435,0.0013996098601901086,-0.02298951662958419,-0.019100152734486845,-0.006825934196298161,-0.014888617145939729,-0.03007745523727795
2023-10-17,0.0022247355457503293,0.0,0.003081670255898952,0.0,0.003355706872543123,0.0023338055178891664,0.002945518485682963,0.002395118917161363,0.0030104502522918897,0.004187114378379154,0.0,0.010959003051836941,-0.006872935868444045,0.0,0.0076046953075928105
2023-10-18,-0.005571146698139721,0.0,-0.00205331812056445,-0.0034945130754424803,-0.005037834188253022,0.005810581407321659,-0.01481520646132234,-0.002395118917161285,0.004000167986770783,0.0,0.0,0.008141149682649703,-0.0714589151595704,-0.005012543405444393,-0.03861503174900772
2023-10-19,0.0011167768649715366,0.0,0.0,0.0,0.0016821273157099654,0.0,0.0,-0.012062993257523129,-0.004000167986770843,0.001391817850974019,-0.047628045565594294,0.0026990543638770567,0.014706174259928975,-0.01519010609201299,0.015625417601935424
2023-10-20,0.0033426207411965045,0.0017871139676940441,0.0010270764356924993,0.0034945130754424603,0.0,0.0,0.007435078432151649,0.004842699091649576,-0.01616177361325244,0.0,0.047628045565594274,-0.013568716037264155,-0.022141118935993732,0.0,-0.007782140442054963
2023-10-23,0.0,-0.0053715634603389815,-0.002055428571026921,-0.0034945130754424803,0.0,0.011520784301342827,0.0,0.004819295790176616,0.0030502424225991977,0.0,-0.047628045565594294,-0.016529351893171625,-0.061557906584392086,-0.00511503741063795,-0.039845908547199674
2023-10-24,-0.003342620741196597,0.0,-0.001029300754501585,-0.0011673712391530966,-0.006745386170887792,-0.003442314185021354,-0.008928656031212658,-0.004819295790176542,0.0,0.0,0.024097477970359785,0.005540175253055282,0.03891543709377039,0.025317686908095462,0.03200263138731923
2023-10-25,0.0044543698331682155,0.001793830780233268,0.0030847293255285785,0.004661884314595531,0.008424605719847659,-0.0034542655013259913,0.008928656031212677,0.004819295790176616,0.0030410733542618595,0.00416364469059363,0.0,0.005509716244311248,0.015151832081359038,0.0,0.0
2023-10-26,0.0,0.0035777326801055987,0.0,0.0,0.0,0.004603162004192914,-0.010424626021342512,0.00240099837569712,0.001011674950631102,-0.004163644690593571,0.0,-0.0027510306652944994,0.05129324648269678,0.019802571743567962,-0.023905421154699784
2023-10-27,0.0,-0.003577732680105709,0.0020513218631211427,-0.0023284413388426715,0.0016764873235830275,0.0011473360625422918,-0.004500987096773682,0.0,-0.002024374424039617,0.011065054356858872,0.02353056759523462,0.002751030665294551,0.0071175258662395146,0.028987547454702438,-0.008097210232619362
2023-10-30,-0.0011117490919716306,-0.0017938307802333542,0.0010241397670757429,-0.008191698823961117,-0.0016764873235831537,0.0011460816196121808,-0.007547306813275675,-0.004807710722256865,-0.001013726073356972,-0.002754806450366198,-0.023530567595234555,-0.011049891497366387,-0.014286074278164286,-0.024097498929895798,-0.008163103069446275
2023-10-31,0.0033315461742162967,0.001793830780233268,0.012448235382279852,0.01052014016280364,0.006689068903838758,0.005711028297616807,0.02838137322722275,0.0024067123465598386,0.004048646586978755,0.0,-0.024097477970359667,0.01379337475135257,0.049132735042569986,0.028848103393561298,0.008163103069446424
2023-11-01,0.0,0.0,-0.010362847757455796,-0.007001218655354056,-0.001668097825330569,-0.0011606651878896686,-0.017831132069715858,-0.0024067123465597263,-0.005063294394475101,-0.004146603215899189,-0.024692610750154068,-0.02496666493168699,0.013605676824060633,0.03263694081049792,-0.03306075585960041
2023-11-02,0.0,0.001790618712411587,-0.0010420956131811318,0.0011702893502906868,-0.0016708023376778133,0.0161294088790121,0.005979029279275981,0.004807710722256778,0.005063294394475159,-0.0013859562403425892,-0.02531788343320812,0.01947215101240628,0.03974023360486643,0.04922695741246174,0.016666946083923943
2023-11-03,0.0022148192969858416,0.0017871139676940441,0.0020832153545459753,0.005830929305063398,0.0016708023376778717,0.015873258737262537,0.005943649494609009,0.002395118917161363,0.007045795241318022,0.012405435186377935,0.07410797215372183,0.002751030665294551,0.0,-0.004376376046813962,0.016393809775676352
2023-11-06,0.007713555072670969,0.007117493654784135,0.003116980020405621,-0.004661884314595565,0.0033334177335007107,-0.004509548243017811,0.002958512281297945,0.01660780078615053,0.003004631059957685,0.0,0.0,0.016349122069192402,0.006472567889329653,-0.0043956129328022375,0.016129381929883717
2023-11-07,0.00438100554393561,0.0017714860625922418,0.001036801888291599,0.0,0.006633439316521769,-0.005665595883417614,-0.005925960439905274,-0.002355749900234606,-0.0050126397573893484,0.002735890218633623,-0.024097477970359667,0.005390843438307659,0.0,0.008771988979616091,-0.024292484999329914
2023-11-08,-0.0032839534810783855,-0.0035460150116902196,-0.009370144361716633,-0.007034173542951139,-0.00829875922469194,-0.02648418624992009,0.002967448158607251,-0.0071005398721162225,-0.0030196466300566574,-0.0027358902186335214,0.0,-0.005390843438307593,-0.006472567889329671,-0.01762138335863016,-0.016529404006314863
2023-11-09,0.0,0.0,-0.0031431044465861802,-0.003535635357910591,-0.010050415768508663,0.00116626055459883,-0.0074350784321516655,0.0,-0.00201813991382953,-0.013793314967672679,0.024097477970359785,-0.01634912206919231,0.01980269543891766,0.020112249571275057,-0.03390165719029166
2023-11-10,-0.004395630713583422,0.0017745289490980602,0.0010488727173268775,-0.0011814119088527318,-0.008453007663882931,-0.001166260554598985,0.0014914289375425166,-0.011947628306658135,0.002018139913829445,0.0,-0.024097477970359667,-0.0027510306652944994,0.0,-0.026907388097460263,0.008583743691391435
2023-11-14,0.0032985786507261894,-0.005333264149404657,0.005227378827732855,0.0035398074793881458,0.0033897488087052314,0.002331041941099044,0.005943649494609009,0.004796117292858307,0.005027655327488374,0.002773836021637343,0.09309041652301661,0.002751030665294551,0.0,0.026907388097460176,-0.034786004034502285
2023-11-15,0.0032876127355827866,0.005333264149404548,0.0031233611405979624,0.012873297644922002,0.011774774460678183,-0.005837703626085379,0.0,0.011890801797329605,0.003004631059957685,0.0137553691646688,0.0,0.0,0.019418071816702725,0.013186973144524116,0.0517356687495633
2023-11-16,0.0,-0.0017745289490979838,0.004149255768989912,-0.0034945130754424803,0.0,0.0011703550182964953,0.001480389341278338,0.002361249088586202,-0.0010005409320269954,0.0,-0.0689929385526568,0.0,0.01273909526851613,0.030109696878829043,0.024897652790154098
2023-11-17,-0.0021905606727255895,0.0,-0.011452441292580539,0.0,-0.005029388289790427,-0.023669827151800674,0.0029542202022093214,-0.002361249088586257,-0.003007537580299507,0.00951746118624349,0.06899293855265677,0.0,0.006309086191605582,0.012631926240297511,0.024292484999329872
2023-11-20,-0.0010970520628571226,0.0,0.005221919996173804,0.002331031703181553,0.0,0.0035863728925486908,-0.005917350557710228,-0.004739290783529854,0.0010034474523689418,-0.016371420684647045,-0.022472854327838104,-0.0027510306652944994,-0.012658387922244657,-0.012631926240297502,-0.040821889005644825
2023-11-21,0.0,0.0,0.0,0.0,-0.006745386170887792,0.004761930642931915,0.001482741014222592,0.014151268864764087,0.005002609541630937,0.005487023618572656,0.02247285432783802,-0.00275868557901671,-0.025807865354579757,0.0,-0.008368248783839294
2023-11-22,-0.0010983784969505316,-0.005342964705686021,0.0,-0.015249623752048984,-0.006791279820028162,-0.010746425833615727,0.0,0.0,-0.004000167986770843,-0.012388433284837977,-0.0689929385526568,0.005509716244311248,0.0,-0.025752437639092043,0.0
2023-11-23,-0.0010995253976041504,0.0,-0.0031298786480160445,-0.002366831221483929,-0.005123793582937796,-0.0036079387543067674,-0.005943649494609021,0.0,0.004000167986770783,-0.004163644690593571,0.0,0.016349122069192402,-0.019802612694164997,0.0,0.0
2023-11-24,0.0,0.0,0.0031298786480159894,-0.00475059768392928,-0.006872877535964257,-0.007255228435527004,0.0029762013360016956,-0.0046949790924134295,-0.0019979784816733437,0.0,0.04652008422481878,0.024033176491501235,0.006644537786862322,-0.008733587305677278,0.057158307438660946
2023-11-27,-0.0033058485928143897,-0.0053715634603389815,-0.006269474440913987,0.0,0.0,0.00363428793688697,0.002967448158607251,-0.002355749900234606,-0.01612950611714522,0.0,-0.02298951662958419,-0.024033176491501183,0.019672670592042803,0.008733587305677297,0.04652011155726626
2023-11-28,-0.0011041991937935914,-0.010830264648309454,-0.004201777203952624,0.002378214115574829,0.006872877535964149,0.0,0.002958512281297945,-0.0047282141263034925,0.0050685337262874885,0.0013898086689563475,0.0,0.0,0.0064725904214164255,0.004338463193880864,-0.02298961414707218
2023-11-29,-0.0011056033915083632,-0.0036364838243322303,0.0052493316486929755,0.0,-0.001713753634310361,-0.008500495371543633,0.004421615747872683,0.004728214126303429,-0.001011674950631191,0.0,0.0,-0.008141149682649845,0.006430885710546154,0.01716772826643396,0.015384918839479456
2023-11-30,-0.006659351924980681,-0.007312673412363884,-0.00524933164869288,0.0011870208323600025,0.0,-0.018461922000190277,-0.00589973868789238,0.007050728992647931,0.011072106409461881,-0.0013898086689562669,-0.047628045565594294,0.0027210874663637827,-0.006430885710546282,0.008474642570891018,-0.023167059281534418
2023-12-01,0.0022247355457503293,0.0036631248864088806,0.007341372996850521,0.0,0.001713753634310406,0.02332812943484689,-0.001480389341278277,0.011641564680806168,0.002998519413700387,0.008310247906492835,0.0,-0.010929059852906334,-0.039478865253199213,-0.03871442133688308,-0.05623971832287608
2023-12-04,0.0,-0.003663124886408746,0.004170998389380985,0.0011982135051835801,0.0,0.007255228435527062,0.0,-0.00930247224220733,-0.004000167986770843,-0.0069204392375364476,0.024097477970359785,-0.008275967183016215,0.0,-0.017699718846221908,0.0
2023-12-05,0.0011104530766269532,0.005489512245688181,0.0,0.0,0.0,0.0,0.008849640118308863,-0.007034071531012153,-0.0010024415548601422,0.0,0.0,-0.0027739243143501727,0.02649167914704283,0.004454523992469563,0.0
2023-12-06,-0.0011104530766268765,-0.0018263873592793856,-0.011512371386231514,-0.0011982135051836471,-0.006872877535964257,0.002406717530191268,-0.008849640118308855,0.0,0.0020040901279306973,-0.004216501418150887,-0.024097477970359667,0.0,0.006514595684739969,0.004434549775168569,-0.008298697300084758
2023-12-07,0.0011104530766269532,0.0036495485259550827,0.006296008933211892,0.0011982135051835801,0.0034424282732501412,-0.006027658028831191,0.007380128029170635,0.0023502764117823887,-0.009049885369248573,0.0,0.047628045565594274,0.0,0.0,0.004415080549392436,-0.01680722383099159
2023-12-08,0.003324163302603605,0.0018198432981277454,0.0020897457845807836,0.0,0.0068493395258156075,-0.008500495371543633,-0.00442161574787275,-0.004706026312016975,0.001009525917027594,0.0,-0.09763853974895646,-0.002781640379193324,0.09294620216602067,0.06398765993412685,0.00843897504715222
2023-12-11,0.001105603391508456,0.0018166405262045498,0.0041667624544907,0.0,0.0017049033198365383,-0.0036651162137875015,0.0,0.0023557499002346523,0.0,0.005618035390347884,0.07410797215372183,0.002781640379193226,0.10120989761139046,0.036515324809330216,0.008368248783839322
2023-12-12,0.0022074244587339345,-0.0018166405262045116,0.0010389562721344974,0.002392253518998235,0.005097925523774489,0.002444902764906462,0.004421615747872683,0.0,0.00201621171635461,-0.00702747095639068,0.0,0.0,-0.02162244805467976,-0.020121587495951748,-0.025317913498900155
2023-12-13,0.0,-0.0018198432981276977,-0.0020791020581864667,0.004767717753918745,0.001693354296253502,-0.006123628740825877,-0.011834569634388463,0.0023502764117823887,-0.005047958673595656,0.005625862266989917,0.0,-0.002781640379193324,0.016260508838567188,-0.024692554641355228,-0.017241916536719942
2023-12-14,-0.0022074244587339635,0.0018198432981277454,0.008290165138315488,0.02234078970437613,0.008424605719847659,0.006123628740825886,0.007412953886515735,0.00934575453596444,0.00906801628153118,0.00838011282462404,0.0,0.002781640379193226,0.026526735118087924,0.02061937363777494,0.0
2023-12-15,-0.0055402197707387895,0.005439845566317727,0.006172938573821965,0.030912183756723315,0.006689068903838758,0.006086420883537566,-0.007412953886515677,0.002322979354155596,-0.002008008697431645,0.008310249304876243,0.02353056759523462,0.019257863883908814,0.0,0.004073181003580102,0.0
2023-12-18,0.0,0.003610022503570849,0.004094259621898779,-0.013620870629840843,0.0016653199081700914,-0.0012143493950142659,0.027881486773802054,0.009237834434129615,0.0040120988253622885,0.0,0.0,-0.030431154064243314,-0.026526735118087917,-0.016393737313378447,0.01724191653672009
2023-12-19,-0.002224735545750215,-0.0036100225035709445,-0.005120529742627013,0.006833893509713905,-0.0033334177335006456,-0.0012156998158652738,-0.0014481537731275674,-0.0023014086674878853,0.0010005409320269242,0.006872840031056521,0.0,-0.045985069119416466,0.036943488568978874,0.036515324809330216,0.025317913498900113
2023-12-20,-0.0011141032218619383,-0.005439845566317792,-0.001027109198722992,-0.007977539869096011,0.0033334177335007107,0.003643051308266371,0.001448153773127547,-0.004618892295324669,0.0,0.0,0.0,-0.0029455073338171475,-0.005194813192711741,0.007936366494236182,0.03278971730838061
2023-12-21,-0.008958727487460575,-0.009132516710491612,-0.024975276885438474,-0.0011445960379910705,-0.0016653199081701953,-0.006079209532043545,-0.0028985611929587367,-0.01164156468080611,0.0,0.0,0.0,0.005882364128172348,-0.0052219402581793525,-0.019960729128083044,0.008032171697264253
2023-12-22,0.0,-0.00551981340548455,0.0,0.0,0.003327871136043475,-0.0073438421897069,0.0028985611929587267,-0.0046949790924134295,-0.0010005409320269954,0.006825926347797692,-0.023530567595234555,0.028903718295038665,-0.005249352123982278,0.012024362633846833,-0.024292484999329914
2023-12-26,0.0,-0.003696770318921584,-0.02561505405967412,0.0,-0.00332787113604343,0.0134230517217504,0.002890183812471022,-0.002355749900234606,0.0010005409320269242,-0.0068259263477977155,0.0,0.0,-0.010582101686145007,-0.003992077372770509,0.016260313302065593
2023-12-27,0.001124247699425534,-0.001853575281629766,0.0,0.001144596037990932,0.0016653199081700914,0.0,-0.0014440477612902296,0.0023557499002346523,0.0,-0.0013707943255174587,-0.04879008872051374,0.008510681608948401,0.005305048387273902,0.011928443867006672,0.008032171697264253
2023-12-28,0.0011229851857812048,0.012903450751877446,0.017149323156582196,0.0,0.0033221789616532105,-0.002427351492401136,0.0,0.007034071531012237,0.0,0.001370794325517597,0.04879008872051373,0.0084388607223491,0.0,0.003944834231613182,-0.008032171697264267
2023-12-29,-0.0022472328852068367,-0.0018332917458416748,0.004241879402700062,-0.004586987781594965,0.0,-0.0012156998158652738,-0.001446136051180855,0.002333633850820763,0.00399197300387612,-0.0013707943255174587,0.0,-0.014104592900649505,0.0,0.0,0.008032171697264253
2024-01-02,0.0033688963684527042,0.0,-0.012779779020882802,-0.0023014082665617774,-0.006655596695153912,-0.0048780125451542995,0.0014461360511808317,-0.002333633850820816,-0.005994162508973573,0.0,-0.04879008872051374,-0.028820410808716907,0.015748345681032644,0.011741790151824411,-0.008032171697264267
2024-01-03,-0.0033688963684525767,-0.007366437828456548,-0.008611423538399438,0.009174203076884898,0.0,0.008521063853420802,0.01149441260306248,-0.0023390924385988006,0.007984188928085393,0.014976369459368649,0.0,0.0,0.0458095659413603,0.08571353205507512,0.05491575759611463
2024-01-04,0.015625294265109568,0.009199729574298167,0.02033244614096269,0.004555939299746271,0.0033334177335007107,0.0036297025418270132,0.014184600953838595,0.00467272628941974,0.035159859996099954,0.0026991854275578396,0.0,0.0029197072579049094,0.019705117165777313,0.0689929069042372,0.037457562534900415
2024-01-05,0.0033166909544954846,0.007299224964649972,0.0042282059970008695,-0.0034150219890464397,0.0,-0.0060570540342280155,0.02503622257785079,0.009280889297333735,0.00764832983249864,-0.0026991854275577793,0.0,0.014472018626680403,0.07966739837027229,0.07076903547092149,0.036105004642116356
2024-01-08,0.0,0.0018166405262045498,0.007356914676924061,0.0034150219890463547,0.006633439316521769,-0.0024329424419414895,-0.004129477678325414,0.006904559151844099,0.0038023398263944638,-0.004062343435562489,0.0,-0.008658054402634622,0.013422954732700079,0.06609015301188052,-0.014286048339235347
2024-01-09,0.004405373990418601,0.007233227543684106,0.0041798243829925304,-0.001137085034598005,0.0033003320861216268,0.0012172426260763263,0.0041294776783253545,0.006857029444981192,0.001895612312317074,-0.002717305350491016,-0.02531788343320812,0.02008673932676642,0.004434648813844724,-0.011695987194445418,-0.021818956302880936
2024-01-10,-0.011049792954950888,-0.005420086928560688,-0.01470618863859803,-0.0034188542651481897,-0.0016488453178885383,0.0012156998158653592,-0.002751113791128958,-0.018391172974089577,-0.007604708281989571,-0.0068259263477977155,0.05001049418336211,-0.02008673932676646,-0.008889051371224305,-0.005899732050931134,-0.029852867227307654
2024-01-11,0.0,-0.005449624439455651,0.0,-0.0011421606693461297,0.0,0.00242735149240106,0.006863464349602762,-0.002322979354155713,-0.003824050607400585,0.0,0.0,-0.002902756845474009,0.0,-0.0029630804872926705,0.02247275992968518
2024-01-12,0.0066444189645324956,0.003636483824332186,-0.004241879402700048,0.0011421606693460488,-0.004962747123101688,-0.0012130020973869107,-0.0013689294709784577,0.0,-0.009624597245372282,0.001368990697820039,-0.024692610750154068,0.008683114184629458,0.05218582454543274,0.08800005859383636,0.00738010729762246
2024-01-15,0.002205173836642801,0.010830264648309424,0.00741132898138137,0.0034188542651481784,0.004962747123101747,0.007255228435527062,0.0,0.013857122883264187,0.015355403996050704,0.012236584436031284,0.0,0.0,0.01680710604491395,0.03995202251585662,0.036105004642116356
2024-01-16,-0.002205173836642847,-0.0035970371046253765,-0.007411328981381445,-0.0011382006203248906,-0.008284926084754975,-0.006042226338140089,0.006825912357668997,0.0,-0.0038168528154182177,-0.006779648786053482,0.04879008872051373,-0.014514028821106075,-0.04691693920928179,-0.04813758753735725,-0.03610500464211632
2024-01-17,-0.0011041991937935914,0.0,-0.0063964690285936866,-0.00685726448311226,-0.0016653199081701953,-0.004860293934342725,0.0,-0.002296309094978808,-0.0019139539352601989,-0.013698766378854166,0.0,-0.011764830029498071,0.013015412499688916,0.03499673763606273,0.007326040092072881
2024-01-18,-0.0033204226884941987,-0.0018034334621411894,0.007458599176315001,0.0022908038095605827,-0.006689068903838732,-0.0036607699190781655,-0.001361402494209045,-0.00923783443412965,-0.007692354583851881,0.00412929654558044,-0.04879008872051374,-0.03308576427689502,-0.08544519741717671,-0.05715834825237894,-0.029631702405218525
2024-01-19,0.0011079309277922838,-0.0018065890414297235,-0.0021252782202100385,0.0,0.006689068903838758,0.0024418543213772267,-0.0027285223278681707,0.009237834434129615,0.007692354583851874,-0.005509698262123305,0.0,0.009132474946532125,0.023202822770835668,0.011142196175006915,0.03690446173429825
2024-01-22,-0.0022172749334099526,0.007207059608196351,0.01163413316502606,0.0,-0.0050125815802555635,-0.0024418543213773586,-0.005479408623087214,-0.0023014086674878853,0.003824050607400493,0.0013804017165428043,0.0,0.018018488730808087,0.04922696214665221,0.051293284086123866,0.028573372444055948
2024-01-23,0.008839814480719948,0.005371563460339065,0.005243935850287256,0.0011436463593820611,0.005012581580255708,0.0012216408724963419,0.004112350558473806,0.0023014086674879326,0.0019067561432780237,0.012337303482849274,0.04879008872051373,-0.011976179932825855,0.013015412499688916,-0.013245217181139884,0.00701757265864654
2024-01-24,0.0010995253976040639,0.0017842295053793844,0.00313314709847355,0.007968279795079964,0.011599091310813598,-0.007352905465599257,-0.0013689294709784577,0.004587234347979354,0.0019028269288045093,-0.0027285719632611756,0.0,0.0,0.021322701297403202,0.0417815423001239,0.04779057942465214
2024-01-26,0.0043859912325332805,0.0,0.0,0.004524838601526969,0.001646049773736429,0.001229276724773447,0.002735987535591923,0.0,0.0018995128975900777,0.004090034859266254,0.0,-0.003016590718982364,0.03319804717902351,0.015228747054820175,0.006644710983036253
2024-01-29,0.009798660884630472,0.007104750211996819,-0.0020877830348348405,0.0011277522332337967,0.011447342862148126,0.009780000413483926,0.02028458618907911,0.009111514693341085,-0.0038023398263945306,-0.0027248545790729993,-0.024097477970359667,0.0,-0.0289874653531773,-0.005050587246255592,0.019672681746033382
2024-01-30,0.0010827969854098013,-0.0017714860625921867,0.0031298786480159894,0.0,-0.01474223795377317,-0.00365637167265805,0.0,-0.002269939587590076,-0.001906756143277946,0.0,0.0,-0.006060618919367702,0.004192927137071648,0.06136896430909562,0.0
2024-01-31,0.0021621427018655493,-0.007117493654784004,0.0,0.0,0.0065790505541971096,0.002439129046581764,0.004008103491143146,-0.002275470913770251,0.022642503755159655,0.002724854579072949,-0.024692610750154068,-0.037155941225776395,-0.021142579053508304,-0.021661505398524055,0.0
2024-02-02,0.008602241706271293,0.0035650791535165637,0.002081265527416736,0.0,0.00163804193788593,-0.007335053878302746,-0.001334226777476592,0.009070435528680712,0.012975198315772435,0.0,0.024692610750154113,-0.015898646815070732,-0.04367503508756643,-0.04224228759179711,-0.0196726817460335
2024-02-05,-0.0021436626925082757,0.0017778855521694446,-0.002081265527416811,0.003376822019260472,0.0048979269295523105,0.003674283959224616,-0.001336079992883194,-0.00452502502732037,-0.011111189116754567,-0.0040900348592661845,0.0,0.01904825264330729,-0.027150970765587267,-0.05209507352324849,-0.006644710983036171
2024-02-06,-0.0010734381998638372,-0.0035587352003066002,0.002081265527416736,0.003365222998400357,0.004874134262791816,-0.0012232618924101137,0.0,-0.004545410501360325,0.0037174316333146535,0.005449574311626355,-0.024692610750154068,-0.012658384455781838,0.00457672058220303,0.034168857417691066,0.02631739272906972
2024-02-07,-0.002150577609607872,-0.0017842295053794655,-0.002081265527416811,-0.003365222998400225,-0.004874134262791894,-0.0012248870382362506,0.0026703067703598,0.0,0.003703663501657677,-0.006816475102337891,0.0,0.0,0.02257425018338433,0.042990167012959636,-0.0196726817460335
2024-02-08,-0.0032345632042912738,-0.003577732680105709,-0.010471251644866578,-0.001124419328407045,-0.001629951353121981,-0.0012261350285782467,0.003992032502567615,-0.00456610419198065,-0.003703663501657604,0.0027320810709047356,0.0,0.012658384455781869,0.02643334765053165,-0.009950348649478155,0.026145277940382385
2024-02-09,0.0,0.0,-0.002107583028231202,-0.0011252135116106205,-0.001632774025395576,-0.0012277039091049167,0.0013270738192139714,-0.00458723434797932,0.0,0.002724854579072949,0.0,0.006269606921925908,0.0086580562302221,0.012422695226664358,0.0
2024-02-13,0.019252045671196517,0.008920697385791765,0.020877815973394387,0.0011252135116107016,0.014598915346453642,0.01221004962436356,0.00792608796699854,0.011428809453730348,0.027449170697051578,0.004073374592059488,0.0,0.012422508040835311,-0.013015412499688763,-0.01743518379079676,0.03797908773204759
2024-02-14,-0.004246368189980425,0.0017745289490980602,0.001032303579383981,0.003369002677884791,-0.011336189967936077,0.0,-0.003955191145247416,0.0,-0.0018065681412741423,0.009440268688754121,0.0,0.003081663593968796,0.0,-0.005037802838885632,-0.025158319695502553
2024-02-15,0.0,-0.005333264149404657,0.0,0.004474225381911218,0.006493527225545418,-0.007308061756033949,-0.0013218810452891615,-0.002275470913770251,0.0036099733841202285,0.006689021997858752,-0.02531788343320812,0.012232556840809858,0.004357356269466689,-0.007604518140388456,0.006349066382443714
2024-02-16,0.003186465412291608,0.001780849648137259,0.0010315628777752331,0.0,0.0016167747684997422,-0.0012232618924101137,0.005376398655633204,0.004545410501360387,0.0071813673881930195,0.019802726182687764,0.02531788343320815,-0.015314220434778663,-0.05358431841611892,-0.02838908385195337,0.0
2024-02-19,0.0031762271312614928,0.0017778855521694446,0.0,0.009994726830658383,0.0,0.002444902764906462,-0.013495515873327276,0.0045250250273202635,0.0017872890366449573,0.0,0.0,0.006153859705557772,0.00457672058220303,-0.005249365108886974,0.006309169193264756
2024-02-20,0.005271589424411302,0.005314368459977212,0.0010304998522879273,0.002207305800947546,0.0,0.006086420883537566,0.009465929214897533,0.011223453711231622,0.014184558155769598,-0.006557503171149131,0.024692610750154113,0.012195261569588601,0.027028652740763905,0.031090640994845042,-0.012658235575708344
2024-02-21,0.0021007630965259295,0.0,0.0010293312875192184,-0.00663705274720288,0.0016141650266448863,0.00363428793688697,-0.005398165726494051,0.006674209148027719,0.0017590869516321086,-0.006600576333367336,0.0,0.029853005648536365,-0.013422954732700157,-0.005115109423791274,-0.012820768036545
2024-02-22,-0.0010497717852936076,-0.0017683534482870547,0.0,-0.002222486661663938,-0.0032309397951445946,0.0024153124197244186,0.006743166260568452,-0.006674209148027685,-0.014159450884145889,0.0,0.0,0.01459878519327518,-0.032039385989584265,-0.031252663579805606,-0.012987194458984603
2024-02-23,0.0010497717852936265,0.0017683534482870371,0.006153729427417735,0.004439812965037048,-0.004866308693407537,0.004813566833222588,0.00803216444431827,0.0,0.005333281550551653,-0.006644646678171352,0.0,-0.002902756845474009,0.1387503117723975,0.06155794096646244,0.03846619807123799
2024-02-26,-0.002100763096526013,-0.0017683534482870547,0.001022074750720852,-0.006666899957227746,0.00648308346190724,-0.00965016509244689,0.0,-0.004474168590037302,0.007067082381962066,0.0013325796349338511,0.0,0.008683114184629458,0.01207252254244581,0.009901088603252282,-0.0254790036122534
2024-02-27,0.0,0.005295706681829103,0.0010208174834008886,0.006666899957227771,0.0016141650266448863,0.006042226338140095,-0.006689040153335292,0.0022394363961210748,0.0052678203301879944,-0.0013325796349338004,-0.024692610750154068,-0.020379142532430818,0.08065789495671095,0.021925369163251475,-0.006472596194349003
2024-02-28,0.0,-0.014184686399205445,0.0010199899568808233,-0.002217326303373158,0.0,0.004807780878769017,-0.002688124825057397,-0.008988721517315432,-0.04111389998313096,0.010610190169636146,0.04879008872051373,-0.029853005648536338,-0.026169652503540537,-0.03431709262617395,-0.013072081567352775
2024-02-29,0.0021007630965259295,0.0,0.005083765022798789,-0.0044495736538545,-0.008097248488552106,0.019002891307103857,0.005369112462869164,-0.006794964614910423,0.027004395311262377,0.0026350328419023233,-0.04879008872051374,0.03863782661776602,0.011299593287780275,-0.015075689170491745,0.0130720815673527
2024-03-01,-0.008430130472758868,0.0017842295053793844,-0.0061037549796795765,-0.006711411010833767,-0.0016272185321378333,-0.009456307597950346,-0.005369112462869144,-0.009132500358751374,0.003546060285197741,-0.009253153350257812,-0.05129329041655501,-0.02958799955933195,-0.026567149320590108,-0.007623843932703445,-0.02631739272906972
2024-03-04,0.015748528937738718,0.001780849648137259,-0.001020817483400803,0.005596004780285458,-0.014766506189868508,-0.0071514575188316954,0.005369112462869164,-0.013857122883264166,-0.008888934099286623,-0.001328896323653618,0.0,-0.021245088628022542,0.02656714932059022,0.005089015251477773,0.006644710983036253
2024-03-05,0.003120184066713632,-0.0035650791535166704,-0.00820513546565763,0.004454412143252748,-0.0016543005557062213,-0.002395126190321765,0.0,0.0046405128254726116,-0.0035778725910008843,-0.003997317732837298,0.0,-0.0030721961115888004,-0.01890418693082413,0.002534828681225605,-0.006644710983036171
2024-03-06,0.0010380164220649695,0.0017842295053793844,0.0020574965243076435,-0.006689081048968761,-0.01333352757282448,-0.0036035422628388856,-0.00941493229075313,-0.0046405128254726645,0.0,0.0013341443952101016,0.05129329041655499,-0.01863406160744517,-0.015385003302877617,-0.028243231273599005,-0.013422935920444409
2024-03-07,0.006204546147682982,0.003558735200306732,0.0,-0.004484139825673006,0.006689068903838758,-0.003616762412243363,0.0026990078306805506,0.0,0.0,0.0,0.0,0.0,0.0038685220991912348,-0.0026075357614068185,0.03322573038487836
2024-03-08,0.005141493094676711,0.0017745289490980602,0.002053379319451179,0.007834214961937327,0.004987498869823453,0.0,-0.0026990078306806217,-0.0023283255659137477,0.010695348364808437,0.0,0.0,0.0124612084054682,-0.03536716760644029,-0.04267308362630966,0.019418003100543584
2024-03-11,0.0071537414391832175,0.0017714860625922418,0.004094259621898779,0.005627730582063294,0.008257642214726727,-0.0036297025418269187,0.005390820361958352,0.0023283255659137126,-0.0035524524542773013,0.0,-0.02531788343320812,0.0,0.003992067949445088,0.0,-0.012903404835907841
2024-03-12,0.0010179429210459038,0.0017683534482870371,0.0,0.0022420456709988917,0.006557398951492702,-0.0012130020973869107,-0.001345000534074399,0.002322979354155596,0.021127570918043598,0.0,0.02531788343320815,0.00924504931356555,0.0,-0.0027285532287825176,0.0
2024-03-13,0.0104493763264206,-0.005314368459977284,-0.012333305246260405,-0.0011204524504647634,0.0016327740253956537,-0.004866207434656611,0.0013450005340744555,0.002372289326563555,0.0052128989741168415,0.005405467580319807,0.0,-0.015456243427518439,0.0,0.0027285532287825006,0.04445168392639648
2024-03-14,0.0031134946126619664,-0.001777885552169429,0.00886582974642414,-0.0011215932205339894,-0.004906017514316351,0.0,-0.002691812531277784,0.00236698490290891,0.001731672445694899,0.01072398992671215,0.0,-0.015698894265285927,0.003976194689069325,-0.01925788453311771,-0.018809253313058896
2024-03-15,0.00619849915199056,0.0,0.005178723488298948,-0.0011232011516194315,-0.0032841554625720995,0.014688125763467267,0.005376398655633204,0.009412001024934339,0.0034542838891687883,-0.006689083845494452,0.0,-0.003169571647514258,0.03509114997392883,0.02197894564357084,0.025001302205417186
2024-03-18,0.004111053300946554,0.008857586040542176,0.0,-0.0011241152119485188,0.0016435883291749684,0.002427316778805058,0.004013344961862192,0.004672712841433996,0.0,0.0013412886346706558,-0.02531788343320812,-0.003179649783782088,0.05225083940548201,0.06317894561815893,0.0
2024-03-19,-0.010309552452937144,0.0,0.004123776503185483,-0.013590176165561848,-0.008244270744739296,-0.003642938932400506,-0.005354806795234597,-0.0023336577820168396,-0.008658323341833227,0.018593002647847915,-0.025975406983346883,0.009508778627545388,-0.01096906853933824,-0.007682541207767032,0.01227016979762782
2024-03-20,-0.008324590140457982,-0.0053051715392748965,-0.006192112909057748,0.007950216179014574,-0.003316587532942381,0.0024300170261602172,0.001341461833372402,-0.009389784285697565,0.0,-0.010582135746490168,0.0,0.006289322777521487,-0.0073801018894689785,-0.002574040460907875,0.012121359602154422
2024-03-21,-0.00209202072236279,0.003539839510879334,0.0,-0.00453528861857691,0.0016596277337800301,-0.0012143948725648476,-0.0013414618333722926,-0.004728256701562924,0.00347236700696951,0.001328881076671605,0.0,0.003129889972640981,0.00369681336759288,0.005141472244883693,0.02381057241809552
2024-03-22,0.004179674029157198,-0.0035398395108792594,0.006192112909057707,-0.0022754399048678245,-0.0016596277337799926,0.009673745024972598,0.001341461833372402,0.004728256701562827,0.001731672445694899,0.0,0.05129329041655499,0.02163915436944962,0.0,-0.007722091430288284,0.04035129552356745
2024-03-25,0.003123442221001772,-0.003552414501267451,-0.0030912636794009616,0.0,0.0016596277337800301,0.001202526090086242,-0.012137731890791077,0.0,-0.005204039452664508,0.007936552347364623,-0.02531788343320812,-0.021639154369449645,-0.022388979338870744,-0.0025873602430933704,0.03878609384903397
2024-03-26,0.0072500566178672204,0.003552414501267345,0.0,0.002275439904867721,0.012474216581755312,-0.016970027446887213,0.00406232540447744,0.002355709326078023,-0.0017405319671474238,0.015686601542475195,0.02531788343320815,-0.06787743411470067,-0.02677027011059124,-0.028911297078811963,-0.005449604391532544
2024-03-27,-0.0041365620052051695,0.0,-0.00103251282378457,-0.003414927560437558,-0.0033112345770064814,0.0024420103759097197,0.008075406486313576,-0.00945625535420441,0.0035650919629127533,-0.007812405354764675,0.0,-0.027120279913658556,0.01156076710519428,0.007968085172387958,0.0054496043915326095
2024-03-29,0.004136562005205194,0.005305171539274847,0.0010325128237845971,0.004550650158963083,0.0033112345770063773,0.010915721136142694,-0.0013414618333722926,0.002372289326563555,0.012378492473814033,0.0026107174766243904,0.024692610750154113,-0.0208341498601808,0.0076338089251677356,0.023530572149517412,-0.005449604391532544
2024-04-01,0.0020619371467854655,0.005276975938932479,0.0071978926659885326,0.03567826892821445,0.004946424468126651,0.014371606303539987,-0.002688124825057397,0.004728256701562827,0.0,-0.0013046094099161641,-0.024692610750154068,0.02768348499470173,0.011342220895115293,0.010282884978218696,0.016260519755814166
2024-04-02,0.0020574740486868385,0.00524937466038931,0.0020470604494211347,-0.023269833337513774,0.0,0.004744798497116369,0.0013450005340744555,-0.00236127179865394,0.005258595620508466,0.00909699579671973,0.024692610750154113,-0.027683484994701784,-0.01515179362259977,0.015228747054820175,-0.010810915364281526
2024-04-03,-0.011369467813339426,-0.012291682627717413,-0.012345802345066442,0.008928663717632308,-0.006600711782883725,-0.010707861778313503,0.0013431242909829925,-0.016686887485272767,-0.012313168486405858,0.0025840041292847053,0.0,0.006993029078342827,0.0,0.0025156977663102677,-0.03315220499733169
2024-04-04,0.0072500566178672204,0.005286275180120065,0.007220166379518429,0.0,0.001654287314756973,0.004773169919765023,0.001341461833372402,0.011947613255800174,0.01754416650049743,0.00643084740491249,0.0,0.0,0.015151793622599698,0.010000039017595911,0.011173229464678882
2024-04-05,-0.005173131557505595,0.00700540744759731,-0.0030878693092940487,0.0011106131284482476,0.0,0.0,-0.0026845861243552775,-0.007151512787027713,0.0017378110513501062,0.0,0.0,-0.0034904017446655343,-0.01897602982028318,-0.002490634859670171,0.0
2024-04-08,0.005173131557505576,0.0,0.001030385052036652,-0.002222461089966557,0.008230553569578133,0.007117548644950276,0.0013431242909829925,0.0023895456498680147,0.02401469716905155,0.0012812753332057695,0.024097477970359785,-0.003502627333677229,0.015209503005396932,0.0024906348596702077,0.011049836186584935
2024-04-09,-0.006211110522440369,0.0017437847329641448,-0.004127925724881362,0.004439535758811776,-0.006579079254345662,-0.005927655283518216,0.0,0.0,-0.011935262106680595,-0.001281275333205818,-0.024097477970359667,0.013937577605060644,-0.0075756940802291966,-0.007490591973028539,-0.005509725765413572
2024-04-12,0.0020745485172351196,0.005212691389646569,0.0061854099821388895,-0.002217074668845339,0.0049383628910085065,0.0,0.002680987637811734,-0.0023895456498680646,0.00342468559176132,-0.001282851813361333,0.09309041652301661,0.006896572255120114,-0.011472535117250333,-0.017699575989836926,0.04325012074166523
2024-04-15,0.0,-0.005212691389646541,0.0,-0.004449526690037682,-0.009901071783247346,-0.008358219199224855,0.0,-0.014458120334871925,-0.008583628587501824,-0.00385852690157252,-0.04546237095742227,-0.006896572255120058,0.0,-0.0025543158758609625,-0.03836094384820716
2024-04-16,-0.00728021870011855,-0.0069931593933535326,-0.008255887500137496,0.0022270656000713002,0.011541788146584613,-0.00842879214981342,-0.014835041677766761,-0.00486605301780591,-0.010398870837081723,0.003858526901572479,0.0,-0.0034662045390789404,-0.04725285251233521,-0.02328696001009708,-0.01123609607805132
2024-04-17,0.002085476430121847,0.003502643089247376,-0.0010366877333088122,0.0011118479615182188,-0.0016407163633371659,0.0,0.00677048887137927,0.0121213374109276,0.003478378770451527,0.0012828518133613336,-0.023530567595234555,0.013793308523969955,0.008032166091974557,0.020726166462166712,0.005633899192240414
2024-04-18,0.007265217570961946,0.0018263937796405792,0.005173258083584674,0.005540200687915495,0.0,-0.003634175262161033,0.006725027001948053,-0.002412605176976106,0.006920492066630148,0.0038387775946446528,0.02353056759523462,0.023689748183887797,0.023716510326942584,0.02281468541362807,0.0
2024-04-19,-0.0020704753009651226,0.0,0.006172894880744683,0.0,0.0049139351373393425,0.00604958030765938,0.0013395258044394192,0.0024126051769760844,0.0,0.02272832404433803,-0.047628045565594294,-0.020270944779137542,0.015504176093418134,0.007490591973028581,0.0
2024-04-22,0.009283399992241495,0.00727289143360755,0.001024997785243787,0.0022075144774243074,0.00488998607525982,0.006013387104315297,0.0,0.01197610602962667,0.0034422802530432316,-0.0012492634118125984,0.07061756219517852,-0.0034188034047502353,0.02656714932059022,0.009901088603252282,0.011173253150735949
2024-04-23,0.00817988640438043,0.0018099634271197555,0.001024265614058796,-0.0033132162127420856,0.014528102861052336,0.0,-0.002680987637811774,0.0023782426991513874,0.006849302971561068,-0.01638352870743269,-0.02298951662958419,0.046831254856539405,0.003738272849521427,-0.0074165800782326746,0.0
2024-04-24,-0.0020387072940423654,-0.0018099634271196822,-0.002049263399302465,-0.003323885824149358,-0.006430838659152165,0.0,0.001341461833372402,0.009456255354204303,0.01187452098876714,0.003804698392699499,0.02298951662958432,0.06942851640862856,0.011131786366238669,0.012330542796415659,0.016529334862178776
2024-04-25,-0.0020429816808645827,-0.0018132453357594521,-0.002053577730883101,-0.0011106131284482942,0.008032146408801621,0.004784649896063796,0.0,-0.004716981124731828,0.0,0.0,-0.02298951662958419,-0.040440930560504997,0.02189867042687526,0.009756132468890101,0.0
2024-04-26,0.001022067289699635,-0.0018165391678367743,-0.01033055346194526,0.0011106131284482476,0.0031948652652298254,0.004761865991185365,0.0,-0.004739274229472493,0.005046218486797781,-0.0012666693569255586,0.0,-0.003179649783782088,0.08971532357434442,0.07028665934073496,0.016260552721103286
2024-04-29,-0.0040941122584773355,-0.005469500709652022,0.006211236312083525,0.0,0.01582306611446603,-0.00715135996922144,-0.0013414618333722926,-0.007151512787027713,0.0,0.007575796817051969,0.0,-0.012820752601721806,0.05458826964972637,0.08039066849336353,0.031748629227631595
2024-04-30,-0.0020535792522596826,0.005469500709652072,-0.004136570350275776,-0.0011106131284482942,-0.006299183121804263,0.0,0.001341461833372402,-0.014458120334871925,0.0033501113963266306,0.0012572473017858185,0.02298951662958432,-0.00647250851269115,-0.03174875336653025,-0.04047415473504604,0.020619264686456446
2024-05-02,0.005125624221037537,-0.005469500709652022,-0.003113722708685102,-0.0044542513580927015,0.0,0.010707861778313538,0.01595777075726105,-0.00486605301780591,0.005004302549144645,0.005012455552820999,0.0,-0.029656181622580075,0.01916998097906244,0.002171691935873221,-0.02061926468645641
2024-05-03,0.00204298168086456,-0.0054994809389360124,0.005184200226683824,0.009994452046008084,-0.006339114497731109,0.00825010374647431,0.013106313101143342,0.004866053017805832,0.024651953627196223,0.018576262560478746,0.0,0.009983434478913035,0.031155143683127072,0.038302462799172925,0.0
2024-05-06,0.003056613443480103,0.007325874718576694,0.0,0.0022075144774243074,0.0015885110019573888,0.003515011512050778,0.0026008018804651754,0.019231390422748344,0.004858261308195872,-0.0012276618994290333,0.02247285432783802,0.02614525565635826,0.024243519049921912,0.024743574024802612,0.015504217488207227
2024-05-07,0.0010167621710415642,0.003643106930011444,0.018443041654921718,0.0011018186247532943,0.0015859916362653149,0.024264568243355454,0.009049771777335701,0.0023782426991513874,0.008045071870514378,0.004902015002625861,0.0,-0.00647250851269115,0.002989573901555212,-0.006128707248716426,0.035268084110018395
2024-05-08,-0.004073375614521571,-0.0036431069300113706,0.0,0.002200229168972715,-0.001585991636265251,-0.005724129525138069,0.017857690087502,-0.0023782426991513523,-0.006430771849239855,0.002442025694312777,-0.022472854327838104,-0.0032520323606327665,0.014815111938003183,0.01424235609974335,-0.014962778131314731
2024-05-09,0.004073375614521565,0.0018232619415629607,-0.005089011687809636,0.0032914066608156207,0.0,0.0,0.0,-0.00716841355483886,0.003220555269034551,-0.0036652464155107244,0.14763593021613863,0.0,0.0029368939302352646,0.004032220597895252,0.014962778131314787
2024-05-10,0.0030439897902202685,0.001819844988448467,0.0,-0.011013481822587864,0.0031695494115248713,0.006864917210718418,-0.0012650321044748018,0.0023951434669624403,-0.0032205552690346925,-0.0036787942814279716,0.019418085857101516,-0.006535964868773635,-0.0029368939302352585,0.0,-0.014962778131314731
2024-05-13,0.0,0.0018165391678368614,0.0,0.003316879269231232,-0.0015835577752596102,0.010209871081357335,0.006309087404238645,0.0,0.0,0.0,0.01904819497069441,0.019481117474581363,-0.0029454714633466344,-0.010111352796134267,0.0
2024-05-14,0.0010127522674708142,-0.0018165391678367743,-0.006141303971937082,0.0,-0.006359271133153181,-0.012492983504191599,0.005018935259798778,-0.0023951434669625344,0.003220555269034551,0.004902015002625861,0.018692244788325745,0.0,0.03763107508253191,0.024097594770874142,0.014962778131314787
2024-05-15,0.0,-0.0036431069300113706,-0.0030848002702935006,-0.001104366378609486,-0.006399970418322651,-0.00573069085855085,0.011201070399641962,-0.004807692474787818,-0.0032205552690346925,0.007308068248924979,-0.03774043975902012,0.006410348654758594,0.030771669351767394,0.019646983602751075,0.0
2024-05-16,0.004040351371964783,0.0018232619415629607,-0.0010303850520365563,0.0011043663786094746,-0.0032154108919626723,0.003442353902911007,0.01839409463775486,0.009592381591618248,0.020750929832823416,0.0,0.0,0.03762195522699138,0.005494446999123718,0.00775189486296284,0.0
2024-05-17,0.0,0.001819844988448467,0.006166444825421016,0.004405195892541036,0.0096153813102853,0.0034306616928935097,-0.0036517624675637553,0.0,-0.004750555596065295,0.0036343568135327325,0.0,0.00613498273464547,0.04552325573622391,0.03974033237895846,0.029270441021390405
2024-05-20,0.007031785223428244,0.005439747930715837,0.0,0.005479260239083821,0.006359271133153143,-0.002285838654463656,0.006078967077040608,0.0,0.014184575252022316,0.0012082486076735032,0.01904819497069441,-0.012307835936622316,-0.0026212641804050614,0.0,0.0
2024-05-21,0.0,-0.007259592919164371,-0.005136059773384298,0.0,-0.006359271133153181,-0.0045871769413409445,0.0060424864636451706,0.0,0.0,0.003616831315554123,0.018692244788325745,0.033488638151128444,0.0026212641804050987,-0.0018568529228712987,0.028438048976933156
2024-05-23,0.0,0.005449629492044763,0.009226104242230658,0.0010926423704686048,-0.003194865265229848,0.0011488860706665794,0.021454790954120482,0.0023837244380083933,0.024730879602345653,0.016706671251154877,-0.018692244788325655,0.017804678380562166,0.015584719962924733,0.0,0.08076107152846483
2024-05-24,-0.0010015951988075092,-0.0036297845035962078,-0.01025648929426723,0.0010911115216010682,0.0031948652652298254,0.002293467832244598,0.008220836078964207,-0.00716841355483886,0.0,-0.010707956020325532,-0.019048194970694474,-0.005899716318173342,-0.052922363206684725,-0.0833008204944361,0.06669151310573061
2024-05-27,0.0010015951988075742,0.0018165391678368614,0.0,-0.0010911115216009667,0.00318476849493061,0.0011448230384299388,-0.0023420004861822896,-0.009638547058482298,0.009118591279123766,0.0011954995823773246,0.03774043975902022,-0.01190496206238883,0.008119084983716216,0.0020180926638656187,0.0
2024-05-28,0.0,-0.0018165391678367743,-0.004132297070224339,-0.001092642370468573,-0.014411780168962017,0.0034266263400439816,-0.0035230425733552393,-0.002424429809427173,0.0030210944017480443,0.0,-0.057158525616121794,-0.015083228108341803,-0.005405347486895847,0.008032285261076312,0.008032187775681895
2024-05-29,-0.00904992035589743,-0.0036431069300113706,-0.0010357211206189858,-0.0010932718855271681,-0.0016142319094696238,-0.004571449378473894,0.005865043059537421,-0.009756093187584539,-0.004535265790511991,-0.008398351287232772,0.0,0.006060618919367794,0.039845846005118916,0.04879007916794808,-0.04082197375229951
2024-05-30,0.0,0.0,-0.0020746659618077735,-0.004385988353556766,0.0,0.0022883369556398743,-0.005865043059537546,0.0,-0.0015161556669861644,-0.002412694841528044,0.019418085857101516,-0.0030257180790000562,-0.015748345681032647,-0.03488717517254707,0.03278978597661767
2024-05-31,0.00302567742472724,0.0018232619415629607,0.0,0.0032914066608156207,0.0,-0.027811656453311472,-0.0011773555767743884,0.004890040169778735,-0.010679049597563718,0.007220314016692146,0.0,-0.024541085581342225,-0.05157180347278867,-0.03206693077136989,0.0
2024-06-04,0.013006714182490576,0.0036363841562853222,0.011357869474981285,-0.002193104795667182,0.0,0.017472649454644627,0.004700398150129494,0.0121213374109276,-0.0046118787404867585,0.030698957653964264,0.03774043975902022,0.018462045231939988,0.0,0.014155948824565518,0.0
2024-06-05,-0.007984066450127914,-0.0036363841562852715,-0.00721272599517497,-0.0010983018651483112,-0.0016167625855779226,-0.009280775845357752,-0.004700398150129524,-0.004830854583694482,0.02134234979554876,-0.011696147330221692,-0.03774043975902012,-0.003053434597129846,0.0,0.002005947693329903,0.0
2024-06-06,0.0,0.001819844988448467,0.004127925724881523,0.004385988353556795,0.00966183315419974,0.0,0.01867034647951167,0.0,0.03264377950720214,0.0,0.03774043975902022,0.009132474946532125,0.008321851607140029,0.01590503425347455,0.04725278590643201
2024-06-07,0.002002081051767513,0.005439747930715837,-0.0010303850520365563,0.0,0.0,-0.003502460662076984,-0.0011565670613481566,-0.0048544326986405635,0.004370106093043054,0.009367836257816708,0.0,-0.006079040349402174,0.008253101552278175,-0.0019744601283943042,0.0451205283134002
2024-06-10,-0.0010004858529599544,0.0,0.0,0.005455571213526928,0.0016013077496495511,0.006992815884762916,-0.0046403549763549354,0.0,-0.0029112311124000053,0.0,0.018349136635902572,0.006079040349402274,-0.013793346691280729,0.0,-0.02985292983210487
2024-06-11,-0.0010015951988075092,0.0,-0.001031447840567655,-0.00545557121352687,0.0,-0.0023254698272068353,0.003482208225203827,-0.007326090298371189,0.005814011554114447,0.004651335328891435,0.0,0.009049827058433975,0.0027738905911657776,9.799249153830739e-08,0.015037906952536534
2024-06-12,-0.002005989835775572,-0.007259592919164371,-0.004136570350275776,-0.008791184246097705,-0.004811636399746434,0.0023254698272068036,0.013809183043376928,-0.004913941019673692,0.005780256031900315,-0.012843042831155574,-0.03704138142422829,0.026668292301427067,-0.005555497059303296,0.0,0.03663402413295848
2024-06-13,-0.00402420018884508,0.007259592919164286,-0.003113722708685102,0.002224667630772875,0.008006501664976209,-0.0034903552226857827,0.005698006289934352,0.004913941019673775,0.018558838818952296,0.004689198072650365,0.018692244788325745,-0.03571811935986113,0.0027816064681374787,0.02551649985813513,0.0
2024-06-14,0.0020141782681722714,0.0,-0.002081035036577147,-0.019069674146958027,-0.003194865265229848,0.0,0.003403143289705412,0.0,-0.00425241308657982,-0.014268965836169625,-0.057158525616121794,-0.030771629315981694,0.01652935847084946,0.022989613748387164,0.007168593211671916
2024-06-18,-0.0010066359759140892,0.0,0.0,0.01349858329224602,0.006379633760160477,-0.004672858860507811,-0.0034031432897054926,-0.004913941019673692,-0.004270500049618261,0.009535292097122321,0.0571585256161218,-0.009419212750162352,-0.04470021573641424,-0.04058528011507833,0.007117393281970671
2024-06-19,0.001006635975914234,-0.005439747930715966,-0.001042197678083892,-0.002237109956237118,-0.007980941509809839,0.0011703981984309097,-0.0022753315659951702,-0.004938401885187928,-0.011477897470788805,0.0011852593120036414,0.0,-0.006329128843763199,0.022599816068285882,-0.009910785711767862,-0.021506249408106314
2024-06-20,-0.0010066359759140892,0.003629784503596308,0.0,-0.0022421258403743705,-0.004819208295405913,0.005830816510504597,0.0011382538956056505,-0.0024781813431763743,-0.004338284243865756,0.001184224872740974,-0.057158525616121794,-0.003179649783782088,-0.019746784467514267,0.005958309000337371,-0.007272683533617147
2024-06-21,-0.007074207549963536,0.0,0.0,0.005596031206901797,-0.004842624858793725,0.00925946869398286,0.007932056384358243,-0.007472065764099759,-0.0058140115541144505,0.009422979573406787,0.0571585256161218,0.0,0.01974678446751418,0.005922920698729265,0.0
2024-06-24,0.002026313885740787,0.0,-0.0010431770980361109,0.02316688814011352,0.019231285665967032,-0.017432392986517897,-0.01249298500390306,0.007472065764099638,0.0,-0.003523288897345242,0.0,-0.01605177019640247,-0.03989130080786912,-0.04016604172533476,-0.02214107768487764
2024-06-25,0.003031901044106934,-0.005449629492044686,0.0,-0.01649274960279648,-0.0031796274061626512,0.008172924292534864,0.010233196672380642,-0.007472065764099759,0.020202630909954507,0.005865270581426888,0.0,-0.0064935232786432545,-0.044583911433390154,-0.04398614818424989,-0.022642521470547947
2024-06-26,0.005032650516702762,0.0,0.006243444788073601,0.0033203825818388937,-0.0015936520907252323,0.01156073613704636,0.0022597883315223916,0.0024968754567265866,-0.0057306426443266036,0.0,0.018349136635902572,0.006493523278643216,0.029942408696395792,0.029537909962387143,0.015151835058625466
2024-06-27,0.0,0.001819844988448467,0.0,-0.006652054850620135,0.0015936520907252841,-0.005763721053016402,-0.0011292558354840836,-0.0024968754567266027,0.001435687080061893,0.0,-0.056089576394922694,-0.039609100685049775,0.0,-0.0020810637293477833,-0.015151835058625544
2024-06-28,0.0,0.0018165391678368614,-0.004158070011953433,-0.008938497475437533,0.0031796274061625784,-0.0011566228427603172,-0.0011305324960382654,0.004987597293182484,-0.011544149912440124,-0.0035148497181184003,0.0,0.003361344470129735,0.017544224327349544,0.004158010148663677,0.022642521470547943
2024-07-01,0.0010034979172061094,-0.0018165391678367743,0.008298815271753402,-0.003372642897852417,0.0,-0.0011579621684048341,0.0045147152543096175,0.0024844684709171773,0.0158391054767049,0.0,0.0,0.0033500836743294788,0.0480998655537951,0.01646137764635431,0.043802617344630486
2024-07-02,0.002004087117376966,0.0018165391678368614,0.0,-0.0022548801864914953,0.0,0.004624061416945114,0.0,0.0024781813431763635,0.0,0.004683726270564863,0.0,0.0,0.002758654553154444,0.030153035182798018,0.035091301396334366
2024-07-03,0.002998352698356808,0.0018132453357593596,-0.0010335800084926802,0.012338875345148942,0.004750603495773837,0.0,0.02447281491093215,0.0024723141751419706,0.01277528374453348,0.03895113566294046,0.07410807993788897,0.0,0.04576835061136524,0.048318386665993855,0.013698871249813978
2024-07-04,0.007952426874289974,0.0,-0.004145143479806312,0.0033389743905182477,0.0,0.0,-0.00440521316429821,0.0,0.0042222707656486185,-0.006764339363466788,0.0,0.006666685000289954,0.0026280879435772865,0.003766575795897729,-0.013698871249813883
2024-07-05,-0.005958330084187222,-0.0018132453357594521,-0.0031200917834544924,-0.0011118291758857063,-0.0015810540842489866,-0.0011540714928794725,0.0,-0.0024723141751419996,-0.0014054195858543208,-0.006810525740207219,0.017699469315233786,0.016474821672361778,-0.010554180420226822,-0.01706202527672144,0.0
2024-07-09,0.0019900217628608177,0.005429804134829429,0.0031200917834545584,-0.0055771910744556695,-0.0031695494115247364,-0.0011554049129003212,0.004405213164298164,0.017178433203232747,0.013966665179026633,-0.003422735938137392,0.01739174271186924,0.012987183462619612,-0.016043113659411856,-0.007677580899034306,0.006872892825682865
2024-07-10,-0.003984118552963517,-0.001806595371950316,-0.007295415443119791,0.0,0.0,-0.0057970150840300156,0.008752858686586191,0.007272682105358922,-0.0013879353718568466,-0.009184907112748155,-0.03509121202710295,-0.003231017594680599,0.01604311365941194,0.005763610291035274,-0.006872892825682819
2024-07-11,0.0039841185529634355,0.007207173361203054,0.003133125981581517,0.004464124358392527,0.006329084512073694,0.004640392241269567,0.023682443755885272,-0.004842679216145572,0.013793351463291852,-0.008106555146942633,0.0,0.006451629327164354,0.010554180420226792,-0.013500592793187733,0.013698871249813978
2024-07-12,-0.0019900217628608103,0.005371471390060526,-0.0010431770980361109,0.014372881325036484,-0.0015784810163000107,0.003466099248540217,0.0,-0.0024300028892134348,-0.009635311107394599,0.004640318053968674,0.03509121202710302,-0.0032206117324838006,-0.021220874259543818,-0.03960913809504583,-0.013698871249813883
2024-07-15,0.009910953157976504,0.015943724008182118,0.007280132521382294,0.007654624000040148,0.0015784810162999033,0.0034542446472365373,0.023134536384103718,0.004854432698640444,0.0013821092627259025,0.0034662370929740044,0.0,0.0064308844141964675,-0.008075441345307318,-0.0040485885260002205,0.04714670549286126
2024-07-16,-0.003952623073789402,-0.00528638020005308,-0.010416750203659031,-0.013157921917282524,0.0015759933402149553,0.0,0.03171629909049563,0.0,-0.0013821092627259708,-0.0011541578557769602,-0.05310971557006928,0.02531785956523302,-0.005420063458503844,0.006066752682237362,-0.0066006150823164226
2024-07-17,-0.0019821325750032487,0.003527261141341593,-0.003146269878540671,0.0022048194024431346,0.0,0.0011488860706665794,0.01697492095739298,0.009638547058482182,0.00276245269518129,0.005757216311617972,0.0,-0.006269606921925834,-0.02197895918374454,-0.002018164156237236,0.006600615082316381
2024-07-18,0.0019821325750032635,0.003515053796489803,-0.002103026197244639,0.01963006180157524,-0.0015759933402149683,-0.010386853284596645,-0.018991066174245983,0.0190029116081947,-0.004146546002305366,-0.010386793131360778,0.018018503542966333,0.018692114962761144,0.0,-0.03077165866675366,0.03236534977175681
2024-07-19,0.0,0.0,0.0010520659384187394,-0.017429755058391096,-0.0015784810163000107,0.0,-0.0010096513862390382,-0.0023557093260779555,0.0,0.0034743254853224393,0.0,-0.01555239801347629,-0.0055710411972788015,0.0,-0.019293160673805623
2024-07-22,-0.003968308321326372,-0.0017559347377784312,0.0,-0.011049813661472814,-0.011120000595809173,-0.003486239376064804,0.008048291380411745,-0.011862513165286165,0.0,-0.01631737292640764,-0.018018503542966344,-0.018987893619546208,-0.028330486701174808,-0.01047140363618667,0.006472366250076999
2024-07-23,0.003968308321326289,0.0,-0.0021052398853765933,0.003327635734531683,0.007955388736300667,0.0034862393760647886,0.0010015620818618872,0.0023837244380083933,0.0,0.010520226969662361,0.0,-0.022618143849861896,0.044951424703903946,0.029047688411119495,0.03797932596065928
2024-07-24,0.0019781056102790074,-0.0017591190587115191,-0.0042238227106173405,0.003317051781313784,-0.009554136398382993,-0.0023227689231162495,-0.007031673667399986,-0.00477327008787638,-0.002773947048773111,-0.0046620723614383755,-0.056089576394922694,-0.019802608596683105,-0.016620938002729155,-0.02066179126595417,0.0
2024-07-25,0.001974517463510472,0.003515053796489803,0.008429879755664204,-0.003317051781313767,0.0015987476620822328,-0.0011634704529485925,-0.006066799788476228,0.007151512787027698,-0.0281708647314975,0.005824036405512896,0.0,-0.02702864625985619,0.0,-0.014721716253799198,-0.012500188076167196
2024-07-26,0.0,-0.0017559347377784312,0.0,-0.004439464910417368,0.0,0.0011634704529486263,-0.007124714759724004,0.0,0.0014275623588146118,0.0011608564273482122,0.01904819497069441,-0.003430531729770814,-0.0056022516532104214,0.0,0.0
2024-07-29,0.005899531908328734,0.0017559347377784373,0.0031430817764278077,0.012161642837358618,0.0015961176031475536,0.005797015084029978,0.01419913135641853,0.007100546028126482,0.005690029844616574,0.005783734675519726,0.0,0.0,0.0,0.006335819108633834,0.060994559539139334
2024-07-30,-0.01183428755712137,-0.007042314937831493,0.004175323659665281,-0.011049813661472814,-0.008006501664976219,-0.0057970150840300156,-0.013178141327025645,-0.014252058815154093,0.0,-0.0011541578557769602,-0.019048194970694474,-0.010362776794199027,-0.043048186498071205,-0.029916657269101404,-0.02395328928369292
2024-07-31,0.013793228932404308,0.008795171772613923,0.0041580700119534155,0.011049813661472795,0.012779781161864134,0.0,-0.024794527025158938,0.007151512787027698,-0.0014195297949983717,0.014900075080746802,0.03774043975902022,0.0,0.0,0.01078748535598576,-0.04335037347932609
2024-08-01,0.003906303406504215,0.001749789703157793,0.005173258083584674,-0.017738833911814144,0.0031695494115248713,0.00925946869398286,0.007295392339328925,0.011806551486583173,0.0014195297949984949,-0.0011382741740842495,-0.0769610925531664,0.013793308523969955,-0.008836611737300902,0.008547061478654193,-0.006349240236883891
2024-08-02,-0.0019511919811081712,-0.001749789703157787,0.0010314478405676034,0.0011179293956294013,-0.011137694173642586,-0.005777038621118165,-0.008342027197841762,0.004683778827240877,-0.00997884530884208,-0.01491705224108298,0.039220652794146216,-0.02426468158995163,-0.03922072196633166,-0.04570970208903423,-0.0522994386783535
2024-08-05,-0.03376690771134137,-0.015887336244237986,-0.025053540967416427,-0.0056024170250824745,-0.02922286255141235,-0.015178502070289214,-0.05267204787067182,-0.035675533626296545,-0.059014145926855784,-0.03410109980548291,-0.1670540160732403,-0.07275928483246158,-0.09684983634649671,-0.12057088245781657,-0.17563263889181144
2024-08-06,0.020000699928544273,0.0,0.014690765031310822,0.005602417025082574,0.02280234650635689,0.028987498993021686,0.008791219043919843,0.01680696061332105,0.03582483141090199,0.025975604267864695,0.0,0.04789124142525586,0.026757430285027917,0.010000083334583399,0.08434112644415041
2024-08-07,0.003952623073789381,0.014134479409455551,0.010362775936105559,-0.002237109956237118,0.0016088796453090474,-0.01729142699559725,0.006543036143523994,0.00947878872727772,0.02175561205710003,-0.009367869914438783,0.06595796341371725,0.007168482740163504,0.057708355903589185,0.08348110647656909,0.06407889586139663
2024-08-08,0.0,-0.0035150537964899306,0.0,0.0011191805606075463,-0.004834741918524788,-0.008172924292534888,0.012959133508071154,-0.004728256701562924,0.004294955564264726,-0.008269174860806252,0.0,-0.007168482740163348,-0.003120086253862775,-0.03256101604931219,-0.013889139804533884
2024-08-09,0.0019704154877562413,-0.005295616347675989,-0.01349284917352569,0.0,0.004834741918524916,-0.003523147704889516,0.015966237584086513,0.004728256701562827,-0.00429495556426468,0.008269174860806297,0.0,0.01428594386615902,0.012422433806108937,0.027973852042406162,0.027588011054347782
2024-08-12,0.003929116420572449,0.0,0.01658071848281973,0.0011179293956294013,0.0048116363997463395,0.011696071997424371,0.0010554720662889828,0.0047060054584566885,0.0,0.005865270581426888,0.0,-0.0035523982947536976,0.02137488249994705,0.02497292093137988,0.0
2024-08-13,0.0,0.005295616347675961,0.0,0.016620904516184806,0.00478851735595502,0.0,0.002107498701717598,0.0,-0.0028735862000188774,0.009313339961791905,-0.021506203825053933,-0.01073354557140537,0.012012147941080274,-0.0226767086710297,0.0067797001586540175
2024-08-14,0.0,0.0017591190587114083,0.0020535777308830975,-0.015504109105894386,0.0015911164042052746,0.00925946869398286,0.015666075993646802,-0.009434262160019533,-0.00432577316144608,-0.0011595705764841085,0.04255961168513962,0.0,0.01775200586823868,0.015927415431488418,0.0067340451777967245
2024-08-15,-0.0019625758360924503,0.0017559347377784373,0.003072058234664931,0.0044542954444215495,0.0015885110019573888,-0.00693669977086674,-0.020943229036043096,0.011778985927843303,0.0,0.005783734675519726,0.0,-0.003603604097584269,0.01455632260057701,-0.006794931868215741,-0.12874905679777737
2024-08-16,0.007827820617879615,0.006992972762516878,0.0,0.003327635734531683,0.0,0.0,0.004223904210400452,0.004672712841433996,0.0014439798137555425,-0.0069445911028681384,0.0,-0.003616637039795033,0.008633104797241331,-0.009132483563272474,0.05927654560350645
2024-08-19,0.03260120453126895,0.030877379491534206,0.027233360877983573,0.005521871183757018,-0.004773279496887903,0.03421095784915186,0.017755119482686432,0.05664040919590799,0.0028817933476906372,0.009248679208459823,-0.04255961168513958,0.010810905886807217,-0.005747137951034471,-0.037387649429295795,-0.00722026291446361
2024-08-20,0.0,0.0,0.000994415975165788,0.0011007021654553285,0.007942828908412731,0.017778181764363448,-0.009538962298221959,0.028232004950550296,0.007168541764283666,-0.004613497295789179,0.08338160369043074,-0.01808365827998211,-0.09993183368026559,-0.08441728830234597,0.0
2024-08-21,-0.007575785736540918,-0.0033841132181666065,0.0069341768148761,0.006578891249231577,0.0,-0.011074341710309224,0.011646467027497567,-0.00860230037928186,-0.007168541764283601,-0.0011568279027765703,0.09531022918906891,0.01449299353055419,-0.025807865354579757,-0.028911279646981657,0.0
2024-08-22,-0.007633616659446956,0.0033841132181665406,-0.003956438592648837,-0.005479286671502775,0.0,0.007765010661563358,-0.009518892400149446,-0.008676599667640228,-0.0028817933476907123,-0.0058038756476903085,0.0,0.0,0.022618111913674285,0.11332856794932776,0.014388856126135545
2024-08-23,0.0,0.0016876801323545524,0.0,0.005479286671502832,0.0015810540842490194,0.0,-0.01714936627111694,-0.013158288920270185,-0.010152295797980125,0.0,-0.03704138142422829,-0.032909702525802616,-0.016103516228934328,-0.016806941285316655,-0.02166153965975279
2024-08-26,0.009532925016977724,0.0,-0.003972154197392959,-0.005479286671502775,-0.003164611859508564,0.0022073994526364492,0.009682748574208937,-0.004424661456622108,0.014471988265627692,0.0011635575937217768,-0.05826884776484068,-0.014981538899453343,-0.016366925861779753,-0.022032835676022083,0.0287789329417235
2024-08-27,0.015066182772096572,-0.0016876801323544833,0.002980593856882591,-0.002200306743184257,-0.001585991636265251,0.0022026502754051553,-0.0042918975716659796,0.03700077250957037,0.0,0.002322820471422755,0.0582688477648408,-0.007575786282511008,-0.02675743028502791,-0.03526807783470758,0.0
2024-08-28,0.014842656585452757,0.03974015117607789,0.045572575507818146,0.00767959341468688,0.0015859916362653149,0.01960852609952037,0.0010747572324215375,0.025317981712761527,0.005730642644326683,-0.0034863780651445443,-0.07847155385054108,-0.01532604713114537,-0.03800113417843462,-0.03390161704732916,-0.058410697038523564
2024-08-29,-0.016713537515501194,-0.008149864865177065,0.008494624175576369,0.00544976182525122,-0.003174502638222544,-0.004324343036622581,-0.008630244600868581,-0.021053478951539015,-0.00429495556426468,-0.016432352577651573,-0.020619285919590873,-0.023438551141146128,-0.03220307247654299,-0.029611788674996704,-0.038318941157237135
2024-08-30,0.009319796728394123,0.0032679029783365663,-0.002823596292402517,-0.006543130278605078,-0.0031847684949305732,0.012917220828433438,0.0010830141048140307,0.025211372110788145,0.04899517138834427,-0.007125795999795054,-0.02105340786008556,-0.011928559556882604,0.05310982842660346,0.058372006221907254,0.08961224491379002
2024-09-02,-0.001857083359563424,-0.0032679029783364557,0.0018833155160476952,0.001093368453353968,0.01267835734917658,0.014862311348442602,0.0010816222610900276,-0.014629282751839667,-0.005479434906622733,0.0011912777716049532,0.02105340786008559,0.0,0.04054606378313909,0.0304591458719306,-0.02166153965975279
2024-09-03,-0.005591832438782383,-0.006568108528873673,-0.0075543433992215055,-0.0010933684533538362,0.00471336245836485,-0.00422377458545893,0.0,0.010471389592590708,0.023083127546018645,0.002377998173534935,-0.02105340786008556,-0.02839944704959868,0.006600679164437988,-0.012578782986768757,0.007272683533617184
2024-09-04,0.009302457571998197,-0.006611623999985123,0.003784256395866006,0.004405394017652573,0.0015661968720652147,0.0073801272261932605,-0.006507684521128568,-0.00836834333978099,0.0,-0.014354184751188872,0.06187539986537682,-0.17494149566792794,-0.013245216951300338,-0.015306358889988991,0.014388856126135545
2024-09-05,0.0,0.01644763550719531,-0.00853490300754954,-0.0099391747526755,0.007794247556995572,0.006282760029330316,0.004343048155224579,-0.0021030462528095887,-0.0053836321797248714,0.007202661128479709,-0.06187539986537683,-0.09776413717890431,-0.10536052485168743,-0.052782699577919055,-0.007168593211672017
2024-09-06,0.0,0.0,0.004750646611683402,-0.0022224994427374727,0.024541063728396508,-0.0010444963635764801,-0.01528396990685536,0.0,-0.006770416394272217,-0.04445156774673222,0.0,0.05775884072744278,-0.08096905034903205,-0.04716546844243012,-0.04412471054488082
2024-09-09,0.009216522205955638,0.012966205330877735,-0.0076117474564446,0.0022224994427374354,0.018018509479659033,-0.014737150141813154,0.012028536410018062,0.010471389592590708,-0.005449644065398931,0.016280932152167853,0.0,-0.04700605928874028,-0.040989313248949916,-0.043548318376629425,0.022305709291490734
2024-09-10,0.0036630532288177468,0.015974766613152717,0.017045769110919862,-0.001110688723632673,0.020619339282242632,0.011597421384462512,0.014031515143250059,0.023134446354878786,0.0013651977900079218,-0.016280932152167735,-0.043485109085879096,-0.0326116197522059,0.012474215856492055,0.002963111176076246,0.04317216928426959
2024-09-11,0.0028129661390982525,-0.012759315163872591,0.009345755889198195,-0.0011118107191048722,-0.016164915373452875,0.002094247444340397,0.009600121352870424,-0.023134555635688097,0.002724816974992955,-0.011428759272080839,-0.022472854327838104,-0.02801301003276431,-0.0082988994072199,0.005899649212663023,-0.035846114478960314
2024-09-12,-0.003752251944315567,0.0016038568445424042,-0.014051592908352294,-0.006696379818666722,-0.01492560328055644,0.008333404681671576,-0.0010622003622622782,-0.010695149284316635,-0.0013614804093401225,0.0050956025897225575,-0.02298951662958419,0.08701136005649175,0.028749443017145934,0.04035122590460908,0.014492946448080787
2024-09-13,0.0,0.009569407924913852,0.0,0.006696379818666588,0.019360273256857935,0.0010367034272322456,0.0,0.01069514928431658,0.00678887158627498,0.021370988491017665,0.0,0.035809479840786015,0.03187518488346179,0.03333648988655022,0.0422598946080065
2024-09-17,0.0018778858954569704,0.0016247702972255816,0.0,-0.0011130482181723478,0.039050448141076,0.005168090551250446,0.012671684575474547,0.0,0.002702654517735572,0.008668790694723523,0.0,-0.015190150823567389,0.007812534055075763,-0.0248975516217272,0.013698871249813978
2024-09-18,0.0018743660488585196,0.006472553918661542,0.0,-0.008948583712371129,0.008474697075890446,-0.002063989894509219,0.013549022375365944,0.0021254371313633924,-0.005412633176005122,0.0,0.0,0.0,-0.035647362488066214,-0.011267794662521589,0.0
2024-09-19,-0.003752251944315567,0.003220506397612714,-0.0047281846353213345,0.0033652521118766824,0.005610067592003782,-0.004140804083973365,0.01234586233990876,-0.0042554013695150945,-0.006807427283665891,0.003692395564028463,0.0,0.07847154199718774,0.04725285251233509,0.04161495105181348,0.013513745336450694
2024-09-20,-0.0037665812068758044,0.004811607852086016,-0.000948305933669628,0.0022370748593490484,-0.0070176194689542445,0.007235193600443311,-0.010277587276282843,0.0021299642381516124,0.0,0.009779998921053941,0.045462370957422255,-0.009478735386040972,0.04512049705822646,0.0399519866641663,0.033006278004547966
2024-09-23,0.009389692523735036,0.0015987099843067227,0.0028420286365014877,0.003346256741145224,0.0014075518769505848,-0.008273079282169598,-0.010384313918081395,0.0,0.006807427283665895,-0.0048780434608137885,-0.022472854327838104,0.014184734133149192,0.0,0.0078023807842954145,0.006472366250076999
2024-09-24,0.0037314452860777417,0.006369487259676095,0.006600901472744503,-0.0033462567411452443,0.0,0.0082730792821696,0.027793896117704393,-0.004264474909421536,0.020148370008763482,-0.00613130300256358,-0.02298951662958419,-0.023754176416018246,-0.014815074888114683,0.017972368962071345,0.0
2024-09-25,-0.0037314452860778007,-0.019231394599928866,0.010285153368097278,0.003346256741145224,0.004210464203486665,-0.0010303996219606104,0.0,-0.010741213150013232,-0.0013306818308420367,0.001229347542323185,-0.023530567595234555,0.019048177668909923,-0.007490666157745907,-0.010230330961017583,-0.03278972635248178
2024-09-26,-0.003745225421402228,0.0,0.0018589074630548461,0.002224858937277199,0.0013996033885169666,0.03544684462933679,-0.004069224817679923,0.008602246578113232,-0.0066800312894371525,-0.006161525173616042,0.0,0.009389843352046751,-0.03442024603663476,-0.01554441878534911,-0.027028641662724853
2024-09-27,-0.015123261668456994,-0.013029580711764605,0.013831415608932331,0.002219919926555751,0.013282275418139028,-0.00698976808003156,-0.006135054048734639,-0.017278910549143725,-0.0006818444794017079,0.0,0.06899293855265677,-0.01411798028404588,-0.03162316515600566,-0.04813757125060565,0.020339723760581657
2024-09-30,-0.0019066283241063078,0.013029580711764502,-0.012903543738120077,-0.0022199199265556676,-0.00557113193839574,-0.03258932520502467,-0.02387221348110593,-0.006557516862991139,-0.01512060796159188,-0.03650498400744326,-0.09309041652301658,-0.03865211881036878,0.008000036709359018,0.0027359798188748455,-0.0135137453364506
2024-10-01,0.005709013811017512,0.006451589503859973,-0.008383745192327223,-0.0011118107191048722,0.011111263745536342,-0.0020725453227632648,0.013562838410299906,0.01090531508833146,-0.0027739288266609486,0.01652921979588,0.07061756219517852,0.024332078073457882,0.0,0.013568662777197649,0.0067797001586540175
2024-10-02,-0.007619184583489749,-0.017843092983526695,-0.0037487900307381756,0.001111810719104886,0.0,-0.010427652126011957,-0.0010366593764663233,-0.017506003595283284,-0.006968638890101647,-0.0037902324141618517,0.0,-0.014528087143477158,-0.02012133766937677,-0.02179916191371318,-0.020478571408467934
2024-10-03,0.007619184583489634,0.006525262370026659,0.0,-0.005571115678422431,0.0,-0.0010486632225265113,-0.012526179033833596,0.00879119643927092,-0.0013996166775645195,-0.006349241363311739,-0.046520084224818736,-0.014742267919173985,-0.00816340575757375,-0.016667052485211647,-0.013889139804533884
2024-10-04,-0.0038023854869112523,0.0064830448366727505,-0.0009393974788990928,-0.006726408576701271,-0.002766262993393202,0.00104866322252657,0.003146178664734352,-0.008791196439270923,0.0,-0.019293178258142127,0.0,0.0049382769891932795,0.0,0.011142176553241803,-0.014084768309829748
2024-10-07,0.0,-0.004858274539447072,-0.013245270787259796,-0.011312481617467448,0.0,-0.004201698609935066,0.0031364175650816783,0.0066006885069518646,-0.021232199149380324,0.010336110642046592,0.0,0.019512796067434404,0.004089931684747086,-0.011142176553241848,0.02105345154384218
2024-10-08,-0.0019066283241063078,0.006472553918661542,0.0,0.003407293947715702,0.0041465301929468614,-0.0010531889392025157,-0.012605128460543477,0.002190507932319147,0.014204865248654391,-0.022093265872588728,0.04652008422481878,-0.009708805137453664,-0.004089931684747112,0.027626066274931096,0.034133073156785876
2024-10-09,0.001906628324106224,0.0,0.004750646611683402,-0.004545450564669187,-0.004146530192946942,0.007349134993477889,-0.001057814371720908,0.0,0.016783550755929206,0.013055043402591315,0.0,-0.004889980733338914,0.0,-0.008207980417829622,-0.006734045177796686
2024-10-10,0.003802385486911234,0.003220506397612714,0.0,-0.0022805547412029555,0.005524961944029718,0.00625644849661139,0.015748471469958548,0.0,-0.002777781415774663,0.011605544067686652,0.044451759588663146,0.0,0.024292675477505424,0.013642776403786479,0.0
2024-10-11,0.0018956858665362519,0.004811607852086016,0.0,0.005691607005620014,-0.0013784317510827353,-0.01044923084935491,0.00829878528038724,-0.058575187097174915,0.005547868131217048,0.001281259200245673,-0.044451759588663216,-0.009852287185835048,-0.020202743792758382,0.0027063615977428457,0.0067340451777967245
2024-10-14,-0.0018956858665363356,0.003194868174036354,0.0,0.004529892421089672,0.0,-0.0031563526407343335,-0.008298785280387216,0.018391178556646934,0.0013821362497674545,-0.005134849902330981,0.0,-0.030153009265626557,0.004073474072826694,0.005390782384577323,-0.017094525639962416
2024-10-15,0.011320876181545782,0.001593614528309801,0.00943402165447532,0.0,0.002754832100992998,0.0052548875491374575,0.0031201075077272205,0.0202939496564334,0.0027586939577324966,-0.018182263819428095,-0.02298951662958419,-0.025841268122335868,-0.06291393418177818,-0.04959694450803145,0.06669132784670098
2024-10-16,-0.005644467102332837,0.001591163225485982,-0.0047058370191540464,0.006756936680338512,-0.009675231107687438,-0.006309078796464178,-0.0031201075077271767,-0.004474244921099983,-0.0041408302075000404,0.0013097202067783476,0.0,-0.026526729166799174,-0.004338344597697106,0.002820876537751077,-0.032789759156772014
2024-10-17,0.007518833151191473,0.029759393228469398,-0.006625794796215113,0.0,0.0,0.004210543888060881,0.0,0.017778219133382355,0.0137364887852734,-0.005249407617335597,-0.023530567595234555,0.021277378208016763,-0.021978945093152076,-0.008486544454470031,0.006644464295378587
2024-10-18,-0.0018743660488585803,-0.009302408715253228,0.004737144166750221,-0.009019317902408047,-0.0013899267078882449,-0.0021031637015318143,-0.001042273736825193,0.006586084671812288,0.0013632932012449094,0.007863847427216443,0.02353056759523462,0.05129330693589695,0.026317289690849052,0.0,0.013158092052498155
2024-10-21,0.0,-0.0015589183796444527,-0.002839534005856431,0.009019317902408158,0.0013899267078882032,-0.004219535695205066,-0.0010432549008690172,0.0,-0.0027285165340119348,0.005208262265118342,0.0,0.07232070593657008,-0.030771692248228722,-0.025900728432157124,-0.01980255634787666
2024-10-22,-0.0037595013342663097,0.0,0.003784256395866006,-0.006756936680338507,0.004158024178178058,0.01051548174948045,-0.01049328042551104,-0.004385824725414674,-0.012371265452506407,-0.0026007738723037503,0.0,-0.004662008442114028,-0.013483285149718922,-0.008784829555732803,-0.013422943653068236
2024-10-23,0.0,0.012403254814568795,0.008462674467046183,-0.0022623812220696157,-0.0027700942138528385,0.013506736219590781,-0.013807957455718218,0.0,-0.0027700867154423765,0.002600773872303823,0.045462370957422255,0.0,0.004514732974398255,0.011696039763191236,0.013422943653068146
2024-10-24,-0.003773491343250424,-0.006182356352304166,-0.006575902979738385,0.0,0.02736144773099734,-0.01560098366393102,-0.016172866349013715,-0.006615356747297063,-0.00416960620417925,-0.014388660006500997,-0.0689929385526568,-0.018868578738087744,-0.041385241361102464,-0.06609011182899005,-0.00668899146229449
2024-10-25,-0.003787883504029008,-0.006220898462264696,0.0,-0.002267511199020103,0.012072622234713316,-0.007364490718320957,-0.023090713882841632,-0.024637399981161105,0.0013918247884045336,-0.017276226880071726,0.09097184381348207,0.03738760810725329,-0.07808843845039475,-0.07076907088820726,-0.013513725924881759
2024-10-28,-0.013371888087944522,-0.007830754989197107,-0.01711068510760217,-0.012564527083827987,-0.018843085861015057,0.0031627921083859398,-0.033939927195554415,0.011274277648678126,-0.026781004707658658,0.006679997119822489,-0.044451759588663216,0.018182301348111794,0.0050632981381457266,0.01980262729617973,0.0
2024-10-29,0.005752703504454875,0.007830754989197065,0.0004894185626953899,0.0011488498003602435,-0.009556485903165709,-0.008456625073524052,0.025001338375582074,0.0,0.004276595476045876,0.0026596364278059933,-0.046520084224818736,0.04836102606174727,0.010050328331251534,0.022618088587772364,-0.02061921202995298
2024-10-30,0.003816799096578393,0.0,0.0029309980855377433,-0.008069216418344878,-0.005502029159160719,0.00969311836496104,0.01337815518512707,-0.009009114235208546,-0.0014235246428419188,-0.0013289340059225666,0.11247804763853593,0.008547052740754738,-0.005012600451735187,-0.006410357605650218,-0.006968844833363714
2024-11-01,-0.009569502601033274,-0.0031248975995149734,-0.014742262181073263,0.008069216418344896,0.004129407455820226,-0.012945113720376534,0.004419831418243115,0.00900911423520858,-0.010021601335611408,0.003981515527139517,0.0,-0.030239857156177868,0.0,0.028528162859269273,-0.007017490042428126
2024-11-04,0.003838876995407848,0.0031248975995149587,0.007889689469383844,0.001147414954116463,0.006844676956248624,-0.0032626053422159166,-0.02342546630719085,-0.009009114235208546,0.012866555308124347,0.015769003623240314,0.0,0.004376370490078383,0.03941394202591609,0.018576309974434393,0.03460554690574493
2024-11-05,0.009533011092536603,0.006220898462264666,0.009775103617499045,0.0022910040004316336,-0.0027322514051925087,0.0021761433021232476,-0.004524827613520422,0.0022599281009523238,0.0,-0.0013045940706313817,-0.021506203825053933,0.03854873485971994,0.014388787133215076,0.0030628651290466914,-0.02061921202995298
2024-11-06,0.005676409079212935,-0.0015515797178738521,0.0,0.0011433625813766016,-0.006863401255793512,0.021506265645817726,0.016863813389182917,0.013453011568251046,0.021082979901941662,0.018111694504854108,0.021506203825053985,0.08841087257985276,0.055569924634703886,0.03898544671295359,0.006920360727200047
2024-11-07,-0.0018885255751839658,0.007733936070178015,-0.0009730639793544565,0.0,-0.0013784317510827353,-0.00854717069572573,-0.004469328731467694,0.0022247346779858215,-0.0013918247884045934,0.019048105391197577,-0.043485109085879096,0.019048267638185915,-0.05081938406072194,-0.017804624633506707,-0.013889205560563776
2024-11-08,-0.007590268990940167,-0.006182356352304166,0.0,0.006833895747542978,-0.005532469042369177,-0.016225252713673703,0.004469328731467707,-0.002224734677985856,0.002781644916642178,-0.008843900740472345,-0.022472854327838104,0.01125714344632857,-0.02884801430955029,-0.030397477184371045,-0.014084660962053394
2024-11-11,-0.015355390389159694,-0.009345796061779705,-0.012739053578130493,0.0011343983002519665,-0.0013879299643251187,0.007604506402398157,-0.010084054628878769,-0.017978103082673145,-0.021053316625136976,0.005063286462922657,0.0,0.029413856841548108,0.0,-0.009302392662313561,-0.03610493323923918
2024-11-12,0.013448762065053297,-0.0015660767764201057,-0.001974484837582578,-0.007968294047795083,-0.0013899267078882449,-0.020777094293277468,0.0022496290178021096,0.0067798081741069546,0.0,0.0,0.0,-0.06744130691148793,0.017305704656778696,0.009419221916491558,0.014598716607239489
2024-11-13,-0.005741593658280999,0.010911872838199879,0.007874059569010862,0.009101406946563024,-0.0027854588495087127,0.007705172998940209,0.011173305683731384,0.0067339219358330165,0.021053316625136844,0.00503777869204773,0.0,0.03053678569855424,0.009756134504272469,0.0155041116497894,0.0072201630885096535
2024-11-14,-0.011583142839150651,-0.007782085231407999,-0.0009807989401910406,0.0011319453302996798,0.004175385557396885,-0.00219547387017561,-0.00222483211828171,0.0,-0.006968638890101647,-0.0012571644144979753,0.02247285432783802,0.033274756617696515,-0.01960844980072668,-0.015504111649789442,0.00716867013478132
2024-11-15,0.005808392821176719,0.007782085231408012,0.009765754936158982,-0.0033994565293198418,0.004158024178178058,0.0010982842938313678,-0.0033463292466632466,0.0,-0.0070176129685930585,-0.045023647323268315,-0.022472854327838104,-0.007299295494986557,-0.02000070555618844,-0.015748279704630275,0.007117383408708498
2024-11-18,-0.0019324183887984405,0.00464042863263303,0.007744474482497941,0.003399456529319812,-0.001384155364430618,0.007654618929741934,0.0,0.006689107650719028,0.011204606942052555,-0.006600562125392538,-0.02298951662958419,-0.02974194019765308,-0.00506328110512717,0.0,-0.021506216631999676
2024-11-19,-0.009718200011151852,0.0015419277196712404,-0.006773202539497091,-0.0022650582290678015,0.005524961944029718,0.0,-0.002237047439177465,-0.013423029586552018,0.004169606204179112,0.006600562125392641,0.0674412762182475,0.01125714344632857,0.015113636577635977,0.0,0.028573387551624863
2024-11-20,-0.011788060039144982,0.001539716922232629,-0.001943685112912509,0.0,0.0,0.0010886089267039404,-0.001120403165626671,-0.00677980817410692,-0.00835660017763852,-0.007926041576936724,0.0,0.014815071394203828,-0.02020268502091853,0.0,0.0
2024-11-21,0.007874058047833749,-0.0015397169222326691,-0.0029225309058095337,-0.00340729394771567,-0.012474216315174046,-0.0065502713434742255,-0.01695914762819774,-0.0022699558344527683,-0.035590932812821156,0.0013254794515441515,0.0,-0.011090675941079016,-0.0686284769445877,-0.055479229583737424,0.020906695602991993
2024-11-22,0.0,0.001539716922232629,-0.0009760121935460919,0.001137093580420887,0.0027854588495087335,0.007637805718893566,0.009080633610057974,-0.004555897555175973,0.014388746867026436,0.0026454959991556574,-0.044451759588663216,0.011090675941079061,-0.03333648435371217,-0.0272125635248847,0.0
2024-11-25,0.00975622757008495,0.016781519274959196,0.019342871563319885,0.011299469642522061,-0.026780977307712225,0.00542010998029722,0.008998917183766492,0.01585530591068912,0.0028530708332039937,-0.001321975219408462,0.044451759588663146,0.021819026584723566,0.044206111411269115,0.053704178971861166,0.013698851302752942
2024-11-26,-0.007797311649203051,0.009036141867928456,-0.00383868046482111,0.0,0.029558833979925644,0.0021598015675187657,-0.012394484657715287,-0.004504361006638338,0.0,0.0,-0.021978905260825216,-0.02181902658472355,0.05264377050049155,0.04473589384139152,-0.006825968518912498
2024-11-27,-0.00392157425477626,0.016357283631818972,0.0,0.0,0.00553246904236913,0.0010781540202007426,0.0033955674739488137,0.002254716659684821,-0.004282700714354173,-0.01075279177626185,0.0,0.0,0.06933464633927693,0.066489741268833,0.006825968518912516
2024-11-28,0.0019626583338944793,-0.016357283631819028,-0.011605647999143182,0.0,-0.0027623748285163165,-0.008658065568016609,-0.0033955674739487977,-0.00677980817410692,0.0,0.0,-0.022472854327838104,0.02540969133415142,0.009523842422499498,0.008733679968754631,-0.02758805686331662
2024-11-29,0.0,0.013403014375679513,0.0058197581871202875,0.0022448351900556484,0.004140806579599205,0.003255633571416522,0.004524827613520542,0.013513730109939833,-0.023155972727446645,-0.020478496247478946,0.0,-0.010810905886807262,-0.01432005322155581,-0.014598799421152636,0.0
2024-12-02,-0.011834356593830734,-0.03003223355355079,-0.00581975818712037,0.0,-0.008298830757777037,0.0010827150673996702,-0.011350749187203356,0.0,-0.013264721547955195,0.0055020071544296415,0.0,0.007220241137379365,-0.02927032104908304,0.014598799421152631,0.04779077425049292
2024-12-03,0.009871698259936414,-0.006116183397474263,-0.0038985430993555724,0.0011204169218210142,0.002773868813747429,-0.006514491940939638,0.01135074918720349,0.008908903869047512,-0.007445943098148191,0.009556490766765085,0.0,-0.014492993530554128,0.06701072252460528,0.06995858860691047,0.026317321133300167
2024-12-04,0.0,0.007639482789083586,0.006812754068824911,0.0,0.011019499635203307,0.00651449194093964,-0.018223701434914124,0.004424751035614584,0.019245572909098865,0.0,0.0,0.01449299353055419,0.03189328766615612,0.016086137751624444,0.025642442780356597
2024-12-05,0.003921574254776253,0.0015207408280206037,-0.0009705258565567158,0.0,0.0041011149698122855,0.0010817613414808671,0.0,0.00879119643927092,-0.0029368616344145238,0.006770471762407425,0.0,-0.01085000573261631,-0.013544114255969578,0.0026560440581162104,-0.019170004756884677
2024-12-06,-0.005888092192731679,-0.01069513234644206,0.0029083643965142846,0.0,-0.001365192553168919,-0.0032484740115164036,-0.008078547964319244,0.002185832237283303,-0.005899726084210319,0.004040511997911196,0.0,-0.007299295494986557,0.02247281661404619,-0.010666767804195192,0.0
2024-12-09,-0.005923070554691802,0.00917439151842133,-0.0029083643965141697,-0.008999027266266238,0.013568709305743705,-0.012002398200646103,0.002314722807797276,-0.008771916909095633,0.02194672576670068,-0.0026918598809227913,0.0,-0.05651224682126436,-0.04082199002423276,-0.0244245520070749,0.0
2024-12-10,0.0,0.0030394137993397974,0.006773202539496968,-0.017094419504917642,0.002691800838020574,0.00983076223186513,0.014917188211299762,-0.004415096800899466,-0.010181876319351161,0.005376288452433472,0.0,0.0,0.0,0.008207980417829582,-0.0064724380234718664
2024-12-11,0.0019781887787080838,0.0,-0.011639418558219143,-0.009334918194363877,-0.0383609329477543,-0.0032661577635817894,-0.006857126362884462,0.019715988628724,0.005830924176060592,-0.008075414005545418,-0.02298951662958419,0.0038684732099547887,-0.013986240391633462,-0.01648388972168937,-0.006514764785423457
2024-12-12,0.00197448902408583,-0.004562713190949009,-0.004890011920247042,0.0023419998857665564,0.0013957463809989017,-0.006564604468283423,0.0,-0.00871480715601228,-0.014641559741631236,0.0,0.02298951662958432,0.0304206584144852,0.0,0.016483889721689415,-0.006557323105577394
2024-12-13,0.0,-0.0015254615343769117,0.0019590138347091576,0.012783458228581302,0.0,0.007654618929741934,0.022676718621588987,0.0,0.011730347607173565,0.014755431684899891,0.0,0.02952241069181086,0.01860522302414676,0.005434795985956995,0.013072087891000722
2024-12-16,-0.0019744890240858126,-0.0015279542092295026,0.0,0.0034579271916432767,-0.0027933074028433044,-0.006557429353397719,-0.0011217741747474716,-0.0065860846718123235,0.0,-0.0013323435003743474,0.06595796341371725,0.018018488472779662,-0.009259399307339947,-0.005434795985956945,0.0
2024-12-17,0.00197448902408583,-0.012307923448689086,-0.0157794240422691,0.004592700270327631,-0.0070175966358102275,-0.01658425773483013,-0.01355955982291718,-0.004415096800899466,0.005813973708247229,0.001332343500374407,-0.06595796341371715,0.010657284544895063,-0.014051752390335721,-0.0027285146532040625,-0.026317321133300084
2024-12-18,-0.0019744890240858126,0.003091252585374834,0.0009933663921256302,-0.003442517339390828,0.004216533091739705,0.006666610219956862,0.0022727525798882328,-0.006659296898487987,0.02008677167274358,-0.0013323435003743474,0.0,0.034725761116849135,0.009389815270330754,0.0,-0.00668899146229449
2024-12-19,-0.0059464485703322285,-0.012422513864040982,-0.003980005535772928,0.005730694520070207,0.0,-0.0033277496587879635,-0.0011356727513273733,0.0,-0.00999298813060271,-0.018843086510809588,0.044451759588663146,0.013559516634678477,0.1752874740784192,0.10863384100279537,0.006688991462294518
2024-12-20,-0.00999004226922609,-0.015748328048277666,-0.0029953834295525623,0.004561049890436155,-0.01412457619995306,-0.005570977057280867,-0.0011370798285608975,-0.006703825433994838,0.0,-0.001359654040530478,-0.021978905260825216,0.04284011827973029,0.011696038656099621,0.014598681846236453,0.006644464295378587
2024-12-23,0.011976192293561326,0.009478759828223814,0.01685694626382954,-0.002277752587096502,0.0,0.004459261742521003,-0.00341866906810684,0.013363122332482824,0.004294963324885806,0.004073290769071653,-0.022472854327838104,0.03174874397942956,0.0,-0.007272641754163536,-0.006644464295378493
2024-12-24,0.0,0.00938967336884157,-0.006906763743895798,0.0011394675571779849,0.007087157080881291,0.0011117153147600254,-0.008023109484558052,0.006615356747297041,0.005698024805716923,0.0054054871508549636,0.14763593021613863,0.015504171634804168,0.007722014243733187,0.0192777054259031,-0.027028685906088697
2024-12-26,0.003960298545997019,0.0015564095056893993,0.004938208570015578,0.0022752758400789424,0.016807175623382374,0.00221995257108774,0.00573725347412603,-0.002200259946397653,0.007077210561787096,0.009389637794402612,0.0,-0.009273627900164807,0.0114724927658975,0.023585885541974334,0.06624941803679993
2024-12-27,-0.0019781887787080604,0.004654746624188986,0.002951480899368095,0.0,0.004158024178178058,0.004424620465010676,0.017016868902173805,0.006586084671812288,0.03873232011346327,0.001334324837010959,-0.01980256693704469,-0.006230543734639407,-0.003809651384244166,0.0,0.031548372468955
2024-12-30,0.013766248817852936,0.0,0.0029425969983008058,0.004535307155964335,0.0,0.009884858876387435,0.005608656520935692,-0.0065860846718123235,0.006761321319131785,0.013245158897635717,0.039220652794146216,0.0,0.018904214681241264,0.01847638963147805,0.054394096402947636
2024-12-31,0.0,0.003091252585374834,0.006832506619198295,0.0,0.009635344270772858,0.010869647896993791,0.0022345477888849334,0.004395576739493091,0.006715845063967307,0.0,0.0,-0.01257876994641129,0.0,0.011376686982108048,-0.0058997247033099245
2025-01-02,-0.005876660325205729,-0.004640428632632971,-0.006832506619198279,0.014598667555133948,0.0,-0.019651376153171758,-0.0067189078497732965,-0.0043955767394931455,-0.012121267321682044,0.0026281891901129752,0.0,-0.01273908961882177,-0.007518801188737514,-0.006810469002526752,-0.03614860591369479
2025-01-03,-0.003936910689853572,-0.0031055705769309563,0.003909975713388817,-0.014598667555133884,-0.002743561986436203,0.003302219647177911,-0.00563382030415745,-0.008849659021401664,-0.010899297960990935,-0.001313164301403409,0.0,-0.025975462271824953,0.033398276389422124,0.01581953894489281,0.05954142431171545
2025-01-06,-0.003952677802793755,-0.001556409505689267,-0.005870810860437964,0.005640078204174603,-0.00137457535482708,-0.005509699128764564,0.0,0.0022197962183284044,-0.001370768428373872,-0.0013150248887094228,0.0,0.0032840721155310434,-0.007326098729548626,-0.004494389587839326,-0.02339281839802061
2025-01-07,0.005923070554691883,0.0015564095056893993,0.0019608351470492796,-0.0011254736726067096,-0.009675231107687438,0.0011043488613772677,-0.005665740150964082,0.0,-0.01799361228703014,-0.006600582926806814,-0.03922065279414624,0.025891466129339763,0.003669758315095313,0.01342302033214077,0.023392818398020643
2025-01-08,-0.009891330346316073,0.0,-0.0019608351470491777,0.0033728537399836515,0.0,0.0,-0.0056980237598134005,-0.013393181457927053,0.0,-0.04330852261537029,0.0,-0.035776216043600484,-0.01848478281775314,0.00221975673831281,0.005763707585240773
2025-01-09,0.0019861500243350504,-0.01251971950346129,-0.006893260628819906,-0.007887458271551469,-0.02247286353640625,-0.0022099186576245936,-0.01380922534888422,-0.0022496443469533778,-0.01406486789521779,-0.011126749457276307,0.019802566937044748,-0.016694862623372227,-0.08565546667398037,-0.07121274412053887,-0.0470675347735952
2025-01-10,0.001982109767288898,0.007843204848984348,0.004928573052080362,-0.0022650824538108395,0.0028368219719791758,0.0022099186576246916,0.008078547964319258,0.0,-0.0014173997600125294,0.008356594294795072,-0.01980256693704469,-0.03424997255103744,0.012121359343270487,0.011834573542277406,-0.018237597123360892
2025-01-13,-0.0019821097672889703,-0.018928042589914446,-0.011869479288392989,-0.0045455005422322965,0.005649751968376606,-0.0033168233773105127,-0.0034542129959155535,0.0022496443469534905,-0.014286038713166718,-0.0013879605656174718,0.0,-0.02469258974538504,-0.07937361467308825,-0.060624621816434854,-0.00615379270035698
2025-01-14,0.011834356593830728,-0.0015936145283098316,-0.010000035250362617,0.0011382850299183325,-0.002820886027331875,-0.008898726716068863,-0.019802600279997577,-0.011299408355513074,-0.0057720257951180175,0.0,0.0,0.0071174611259955806,-0.0535842422603893,-0.048665235860564496,-0.018692219212918425
2025-01-15,-0.005899569023748011,0.01582308667308973,0.005012568274926193,-0.002277752587096502,0.002820886027331982,0.0033463091411819828,-0.017804632166526932,0.0,-0.02342714936096005,-0.019635974516858962,0.0,-0.05841070621647186,0.004576703641996754,0.005235677933228421,-0.07847157585950999
2025-01-16,0.0,-0.003144634403849738,0.0039919212520191484,-0.005717587132007378,0.0014075330685290263,0.0,0.0,-0.0022754712522024766,-0.02855188401357192,0.008462745392453489,0.0,0.0477154270997408,-0.004576703641996632,-0.00786380050760141,0.0
2025-01-17,0.0,0.0,0.000995545723417176,-0.015020598298539196,0.005610063567281305,0.007764892090820054,0.005970048290182407,0.011325235260762016,0.03593203369204154,-0.005633889191975897,0.0,0.010695279116731049,0.004576703641996754,0.025975550450647582,-0.006825968518912498
2025-01-20,0.013712211827102545,0.0015736366289303453,0.0,0.009270132285970555,-0.001399585122990789,0.0,0.013010255755015852,-0.02971641381740894,0.013148371578577935,0.014025475354504458,0.0,0.04167273953607601,0.01809996707355389,0.0,0.020339694443794347
2025-01-21,0.0,0.0015709977749195053,0.003972200958511725,-0.01627950691576194,0.0027971461448351755,0.0,0.014002593432922643,0.013825113718200359,-0.007283248215438699,0.004169603527494314,-0.0202027060857004,0.0,0.06088833338424587,0.030305288953022973,0.05864875537595105
2025-01-22,0.007751977587907157,0.0,0.0,0.0011716266982603459,0.0027894117477518976,0.0,-0.02701284918793846,0.006841536090648907,0.01451405246387914,0.004152219809997854,-0.06317889760473036,-0.01715306238996867,0.00840358010266379,0.004962789641843486,-0.019170004756884677
2025-01-23,0.0,0.0,0.0,0.0,-0.0013936653667529276,0.002207479481586703,0.008298831370570778,-0.013730201418852938,-0.005780366714028979,-0.008321823337492217,0.0,0.0,-0.00419291155219378,0.002472249387980673,-0.026145294861393525
2025-01-24,0.003853469399327889,0.0015687828383426595,0.0,0.018561941538667727,0.0027854588495087335,0.0011019150638384787,-0.02148052617340084,-0.0023068470952286395,-0.0029027615737895274,0.0027816429618767705,0.12260225648457701,0.034016852168778755,-0.11568445866603431,-0.11500910877365819,-0.013333455757672943
2025-01-27,-0.0038534693993278516,0.0,0.008880204055369226,-0.011560745805893924,0.005547950886066293,0.0,0.02148052617340079,0.011481150958905529,-0.02353058833601098,0.0013879605656173712,0.0,-0.04795442977383938,-0.0938961201828631,-0.11432641278847258,-0.05518644375025188
2025-01-28,-0.0116506183999503,0.0,-0.008880204055369179,-0.004661817530043389,-0.011126717138418216,-0.0033093945454251,-0.01907086073099762,-0.002285638535472914,0.011834540796811177,-0.0013879605656174718,0.0,-0.021277378657777766,-0.015666116082318087,-0.03475871162243199,0.0070671709196252425
2025-01-31,0.009718200011151942,0.007806302261268879,0.0009905145859853497,0.004661817530043511,0.0013975610218444302,0.0,0.004801981070244233,-0.013825113718200418,0.0,0.005540180375615351,0.0,-0.010810905886807262,0.005249398034032038,0.006410356618176821,0.0
2025-02-03,-0.003875974432378235,-0.001556409505689267,0.0039526755293979,0.0,0.0013957463809989017,0.002207479481586703,-0.015691311767270653,0.00231753924274569,-0.0014717832166162915,0.01235434421395661,-0.1226022564845771,0.04948009360403224,-0.015831463864418166,-0.02589141393274159,-0.007067170919625275
2025-02-04,0.007736983672993748,0.003110400364746299,0.003937013939985864,0.0,0.004175385557396885,-0.005527751085219996,0.0,0.01834911056610364,-0.002949856954669232,-0.00821922406664223,0.0,0.020478511345710722,0.0,-0.0032840752011898846,0.021053505795417173
2025-02-05,-0.0038610092406154263,0.0015515797178737912,-0.00098292572548792,0.009259402992582356,0.0055401318071407295,0.003320271603633213,0.014492915497668858,0.009049764008559502,0.005891037840175519,0.031146761849710186,0.0,-0.0033840947077598857,0.036557634144986854,0.041874072471059016,0.05406716265942863
2025-02-06,0.007707168406772349,0.0030960377797731296,0.0029454865169304977,0.02502955883192376,0.0013802671995536413,0.0,-0.009638485736167175,0.0022496443469534905,0.007315437735852097,0.0053190936252150815,0.06317889760473029,0.010118120402112027,0.010204127829821937,0.018750549345376028,0.006557323105577345
2025-02-07,0.0,0.0015443908528597837,0.0009800362068581397,-0.01814089810179781,0.0,0.0011043488613772677,0.016806930295951636,0.0,0.0014565551408913234,-0.021448543407483627,0.0,0.010016768674619233,0.02506398666131577,0.06298933415074189,0.006514764785423351
2025-02-10,0.003831422885808768,0.0,-0.0009800362068581806,-0.009195428039394713,-0.001380267199553674,-0.0033168233773105127,-0.009569431781398302,0.0,0.007251778498474436,-0.020534496862272877,0.0,-0.026937629779427427,0.0,-0.00583092031079321,0.0
2025-02-12,0.013295593662702535,0.015314126826550553,0.01169614246770695,0.025086757030779512,0.00550967465537377,0.007722173644697546,-0.009661829507824262,0.011173385239598703,0.0071994236110223065,0.0013820646475166858,-0.020619285919590873,0.0,0.019608449800726593,0.008733679968754631,0.01929321211806572
2025-02-13,-0.00757579455683332,-0.006097455963236378,-0.010716106260848738,0.00896874479023319,-0.009661876498189358,0.0,0.0012128075879040412,-0.011173385239598672,-0.0043134168281118036,0.02320926724862252,0.08004264479943748,0.013559516634678477,0.004842545904518426,0.0,-0.00638980112065471
2025-02-14,0.0037950713441568928,0.0015279542092294948,0.0009789776278509613,-0.010095486581195273,0.008287301143362399,-0.0033022196471778195,-0.0024272116058321933,0.008948650561612736,0.0014398496505900183,-0.010854923034665951,-0.019418085857101627,-0.010152361634350938,0.01438873745209967,0.011527505171067414,-0.006430972973939139
2025-02-17,0.0,0.003048760925986293,-0.001959013834709113,-0.017055500425834376,-0.0027548321009930885,-0.0022074794815867445,-0.01008831897125263,-0.004464372972733197,0.0014378520599168977,-0.012354344213956628,0.0,-0.013698830935582187,-0.02409751210178779,-0.03202595471347543,-0.012987202808895246
2025-02-18,-0.0018956858665363356,0.0015207408280206037,0.00781254282605646,0.001146112647988334,0.004129407455820226,0.009895727374335708,0.00883285408489749,0.006689107650719028,0.0014357151176048499,-0.005540180375615356,-0.060624558942335906,-0.045863456564237064,-0.014742221055556988,-0.014903550595616434,0.006514764785423351
2025-02-19,-0.0038023854869112523,0.019564306844671236,-0.0029225309058095337,0.004571474484019238,-0.009661876498189358,0.0010934803634291086,0.0,0.008849659021401623,-0.00575541554563938,-0.0013896773443886291,0.0,-0.014545697130018563,-0.009950350083679758,0.0,0.012903410997411094
2025-02-20,-0.005730625605625396,-0.007479492642654947,-0.0009760121935460919,-0.0022832973033397115,0.0,0.0,-0.002515730370783667,-0.011074393699387388,-0.004338367996501496,0.017918979295599168,-0.02105340786008556,-0.02974194019765308,0.014888611297764281,0.0,0.0
2025-02-21,0.005730625605625438,0.001500364756224866,0.0009760121935461667,0.0,0.006910900793451834,-0.005479508609000212,0.0,0.0022247346779858215,0.012959116985876273,-0.02349793568038822,0.02105340786008559,0.018692114685078528,-0.0350912963186829,-0.03359087134892701,0.0
2025-02-24,-0.0019066283241063078,0.0,0.011639418558219053,-0.003434289828667715,-0.0013784317510827353,-0.0010994918485814874,-0.005050465001862332,-0.006689107650719013,-0.024621064464451066,0.02213091627685073,0.04082199200529117,-0.014925635610135437,-0.015424531618821872,-0.015649771667127665,-0.03257626783533261
2025-02-25,-0.0019101707724720775,-0.019682634921477565,-0.001930551950919561,0.003434289828667832,0.00824183300687616,-0.006622681796116209,-0.011457853085203525,-0.002239452461261655,-0.01775203281380107,0.008174501205418256,-0.06187539986537683,-0.015151880967518485,-0.02624818191270428,-0.022329554907789335,-0.06145272858829962
2025-02-26,0.02268528618643765,0.015174770435271495,0.0257524803542703,0.011363911206851145,-0.001368863564619817,0.018651220170394237,0.01650831808706597,0.01997847907978007,0.013343387962770362,0.0013558288372803938,0.0,0.015151880967518554,0.00530503036453822,0.009630971570661943,0.03460554690574493
2025-02-27,-0.003745225421402228,0.017910878861885506,0.002820948568303304,-0.01022172564762053,0.0013688635646197556,-0.009830762231865202,-0.012674407309586752,-0.013274653645785143,-0.001473728985815276,-0.004073290769071595,0.0,0.022305735765589245,0.0312526037804485,0.015848192240023713,0.0
2025-02-28,0.005612688523921713,0.021946824655288147,0.004683779580059771,-0.0011421855592305607,0.018970691756883186,0.005473510285219283,0.01644560256672546,0.008869281931928891,0.002945512202431456,-0.006825860266260552,0.0,-0.0843411589522175,-0.03125260378044864,-0.00314960890289622,-0.048790101234078696
2025-03-03,-0.0037383224750632345,0.0,-0.009389600227258191,-0.0022881771806794898,-0.00403492359911574,0.002181108644522481,-0.011356521565445912,0.0066006885069518646,0.007325934330784112,-0.0013709764599741877,0.02105340786008559,0.007968162080333152,-0.010638354240894479,-0.022329554907789335,-0.007168670134781285
2025-03-04,-0.007518833151191359,-0.007262144048790129,-0.00947879397707036,0.0011448005774235919,-0.009478776450725352,-0.004366874978002179,-0.010204193279743664,-0.006600688506951769,-0.00732593433078422,-0.0068823047194498535,-0.02105340786008556,-0.10889408489009147,-0.06062463804539259,-0.04959686262967156,-0.06693943079436011
2025-03-05,-0.0018885255751839658,0.011594249951732508,0.014184614624268795,-0.005737500847751306,0.002717402324112721,-0.004386028245571118,0.0,0.0218348693409733,0.016046999682490445,0.0013802975650201528,-0.021506203825053933,-0.026907427025710466,0.05526265197579576,0.030052345066401837,0.030305458544742724
2025-03-06,-0.0018921976374925505,-0.004332105902942378,-0.018957918747204126,0.00802306301023784,-0.0013577119757045082,-0.006615268925011846,-0.020726178179777125,-0.008676663971030422,0.002890177427000401,0.013698843880664438,0.0,-0.013730179327818531,0.010695309945952986,0.01954451756326953,-0.007490675189860377
2025-03-07,0.00754730441955239,-0.004350954729214662,-0.006721175610722049,-0.024577057075684496,-0.013680083311243697,-0.005546369693233767,-0.010526372348685248,-0.008752833656086647,-0.008695786563857368,-0.023793981036947996,-0.021978905260825216,-0.0186051692614049,-0.03794497294634558,-0.009724471382294231,-0.022814783354882257
2025-03-10,-0.005655106782059734,0.005797076270776403,-0.013579213365493099,-0.011918915934976236,0.005494537691173631,-0.023636492780331295,0.003960442723665987,0.0,-0.014663030716918816,-0.017143291289900775,-0.022472854327838104,-0.023754176416018246,0.010989209533284106,-0.006535970979785533,0.0
2025-03-11,-0.0018921976374925505,-0.008708265590351842,-0.002933963519842662,-0.003603613519723159,-0.008253236641810064,0.005678652076682121,-0.015936694281419053,-0.006615356747297063,-0.010393531008101186,0.0014398382511155237,0.0,-0.04423321350471022,0.0054495820551214895,0.013029421526556447,-0.055350027196420556
2025-03-12,-0.00587661683421006,-0.008784922043740949,-0.004977567042132492,0.017889594406200988,-0.01952642140319105,-0.020833975492219523,-0.016194657090231688,-0.018307110179126587,-0.030305294965855562,0.0,0.0,-0.03580947984078617,-0.021978949235508968,-0.03960905933126851,-0.016393716119008913
2025-03-13,0.011718900706437305,0.004402030245684164,0.012890496251185301,-0.019093790163602076,0.0014075330685290263,0.009313236015560401,0.017532486026711182,0.03405546359624355,0.030305294965855555,-0.0028817526260622338,-0.02298951662958419,0.08961213562836542,0.011049857678560596,0.006711434587986778,0.07174374331542958
2025-03-14,0.0019398022002419515,0.002923958073071342,0.0,0.003608007357172036,-0.0014075330685290113,0.002314675701721358,0.007989408394215618,0.0,0.0,0.014326856452183716,0.0,0.06006429470884671,0.05868345482759282,0.042559536412362674,0.030305458544742724
2025-03-17,0.009643258022694827,0.021661573051321395,0.004914069770502008,0.0047904760239767235,-0.0014094483392483859,0.016055444850758143,0.015789773216536653,0.013303994206615872,0.011869658976955055,0.004258349212663698,0.0,-0.03653370752864489,0.025576861167231662,0.025317885990723054,0.007434890524139069
2025-03-19,-0.005774808114686776,-0.0014296584530570854,0.002936833839418712,0.010695306782453146,0.001409448339248385,-0.006849381075820384,-0.006548794706688308,0.0,0.0,0.008462680889663123,0.0,0.03653370752864489,0.010050355472508751,0.021639175103481248,0.0
2025-03-20,-0.017527152814687367,-0.01006471528292694,-0.0029368338394187635,0.0011812588440391436,-0.04759372042024807,-0.005743778900320584,0.0,-0.013303994206615781,-0.004434637476038065,0.0014034633472715227,0.13062017382297791,0.07346718306516868,0.029558799884406423,0.04192230638626344,0.0
2025-03-21,0.0,0.017910938803250252,0.003913864909585981,0.01755460592658877,0.019020319154945432,0.01486597636722388,0.02594178774665705,0.0022296229409972676,0.004434637476038005,-0.004216454037671843,0.0,-0.055688953999434625,-0.004866228745169634,0.0029282597790883597,-0.014925565713999573
2025-03-24,-0.0019667045250327795,-0.007423963065168757,-0.01773439717670974,-0.010495740994730933,0.007220272847988824,-0.01601881629919003,-0.020699299754012388,-0.00222962294099725,0.0,0.0,0.0,-0.03132244105220812,0.0,-0.011764769573653393,-0.01515190626333643
2025-03-25,0.005888250760088051,0.008902179715134786,0.0029776434321559316,0.001171687046228714,-0.007220272847988851,0.0034543119227712195,0.01941809825302748,-0.008968651843755398,0.002945512202431456,0.0014075548651370337,0.0,0.0444517201643673,0.019324310792582226,0.01759568988444654,0.03007747197733591
2025-03-26,-0.003921546235055251,0.004421509460154678,0.0009905807624422355,-0.0035189544279766493,-0.0043573204674527515,0.005730612715246517,0.026567056271406875,0.006734046573514842,-0.0014717832166162915,0.0014054358252634594,0.0,-0.0131292791121591,-0.019324310792582296,-0.011696039763191298,-0.007434890524139113
2025-03-27,0.017527152814687228,0.013148426275761748,0.010832211330709048,0.011682201743173174,0.013843536016368028,-0.0068806866141297145,0.013639332441310159,0.004464228211237825,0.017857715520485,-0.0014054358252633334,0.0,-0.03132244105220812,-0.009803959841472355,0.0029368596733097057,0.026072240648211405
2025-03-28,-0.023438608477459624,-0.007283302887015384,-0.013806902237738249,-0.019942123088823916,0.0014461537683033625,0.0011500738988830745,-0.04148929709735037,-0.015713002634472648,-0.013363282552567232,0.008403417277237342,0.0,-0.013730179327818531,-0.014888611297764405,-0.0237400603901814,-0.014815046965983727
2025-04-02,0.019570158569451393,0.00873364893435598,0.011846036591260692,0.0,-0.004344680450743694,0.0011487527481858007,0.021588158343467764,-0.006810369831141711,0.028004827658252022,-0.0041929515967121436,0.0,-0.004618941278365068,-0.005012521083099183,0.011940441239420684,-0.007490697736080339
2025-04-03,-0.0058309289088994505,0.0,-0.006893123058938782,-0.005941523008194819,-0.020528536420093918,-0.015037828972108902,-0.020305249958834492,0.0022752806297486375,-0.013167691384827183,0.023530562628671023,0.0,-0.009302383378101402,0.0050125210830991055,-0.020990203672230093,-0.015151858225606486
2025-04-04,-0.0019512559477488948,-0.01607046265108394,-0.017946685074767696,-0.0035822177986913973,0.0059084544953688966,-0.012903380774365744,-0.005141347686728316,-0.006841546411439544,-0.007391087577649864,-0.011004223099523,0.0,-0.07267123452566707,-0.046043934688026526,-0.03077165866675366,-0.054915760599623074
2025-04-07,-0.023716562969896444,-0.04518848206227229,-0.02857332586224363,-0.02421419845229185,-0.011852026417750223,-0.031177602773197616,-0.05020874328461741,-0.037300403087656114,-0.027069284082194705,-0.0731509394362504,-0.1782482193885721,-0.2181309993818377,-0.07048991703093421,-0.06787742240308585,-0.09289365984411607
2025-04-08,-0.01207249768924579,-0.0015419626678989202,0.0031007504799863894,-0.03618612502063279,0.002976237593385006,0.004860284289822736,0.002706367737689313,0.0023724459418413167,0.007593048507438095,0.004454353991198095,0.0,0.03681393811396401,0.0,-0.006711434587986804,0.0175442636589824
2025-04-09,-0.03922070086724901,-0.03934422631811644,-0.04647078159257618,-0.024438534816153105,-0.0029762375933850746,-0.030771690655446472,-0.016349107612367825,-0.03129006508455464,-0.03072437310571571,-0.0014826059274555064,0.0,-0.08154986555601308,-0.02849190770085249,-0.013559529785632362,-0.044451810781297826
2025-04-10,0.050292781050532025,0.036253070925067216,0.04025963606591822,0.045809487796518326,0.01332371920547558,0.03681399930764915,0.03110457353320854,0.038373935619870764,0.036757631636073436,0.04070335045639819,0.15762893346898119,0.08154986555601311,0.028491907700852578,0.03685509238915429,0.04445181078129788
2025-04-11,-0.0171634785430698,0.00309115539304927,0.0,0.006199801734738793,0.0,0.0,0.005312109486401189,-0.00235567948724706,-0.006033258530357804,0.0014234414293730002,0.0,-0.006042308797982368,-0.01699757558916424,-0.01324522675002068,0.05085848998745962
2025-04-14,0.007103050765131241,0.016832830647211132,0.005178629959824488,0.002468977720428989,-0.002945483411369613,0.015541207086655849,0.007915561580742537,0.016374747576126097,0.012030186878981702,0.015526059957588502,0.0,0.0645385301685781,0.03922075584079185,0.03922063514684813,0.01639376633994007
2025-04-15,0.005042865361500266,0.007558639497571048,0.012320478915313475,0.006146392585099736,0.0044149425793431896,0.014134591160101198,0.009156364148894118,0.0,0.0044742496385648195,-0.011267710744924761,0.0,-0.034685524520041776,0.02710194903853237,0.03464921341960745,0.016129339884089197
2025-04-16,-0.010111290161301165,-0.012121368938871948,-0.005115055736437834,0.004889912591860677,0.001467444662773863,-0.028471657510923745,0.009073348896857097,-0.002322963886147755,0.0,0.002828834969243432,0.0,-0.011834516917728074,-0.027101949038532372,-0.021910109635744458,-0.01612933988408916
2025-04-17,0.0030440955120202198,0.0,0.0,0.002436139489110788,0.0043891051546871805,0.0024037614101179833,0.006430873199920868,0.0069525341178318534,0.002971799057210053,0.009838480644043244,-0.04255961168513958,-0.005970161462834003,-0.005509700031457007,-0.00634922767865878,-0.02469259771568049
2025-04-18,0.01508331493437627,0.006079050305120152,0.0172856866609033,0.02759617877317441,0.005822380151565142,0.008368159222994841,0.005115112278464057,0.013761714071626406,0.0014825942305419816,0.006968721338754413,0.0,0.04679218720457015,0.010989209533284106,0.01892800988551886,0.016529258627656297
2025-04-21,-0.004000078569857511,-0.00455580035037184,0.007031509365268981,0.0,0.0,0.011834564792527591,0.0025477778403260464,0.0022752806297486375,-0.001482594230541989,-0.004175374610404189,0.0,-0.02898750882400805,0.0,0.018576385572935457,-0.008230427251915973
2025-04-22,-0.0030104928033634756,-0.010711643328600893,-0.022267930818817974,-0.014303009449896237,-0.0072832522394169355,-0.009456231960331164,-0.008945798503423525,-0.006841546411439544,-0.005952382065294383,-0.012631827372393517,0.0,-0.023810696850553942,-0.03333648435371217,-0.02799560748942698,-0.01666700758945271
2025-04-23,0.0,0.0,0.006122312272827367,0.0,0.002919683546837515,0.004739176040206603,0.001282908384633512,0.006841546411439579,0.0074349762958362915,0.0237275580402259,0.0,0.06979576596997042,0.02785697485188525,0.02184166679774267,0.02489743484136857
2025-04-24,0.0,0.0061349926351684046,0.010121556478689384,0.008368185113507233,0.0029112540062888295,0.012918536243806978,-0.011605540708545841,-0.006841546411439544,0.007380178019642756,-0.011095730667832442,0.0,-0.01699756029540832,-0.005509700031457007,0.00921673022222993,0.0
2025-04-25,-0.008072743561155315,-0.00306283055937618,0.003016667432606636,0.005934824336389005,-0.0014545675785324246,0.0034945485663903132,-0.002597409962705515,-0.0022909183441513553,-0.0029455383933926615,0.011095730667832456,0.0,0.07696103356728445,0.03794497294634549,0.018182245996082046,0.024292678972113253
2025-04-28,0.012084757065718987,0.01823760023693229,0.004007986112939792,0.019918638127161752,0.0029068822648228645,0.0,-0.010457635574420716,0.020431968822573972,0.00294553839339252,0.01641625120009885,0.0,0.04652003283681047,0.00530503036453822,0.011940441239420684,0.023716513657740725
2025-04-29,-0.004012013504563774,-0.010598118984123698,-0.005012598014552822,-0.024663652870469233,-0.0029068822648229925,-0.010520262574739033,-0.014560152195298035,-0.004504446537102668,0.002936815004021345,-0.009543320364200242,0.12260225648457701,-0.020408851769199408,-0.005305030364538255,0.0,-0.02371651365774081
2025-04-30,0.004012013504563676,0.01210303031954465,0.004012006536307427,0.03963221802009034,0.007251562715566666,0.009356807953497888,-0.016129352530375504,0.00898880609474769,0.016000279059802124,0.028361206648161885,0.01904819497069441,-0.005168026830771852,0.021053386329101052,0.01472787892984908,-0.008032200026355085
2025-05-02,0.0,-0.0015049113354208134,0.00598818862117541,-0.0011434369651361247,0.01861192094975543,0.002325557188727537,-0.00271371204491183,-0.008988806094747726,0.0,0.0,0.018692244788325745,0.06518597928502101,0.005194795583603325,0.002919710103334846,0.06252038678887906
2025-05-05,0.001000417505962721,0.013463208278876534,0.004962745572342439,-0.006888672511347587,-0.007117506427031001,-0.002325557188727529,0.017508805571927473,0.00898880609474769,-0.004338299923936679,-0.013405126136777539,0.0,0.014458069884836179,0.03562721663974052,0.023055776299925796,0.022472843531606758
2025-05-06,-0.004007993772878389,-0.00745725622507473,-0.009950342715272429,-0.006936455673137399,0.0,-0.0034985077391184514,0.0,0.0,0.018665329876543266,-0.0013503950956674125,0.0,0.009523872860951717,-0.030459204981768226,0.005681833467430864,0.0
2025-05-07,0.004007993772878415,0.010424581739749248,0.0,0.002317463748557021,0.0,-0.02723679054523588,0.006653432688809732,0.0,0.007087129095886321,-0.0013523566048855467,-0.018692244788325655,-0.004750598454041881,0.055151776121004956,0.019635974516858935,0.05756979306239782
2025-05-08,-0.01207249768924579,-0.011922653315979921,-0.0030044825833924703,-0.0023174637485569895,0.0014275735467487972,0.0023981756728887983,0.010554146997300024,-0.00448435955764502,0.009838404259569162,-0.004067669688299495,-0.019048194970694474,0.06006429470884671,0.028848153215081825,0.005540180375615351,0.0
2025-05-09,0.0010116524053446177,0.0,0.0,0.0034740125804221555,0.0,0.001196756296277595,0.0013115109649804856,-0.002249687015869825,0.0,0.0054200262931851165,0.0,0.02655020688292125,0.0047281791888039455,-0.00832189113138369,0.006968778897036207
2025-05-13,0.03086353604988805,0.022239608797409317,0.012954825298664721,0.013777851222363042,0.00568993288028205,0.01660779204635611,0.025874660331796653,0.013423048924586402,0.0027933939009407455,0.027983127039864702,-0.08004264479943746,0.0756663613148931,0.041576423736563964,0.024760617474543552,0.047466455901504175
2025-05-14,0.0,-0.00588237408257859,0.0,0.0068181063109206625,0.0014173876180131584,0.01053257426883189,0.01016529502499843,0.0066445567308602614,-0.0027933939009406952,-0.0026315606194440896,-0.02105340786008556,-0.028749385132645605,0.004514716478859763,0.018843087801479915,0.0
2025-05-15,-0.00985227778697386,-0.013363180383535227,0.003952539610783984,0.0,-0.004258272795068323,0.002325557188727537,0.0037854710244952963,-0.0044247212256855505,-0.0070175707061437,0.009180356010457533,0.08167796680242147,-0.025317884400500992,-0.009049797740074954,-0.005347606326595242,-0.02684718079921169
2025-05-16,0.003952646615955283,0.0014935204125110016,-0.003952539610784097,0.0011319013345165703,-0.002849047703226879,-0.008163338068575068,-0.0037854710244954078,-0.0022198355051746403,0.0,0.007802321875104303,0.0571585256161218,-0.021599091781746526,-0.018349173410186586,-0.013495481474884621,0.0
2025-05-19,0.0,-0.007490543885956816,-0.01496294072982518,-0.005672362350864322,-0.002857187973582696,-0.020107140951419626,-0.02690748295650231,-0.0022247741398337953,-0.007067094945871721,-0.006497602148882842,0.0,-0.0677459228536801,-0.028170989367260427,-0.030347224562981112,0.0
2025-05-20,-0.009910964977977405,0.008982064402660528,0.0,0.007932216601071447,-0.0057389142661798875,0.0,0.01033603303707894,0.00665941752559554,0.0028328200311068213,-0.001304719726221459,-0.018692244788325655,-0.018868578738087744,0.0,-0.01126765667265311,-0.006825988939767843
2025-05-21,-0.003992094616990813,0.0,0.005012598014552815,-0.0033917555847235953,0.0014378365363874426,0.0,-0.010336033037079057,-0.02011245183158102,-0.002832820031106806,0.0,-0.019048194970694474,-0.04380258198997753,-0.028987417860890697,0.002828856200477623,0.00682598893976782
2025-05-22,-0.018163896049032555,0.0,-0.011060950589819447,0.0011319013345165703,-0.011560717503132562,0.004767656244221951,-0.005208357146036834,-0.02978458634908716,-0.007117465258256076,0.0,0.0,0.029413857701085115,-0.024815186463233056,0.01680711831638119,-0.048790164169432056
2025-05-23,0.00609139835978681,0.011851998847307697,0.0,0.017937655764161488,0.0029026632079866255,0.003560795990568145,0.006506250830438014,0.022989528819206777,0.0,0.0,0.0,0.009615449881982607,-0.056862877469345485,-0.06010392406970544,0.02120211017010337
2025-05-26,0.004040381464081223,0.013167737918098032,0.008056468006426854,0.012148008611215027,0.0014481781607443,0.0,-0.002597409962705515,0.002270115477751493,0.0,-0.023779211685769398,0.01904819497069441,-0.04401684434945841,-0.0269557634130616,-0.04525666670542692,0.006968778897036207
2025-05-27,-0.007081391161683629,-0.004370058268318394,-0.003013637150810129,0.0010971310521878594,-0.001448178160744369,-0.010720653014988405,0.0038935574280171627,-0.0068259798582182675,0.0,-0.002677357675858726,-0.019048194970694474,0.004987536766390722,-0.02210038924738178,-0.0345402501348702,0.006920382676161224
2025-05-28,-0.0010157626968538495,-0.026628773757597705,0.001005521719649708,-0.009917454016805537,0.0014481781607443,0.0,0.001294533433244516,-0.011481130320908191,0.007117465258256154,0.00933965744915705,0.0,-0.010000073797601792,0.011111179714097795,0.01898791224469138,-0.020906673563961493
2025-05-29,0.0030440955120202198,-0.022745480714503562,-0.014170153010722742,-0.006666703124690571,0.0,-0.026700685699296917,-0.0012945334332445338,-0.00462957023168416,-0.0014195306312100506,-0.0013289270999093969,0.0,0.01000007379760166,0.005509700031456919,-0.0031397200046677527,-0.007067192199975223
2025-05-30,-0.009160331358886595,-0.013899867288733705,-0.002040900927460076,0.0011143556225984134,-0.001448178160744369,0.019488955518005318,-0.016982714561562143,0.0,-0.005697934627046,0.0,0.0,-0.05103149274350507,0.0,0.006269613013595395,-0.007117405979364091
2025-06-03,-0.0020471211364649997,0.007745997380883949,0.0,0.007764924506305636,-0.021978884941789942,-0.017032039468082863,-0.0013184272373013327,-0.006984908919770919,-0.0028612596675200524,0.003981428561412466,-0.1226022564845771,-0.06488762604132549,-0.011049857678560506,0.0,0.028170889067139514
2025-06-04,-0.00410675337634887,-0.010861306651119364,0.004077441928499495,-0.0022125770042135916,0.0059084544953688966,0.019441832566367716,0.0,0.002333689230788413,-0.0014337057540307668,0.0066007333220792636,0.0,0.011111215122715136,0.043485130593448995,0.02773675497159962,-0.035339491367158506
2025-06-05,-0.0020597707282307633,-0.0015611427118541457,-0.006122312272827422,0.006622552371661087,0.013167767238434375,0.0,0.00394994879642571,-0.00233368923078855,0.018479525625678686,0.0,0.08338160369043074,0.027249681751811156,0.07676400985020901,0.06472847270049398,0.007168602300018907
2025-06-06,0.0,-0.007843282580124466,0.0030657905290836706,0.0,-0.002911254006288879,0.0048019370830068445,-0.0013148951665973888,-0.0046838982349167585,0.0,0.0,-0.10536050895125594,-0.016260505111694693,0.009803959841472497,0.0,0.00711740597936402
2025-06-09,-0.0020639176431598264,0.0015736655682887157,0.005089126393059087,-0.002202611429536916,0.005813917214275423,-0.001198309366581297,-0.005277069116192834,0.0,0.005618046268774687,0.013071983195499013,0.0,0.03226083119837014,-0.014742221055556988,-0.002853068982406399,0.0
2025-06-10,-0.0020682909260026517,0.0031396821529863306,-0.009179075737146087,-0.0022073639379106666,-0.001450348521695975,-0.002401114314031256,0.0013219128436652544,0.0,-0.0028051474399946328,-0.00913238217002588,0.0219789052608251,0.010526403080123732,0.0,0.0028530689824064807,0.0
2025-06-11,0.004132208569162413,0.0,0.0,-0.013468348319317284,-0.004363568692579419,-0.003612306500679065,0.01181884614581326,0.011668807154687762,0.0,0.009132382170025738,0.0,0.015584777987487237,0.07622733947521076,0.039111130116625696,0.014084704190739384
2025-06-12,0.007190608510839087,0.0015661124010605714,0.006128769859339797,0.02124169484403534,0.005813917214275423,0.0036123065006790495,-0.013140758989478562,-0.004651219688982451,0.0014035920803336052,0.010336125481355445,0.10318417062747538,-0.005168026830771852,0.00913255645958101,0.013605652055778678,0.0
2025-06-13,-0.007190608510839011,-0.004705794554046844,-0.0061287698593399,-0.013363139462399278,0.0,-0.01696997998618874,0.007905132770242254,-0.009367848399896605,0.0028010797970301586,-0.026317372659842145,0.0,-0.015666102115498,-0.01373019077767323,0.0,-0.014084704190739438
2025-06-16,-0.011404996179022615,-0.006309173242115825,-0.005136072821448426,0.006703836463097028,0.0014481781607443,-0.01975369647853259,-0.00922873006819443,-0.004716921305989253,0.004186997586072004,0.010610139895363664,0.0,0.010471290063899701,-0.009259399307339947,-0.008141157583699885,-0.014286008279382936
2025-06-17,-0.0041797053543807085,-0.004758201157891176,0.0,0.007765051207015533,-0.0028985266824404156,-0.010025286415341322,-0.0026525274339485013,-0.0023669492293270206,-0.004186997586072032,0.001318444024904091,-0.060624558942335906,-0.01574834218524093,0.0,0.013532006218576373,0.021353200479358105
2025-06-18,0.007303138371977126,0.0,0.0,0.0033093855654873577,-0.005822380151565229,0.0012587022786753337,-0.001328939640964627,0.004728191048069206,-0.005610027686402994,-0.006609475008931817,-0.02105340786008556,-0.005305047197217205,0.004640416674826554,0.005361943141385373,0.0
2025-06-19,-0.002081204320962794,-0.007980914375564079,-0.001030490604983962,-0.007739078173666585,0.0,0.006269607155510577,-0.002663123539642543,-0.01186242163426163,0.0,0.0,0.0,-0.016086122327765805,0.0,-0.005361943141385399,0.007017511990764109
2025-06-20,0.006230558913226586,0.009569498365280102,0.004115196215693974,-0.030424983793528995,0.0,0.03560834694519773,0.06453854168381835,0.004761784644351173,0.0,0.0026490476310412603,0.0,-0.02739901356655871,-0.018692169065162353,-0.021739986636405875,-0.028370712470122322
2025-06-23,0.0010345755842902328,0.0,0.0,0.007977318650797196,0.0,-0.024421155635730392,-0.039520753914099566,0.04867703870048892,0.005610027686402895,0.01444547705100394,-0.021506203825053933,0.0,-0.023867557754197796,0.0,0.0
2025-06-24,0.013354113997947387,0.006329139380822614,0.0061413165548255795,0.0011343759972351716,-0.038695312747129375,0.017157219453073635,-0.009144467086968857,-0.02520165413445226,-0.0028010797970301304,-0.0026109415341936,0.06317889760473029,0.027399013566558723,0.01438873745209967,-6.686265675946535e-08,0.0
2025-06-25,-0.0010208445764473655,-0.009508753991734904,0.009141781178160389,0.0011330906462656708,0.016554137408811082,-0.010995715214447872,0.003929319505192751,-0.002322963886147755,-0.001403592080333496,0.0,-0.020619285919590873,0.03191757260510683,0.01886863557242869,0.027399019365585683,0.014286008279382863
2025-06-26,0.0020408543202599526,0.004765598405148399,0.0,0.005646606892645618,0.0029806731924686236,0.006123590504541841,-0.0026178085402123246,0.009259306616088437,0.0014035920803336052,-0.003929368910090546,0.0,0.015584777987487237,0.058973922494067264,0.052643755170607445,0.007067192199975222
2025-06-30,-0.011276490756887947,-0.0015859837942361129,-0.00914178117816032,-0.007914073536146487,0.014771396991162486,0.013341713255014263,0.0,-0.006936342729940786,0.008379948424207934,-0.003944739228829127,0.012578745268327425,-0.015584777987487312,0.02178731776528046,0.02030525003307005,0.013986290887800174
2025-07-01,0.002059770728230745,0.012618472563277288,-0.006141316554825502,-0.006833862376548125,-0.002936903830747374,-0.006042308652202755,-0.0013115109649804299,-0.011668807154687768,0.03552279589372696,-0.005284041201599161,-0.06453852527678271,-0.010526403080123783,0.021322734585886176,0.017435077949776924,0.06713929073718519
2025-07-02,0.004106753376348911,-0.006289333182454703,0.007161297297529845,0.014747935912694615,0.004402056824971165,0.0024213424001175237,0.009144467086968908,0.01398627138320339,-0.02033961087991307,0.024854073132739764,0.06453852527678262,0.020943154236839158,0.033198135473602466,0.012270053452698711,-0.01307212742166552
2025-07-03,0.004089956908495614,0.004720604547035389,-0.002040900927460076,0.02227266978025201,0.0029239521604631775,-0.004848622293023129,0.011635549315383542,-0.004640428114663464,-0.04053661892543568,0.009003314770673652,0.02061932901721869,0.10794791075696904,0.016194717360078523,0.0,0.013072127421665577
2025-07-04,-0.006141173492623015,0.00781875320221182,0.004077441928499495,-0.006629868630896417,-0.014706156268528732,0.0036385937434940336,0.0038486028568528435,0.018433664438740137,0.002849031928988699,-0.007712107799091082,0.0,0.0,-0.008064526282688571,0.004866127522573688,-0.0065147835190720906
2025-07-07,-0.002055536792221457,-0.006250024566792331,0.0030473091363524695,-0.0033315454157417652,-0.004454345877320877,0.0012100285495291918,-0.011590594744219179,-0.011481130320908191,-0.018665329876543173,-0.016916499673893953,0.020202687854778384,-0.04762811660654799,-0.020450674646455426,-0.052315659367735336,-0.019802536414726953
2025-07-08,-0.0020597707282307633,-0.012618472563277345,-0.013272359936793366,0.0,-0.0029806731924687108,-0.0072816266899403325,-0.0038935574280170313,0.002306772498256683,0.004338299923936726,-0.007905166606719768,-0.12783337692848898,-0.02970512636123311,0.012320483569065364,0.06197756353827785,-0.027028684640861604
2025-07-09,0.0,0.0015859837942361421,-0.005151949858616503,0.0011117852834503067,-0.0044875897351764355,-0.0024391203129888726,0.0038935574280171627,-0.018605149884628497,0.010050432397790444,0.005277070207643537,0.04445178612998184,0.049029381380669375,0.016194717360078523,0.009569444403359946,0.027028684640861538
2025-07-10,0.003087963316211278,0.006319141047766287,0.0020639661447941575,-0.007808249542279319,-0.003003050557575563,-0.0036696891955236895,0.010309393243234315,0.009345843268539898,-0.0028612596675200524,0.013072017224879955,0.0,-0.01932425501943638,0.0,0.023530649350584333,0.013245192512133708
2025-07-11,-0.00411944186394424,0.009404425291978595,-0.011405000370457354,-0.008998950311768632,-0.01058212323820559,-0.007380027028673598,0.0,0.004640428114663587,0.0,-0.006514551915713183,0.0,0.04296610816443407,-0.020284636006093284,-0.04276199792448675,0.03236531925784845
2025-07-14,0.0030912492759636668,-0.01572356633974501,0.019618527342920695,0.0,0.0015186261221466378,0.0036968215987548277,0.008934317648311364,0.004618878501424921,0.001431582283840012,-0.009192552163823668,-0.021978951350272766,-0.018868578738087744,-0.012371290151059245,0.014458130696886166,-0.006389820509195738
2025-07-15,-0.007227731160750374,-0.0015859837942361129,-0.013381451800275654,0.0,-0.001518626122146572,-0.0012308171697102625,-0.002544536461688994,-0.018605149884628497,-0.005738880856691266,-0.003965597176695171,0.0,0.028170962116189004,-0.00415804330916006,-0.007202819880440862,-0.019418154846059382
2025-07-16,-0.012513216383684404,-0.0240975476411882,-0.016719364870769242,0.004509597760067723,-0.009160360392334803,-0.019901123881993665,0.0063492733995660555,-0.007067182240180531,-0.015953865390933977,-0.010652656969201616,0.0,-0.0234203636621472,0.008298768537168646,0.0,0.006514783519072132
2025-07-17,0.0,0.004866172389528696,0.016719364870769287,0.004489352551700808,0.0015325904917686901,0.007509526605666969,-0.015306455942056355,0.004716921305989204,0.007283278937802224,0.010652656969201663,0.021978951350272665,0.014117980284045808,0.004123750212493427,0.0,0.0064724582971048324
2025-07-18,-0.0010497818963145272,0.0032309818236799,0.0031039586830181706,0.0022371409688118527,0.006106907558361147,-0.001247771147199627,-0.015544390183115894,0.014019068088879047,0.0,-0.0026524951310956273,0.021506184544051815,0.018519029369165677,0.0,0.0,0.019169983344484925
2025-07-21,0.0,-0.0032309818236799996,-0.014568391827192237,-0.004479187522000705,0.009090962387349149,-0.002500036308590568,-0.0013063067140437065,-0.002322963886147755,0.0,0.0,0.0,-0.018519029369165625,0.0,0.009592391662614703,0.006309114329443337
2025-07-22,0.0010497818963145962,-0.006493533867538704,-0.004201649839432768,-0.014697911948003548,-0.004535223708763236,-0.007537704922741455,-0.0026178085402123246,0.002322963886147674,0.0,0.009253179162447599,0.0,-0.042966108164434,-0.008264475440502045,-0.016847702479060023,-0.012658364134850015
2025-07-23,0.006276180637181425,0.017756713637578688,0.008385719656834533,0.006810479652110292,0.003025766681145266,0.0025189282418656266,0.0013097286134625635,-0.004651219688982451,0.011544179271952247,-0.006600684031352024,0.0,0.08863610023445564,0.008264475440501925,0.01684770247905999,-0.006389820509195738
2025-07-24,0.004162308107674632,0.0,0.011416837576624003,0.012366619817893764,0.0045214802206791785,0.012500151120833039,0.0026143866407933787,0.0046512196889825245,0.0,0.003965597176695037,-0.08894746684627404,-0.004474276099262872,0.012270091373380145,0.0,-0.012903371326987233
2025-07-25,-0.00938970170247982,-0.004811539990171649,-0.0010325155668333976,0.004459323290017147,0.0015026525674456859,0.0037197407771770263,-0.0026143866407933075,-0.004651219688982451,-0.024692561040063,0.001318444024904091,0.0,0.008928622191168457,0.008097176804285552,-0.009592391662614812,0.0
2025-07-28,0.0,0.009600120860879028,-0.01142869938016955,-0.003342571899342163,0.0,-0.003719740777177149,0.0,-0.009367848399896605,-0.01780464776355388,0.00394473922882913,0.0,0.017621584691752644,-0.012170534821093879,0.0024065933540972887,0.0064724582971048324
2025-07-29,-0.0020985689386906806,-0.01120907136349549,-0.00523831063569071,-0.007843244911187739,-0.00904989946927013,0.0037197407771770263,0.0026143866407933787,-0.00945631647715759,-0.002998606150323828,-0.006583302420975539,0.022989496172240335,-0.022075930783658364,0.012170534821093853,-0.009661904170542475,-0.006472458297104783
2025-07-30,-0.007380135632355329,-0.0016117074535717455,0.013563051332842038,0.006726493520512829,0.004535223708763088,-0.0012383768426744218,-0.009180316265812633,0.018824164877054204,-0.0030074755641226946,-0.010624296658431655,0.022472834779709055,-0.013483337333688223,0.004024182538984843,-0.004866127522573607,0.0064724582971048324
2025-07-31,-0.006369457519162917,-0.01135444682684768,-0.015666082983606926,0.004459323290017147,0.0030120231930612583,0.0,-0.007936567455566663,-0.018824164877054194,-0.019772395024761864,-0.004013343678779103,-0.022472834779709076,0.05715835989909315,0.0,0.0,-0.03947878984844002
2025-08-01,0.022117784381647732,0.009740301900353052,0.007341342286455569,-0.005577323208785883,0.004501128423027574,0.0,0.007936567455566555,0.018824164877054204,0.021277375208178573,0.018592846359109995,0.0,0.06613983918432709,-0.004024182538984777,0.0,0.019934204129669737
2025-08-04,-0.006269622291438816,0.0,-0.012618458328953341,0.01333366134788698,0.002989511869724621,0.00371066192861252,-0.0066094569507238535,-0.011723527887143705,-0.010582210811952819,0.006557465309166863,0.022472834779709055,-0.00803216400634236,0.016000372424937365,0.004866127522573688,-0.006600707414015691
2025-08-05,0.012500181204665343,0.0016141449264947174,0.010526425709255232,-0.0011043096579501435,0.0221411753383184,0.0,0.0013254169291057887,0.0,0.00907723062853616,0.014276608824679592,0.0,0.0040241464388207845,0.015748292237457637,0.028710086040425034,0.013158051316608977
2025-08-06,-0.003110479502185611,0.009630940757999732,0.01041677331684949,0.004410048684720383,0.014492946432019625,0.0,-0.003981467074913056,0.01405178368997836,-0.007558537618059816,0.006422629738214877,0.0,0.008000035037559602,-0.019724472475651234,-0.00947873746652263,-0.013158051316608998
2025-08-07,0.0,0.0,-0.00937010549754772,-0.0011006631192330848,0.0,-0.0024722850859380963,-0.00399738254300228,-0.0023282558028347613,0.04306527380835243,-0.0012811539512354695,0.021978951350272665,0.046701140359135924,0.011881327125121481,0.0023782065334849102,-0.006644485098117972
2025-08-08,-0.0020789358242291637,0.012698592050802471,-0.0010466678193017014,0.028231996507651146,0.0014378365363874426,0.009852312114611503,0.0039973825430022385,0.009280789920666515,0.0029027874275946975,0.00638973458120577,-0.021978951350272766,-0.011472481355674987,-0.003944810026658708,-0.002378206533484843,-0.006689011617536217
2025-08-11,0.0041536634630574875,0.00941926804130419,0.01248725248916183,0.0042735175164783645,0.0,0.0012247874359827577,0.0013289396409645153,0.016036994701375006,-0.010196763364405554,0.0012730620402579098,0.0,0.037740382323264515,0.023438572230994093,0.00947873746652259,0.033006331551335324
2025-08-12,0.006198376128472875,-0.004698663494269019,0.013353958426019295,0.0,-0.0203198881230943,0.012165648762470019,0.007936567455566555,0.0,-0.005873715448016256,-0.014093750469319436,-0.045462330951949494,0.036367609480340964,0.0,0.002355797044445132,-0.01307212742166552
2025-08-13,0.015329857467418306,0.015576690262805776,0.005089126393059087,0.008492633352875393,0.013110011988692598,0.0012083861622878564,0.016982714561562175,0.009049817051113062,0.016070478812421723,-0.0012912069715824194,-0.02353054526552943,0.0,-0.00775194507150211,0.00936774287451715,0.013072127421665577
2025-08-14,-0.002030392075460645,-0.007757937060594099,-0.009179075737146087,-0.011696005498400814,-0.001448178160744369,0.0012069277273458097,0.0,0.0022496870158699458,-0.008733691309578196,0.0025806850324586995,0.0,0.0035650628312420235,0.0,-0.01645162084703578,0.012903371326987358
2025-08-15,-0.004073400074835465,0.0015563622741468673,0.005109930086791381,0.0,-0.01166183382794824,0.009603930961489836,0.014148146781791332,0.0,-0.004395653605614574,-0.0012894780608761398,0.0,-0.021583551304021554,0.007751945071502117,-0.00475065653844924,-0.012903371326987233
2025-08-18,-0.002042835772030765,0.0,0.019182751025275502,0.005333301751390802,0.0,-0.005991624460810772,0.005095564109754448,0.0022446372823953006,0.0,0.0,0.0,-0.0036429877979378762,0.045290847385194725,0.037387617249215035,0.0
2025-08-19,0.002042835772030671,0.006201574786447205,0.0,0.005305008473697918,0.0043891051546871805,0.004796179976890046,0.00644749427529416,0.0,0.007315319348583461,-0.007772111388617228,0.0,-0.014706133209623379,-0.007407500559563062,-0.009216647948370543,0.0064724582971048324
2025-08-20,0.0,0.0015444225944367942,-0.005012598014552822,-0.008501554018134915,0.004370065465274695,0.0,0.005128218755189374,0.0,-0.004382737797796365,0.0012995325405269777,0.0,-0.03390160952948786,-0.003724338472137312,-0.01869223183432193,-0.03278977823090394
2025-08-21,-0.002042835772030765,0.0030817078320574966,-0.003019502828961576,0.008501554018135009,-0.0102266152827356,0.0011954444839207446,-0.011575713030483503,-0.00224463728239531,-0.0014652157714598146,-0.0012995325405269615,0.04652004143776977,-0.007692338569246892,0.007434947619304926,0.018692231834321945,0.0066444850981179
2025-08-22,0.002042835772030671,0.0061349926351684046,0.0,0.0052771173855855995,0.004395677729609062,0.004767656244221951,0.007731969936276305,0.004484359557645102,-0.005882353397414031,0.0012995325405269777,-0.046520041437769874,0.045290806395799244,-0.011173299587783155,0.0,0.0
2025-08-25,0.00508916277168939,0.0030534007386841555,0.0010074472979677077,0.0,-0.007336829685307963,0.01064469131821348,0.00767270668175874,0.008908837856246233,0.011730306966670085,0.0,0.023530545265529484,0.07463499344027046,-0.007518801188737514,-0.011641537695580859,-0.006644485098117972
2025-08-26,-0.010204150161799822,-0.013814523800346857,-0.013178078222433129,-0.0212773260525632,-0.00294982785393308,-0.011834564792527615,-0.002551053941330154,-0.02015761227948104,-0.02061933988067264,-0.030325358225433606,-0.02353054526552943,-0.013793308523969885,-0.007575762108259533,-0.04062690770173977,-0.013422985168906568
2025-08-27,0.004094142813663118,0.0030863852623357374,0.007117506785555702,0.0,0.00294982785393314,0.007117508872403224,-0.0025575164503964165,-0.02057208390276821,0.002971799057210053,0.01593669817080098,-0.02409752908021036,0.017212111928720186,0.011342274868713328,0.02171383000163359,-0.013605699471955054
2025-08-28,0.01621108372445847,0.004611907239950795,0.018072822125353962,0.0,0.0,0.029122649336297483,-0.0012811842012675201,-0.011614479151455121,-0.0029717990572101657,-0.015936698170800883,0.0,-0.034725761116849094,-0.03442031302823449,-0.021713830001633603,0.027028684640861538
2025-08-29,-0.005037886451155543,0.003062830559376126,-0.0009956108768404913,0.002148020555816365,0.0,-0.016204113092490487,-0.001282952088764735,-0.0023392654363146273,-0.01801845588963942,-0.00671587582063839,0.0,0.0,-0.0038986717823033604,-0.017220554630659832,-0.013422985168906568
2025-09-02,0.01603249894167747,0.009132451043804326,-0.0019939014999788016,0.003213877886072615,0.0014716927877253985,0.0034945485663903132,0.001282952088764724,0.0070012104699379634,0.0030257499543623685,0.0,0.0,0.007042276122147243,-0.023716428744527215,0.0024782246477129603,-0.013605699471955054
2025-09-03,-0.007984119687158557,0.0,0.0009973979349279603,0.0,0.01604691581943994,0.0057970549124919885,0.00638975459299399,-0.009345843268540016,-0.010630347046757282,0.005376370462082199,0.024097529080210435,0.02083414986018082,0.007968136507069547,0.00739845006495584,0.0
2025-09-04,0.001001520701200254,-0.015267443678972743,0.0,0.0,0.0,0.0023094449426512933,0.0,0.0023446327986021863,-0.003058059894891287,0.0013395053585562853,0.0,-0.010362776794199027,-0.007968136507069552,-0.0073984500649559425,-0.006872903486363237
2025-09-08,0.001000417505962721,0.012232576521484646,0.0009965035650509498,-0.00859297689225494,0.0014461537683033625,0.0,-0.006389754592994003,0.0023392654363147305,0.019712430270442772,0.0013378459537154988,-0.02409752908021036,0.003466204539078954,0.0119284733673386,0.026863768321965787,0.0
2025-09-09,0.003992094616990808,0.010582097126660901,0.0009956108768405074,0.0032310784503659855,0.0028860485362454174,0.0023042380238881294,0.00128118420126746,0.002333689230788413,-0.016654370375551644,-0.005420025712555865,0.024097529080210435,0.0034542314543865057,0.003944810026658716,0.011976037757457193,0.006872903486363366
2025-09-10,-0.006996456115352784,-0.0060332048536638,0.0019880546653130485,0.005361898441889039,0.022793009724596046,-0.011574192500272383,0.005108570391726629,0.0023282558028346664,0.006088357193369095,0.0013577463526437746,0.0,0.03390151879036072,0.0271860765810009,0.0,-0.006872903486363237
2025-09-11,0.010288141531546762,-0.0015140251155089073,0.0,-0.004324463556007659,0.00701761071497763,0.0011634546212410755,0.0,0.005941681669001435,0.003030259271118639,-0.002717405372578911,0.0,0.08617769040818181,0.0,0.0023782065334849102,-0.006920382676161177
2025-09-12,0.01018337263788244,0.01538491178082274,-0.0029836655421536873,-0.00652164398456053,0.013889120080320562,-0.005830856804789797,0.0025445010790072576,0.007083935846549936,0.012030186878981702,0.006779684732491138,-0.02409752908021036,0.0030534345971298476,0.011428787787721629,0.0071005309330378135,0.0
2025-09-17,0.007067107721019603,0.0,0.001990132254584763,-0.0021835804598454934,0.015058426401428484,0.0011688944444300479,0.012626406358183993,0.01169605848923844,0.0044742496385648195,0.016086145502516764,0.0,0.009104758428402367,0.02985293069176489,0.02561269696644753,0.01379328616252454
2025-09-18,-0.0060545005169157316,-0.00766286924338946,0.0029776434321559316,-0.0010933673680402721,-0.0068166300728317655,0.0023336979143507262,0.005006331400181335,-0.01169605848923843,-0.011976158170605343,-0.005333370373529249,0.024097529080210435,0.006024108979433843,-0.007380076883352776,-0.018562002827706408,0.020339673023325417
2025-09-19,-0.008130114734352671,0.0015372786141467688,-0.0009916620327454163,0.01196316121175966,0.0027322173488063552,-0.012903380774365744,-0.0012492351217638965,-0.002355740551213906,0.007501908532040644,0.005333370373529277,-0.07410797761202285,0.105360551456412,0.003696891412395533,-0.02369782955143851,-0.027212576509688752
2025-09-22,0.004073319690120272,0.006125590629242613,0.0009916620327453587,-0.010869793843719272,0.004084412724025388,-0.0011814395898227593,0.0,0.007050638195522876,0.002985179407020827,-0.009352115543820287,0.05001044853181248,0.008075406231589869,0.003683185470957326,0.00954660447965959,0.0
2025-09-23,-0.00203458585483172,0.003048781463412211,0.0,0.007621233101564248,0.0,0.0011814395898227408,0.004987543920680715,0.002339208836282203,-0.001491512776540287,-0.006734029958696418,0.0,-0.027175558966076818,0.007326098729548556,-0.004761852628327379,0.027212576509688807
2025-09-24,0.0010178602737527548,-0.004576664945313583,-0.0019841101445870336,0.0,0.0,-0.00710907498791182,-0.003738308798916779,0.00466195200864731,-0.008995575162521172,-0.016349146007945833,-0.024692588966579474,0.01910015273448682,-0.007326098729548626,-0.0023895717821738505,0.0066890116175361055
2025-09-25,-0.004077471703621346,-0.0045977071473414215,0.0009924481118416936,0.0,0.0013577284061295403,0.01064469131821348,0.0012476764802817938,-0.004661952008647329,-0.006042297719034139,-0.0027510459840511094,-0.051293321837057954,-0.010869661673387007,-0.01855337647113591,-0.012033801359589518,0.0066444850981179
2025-09-26,0.010162674399296745,0.009174372092654981,0.007905209143225869,0.003248560742154982,0.01748531914681481,-0.00471705592012438,0.002490632318635014,0.013921269562421613,0.010550237463728922,0.0041237024589882085,0.0,-0.00823049106109974,0.011173299587783129,0.009638621290431072,-0.006644485098117972
2025-09-29,0.0020201998042781123,0.00909096759358308,0.00392934172448736,0.0043149231927394425,0.013333566266852769,0.010582228005407741,-0.0012445709113796388,0.002301523142864649,0.0038125120734062634,0.0013708420138672105,0.051293321837057954,-0.00275868557901671,0.003696891412395533,0.0023951800691584713,-0.01015238971840156
2025-09-30,0.0,-0.004535153120892391,0.005865165245024607,-0.004314923192739368,0.0,0.006992959372276126,0.0,-0.004608355516172031,0.006069769855973713,0.0,0.0,0.01643877609721746,0.025502231581290998,0.007151424410501162,0.0
2025-10-01,0.004028197057620184,0.009049831449339059,0.013552847200768384,0.00539085600639449,0.05036570255443926,0.009248635311544948,0.002487594791196818,0.006904593811131684,-0.00911860095907935,0.0,-0.025317859565233025,0.04516035320754753,0.010929060090223559,0.011919024223680753,-0.0068259774483724
2025-10-02,0.0030104857010738646,0.02080311841109952,0.008616636485729853,-0.005390856006394365,0.03951139157053083,0.0,0.0061919880749448045,0.0022908657893413215,0.027110084411652725,0.006825962786650662,0.02531785956523302,0.07503523369377954,0.014388723877542623,0.02110281250914685,0.013605676644453755
2025-10-03,0.002001999918053738,0.0,-0.0009537351601850039,0.0043149231927394425,-0.01586369912280234,0.0011500738988830745,0.01348885304614238,-0.0068886272271655065,-0.013463212053875063,0.0054273801358992405,0.0,0.009592390367769765,0.0,0.0,-0.02739894019240934
2025-10-06,0.0019980978364285084,0.0044020594743784,0.0028585759729385365,0.012834377782006651,0.02670060343009647,0.005730612715246517,-0.013488853046142266,0.006888627227165458,0.0060060464265810675,-0.005427380135899191,-0.025317859565233025,-0.004784693483860293,-0.018018488472779644,-0.02823714324896731,0.013793263547955719
2025-10-07,-0.007010583455555914,-0.005873729439965783,0.0019011244773430168,-0.0074665661557999806,-0.01934773893356541,0.0011423056817571563,-0.0061919880749448375,-0.0022908657893411706,-0.0060060464265809695,-0.012320507259505942,0.0,-0.0048076968839094155,-0.010969020852107306,0.004761909164848319,-0.027779615362344006
2025-10-08,0.005012485619127441,-0.0014738389705263879,0.005870791101060412,-0.0010713224665632305,-0.011049670863449398,-0.0034306114874883983,-0.007481365462835327,-0.00459776143782423,-0.006042337093439719,0.0013764353138309225,0.0,0.0,-0.011090675941079016,-0.024039595761929364,0.0
2025-10-09,0.0,-0.0014760143784327854,0.0,0.01277970340971643,0.0,-0.00344230690951544,0.014907056027788808,-0.011587633815430357,0.0060423370934397196,0.004118109159024233,-0.025975462271824953,0.04014708476973737,0.011090675941079061,0.014492993113220902,0.02090680680363454
2025-10-10,-0.005012485619127416,-0.005925940649488763,0.006806055017018232,0.0021142305562945082,-0.013673415022724815,0.008259724289891296,0.0024631461526143984,0.002328316261656012,-0.004528271398698374,0.013605647519141692,0.0,-0.006968717944590637,-0.022305735765589314,-0.01449299311322081,0.006872808558709672
2025-10-13,-0.002012070233739586,-0.0029761913523116464,-0.008759221271640173,0.0,0.0,-0.008259724289891414,-0.00369684864262311,-0.018779994335788273,0.0030211248117060397,-0.013605647519141709,0.0,-0.023585976457376968,-0.003766479074943084,-0.004878053631136817,-0.01379326354795562
2025-10-14,-0.001007604767323895,0.004460898220965726,0.00195316625462194,-0.020267409689249814,0.007481339558884709,0.0011841131649404433,-0.0024722202268492154,-0.002372391471705103,-0.004535190506447499,0.0,-0.02666822164632427,-0.01927768659708111,-0.01520949484440939,-0.004901965730517207,-0.01398635181438838
2025-10-15,0.0,0.0,0.006806055017018232,-0.0021574590858205946,0.002481314193948625,0.005899738230319114,-0.004962791727912734,-0.0023781495006536127,-0.0015162139770518992,-0.01657497313631776,0.0,0.0048543736892072385,-0.01156081177920181,-0.007398359101006512,-0.007067094851050957
2025-10-16,0.0,0.0014826530462400459,0.006760045598353761,0.02558780562047824,-0.0037242839618120134,0.0,0.019705021417205593,0.004750540972358626,0.0,0.0027816556666365446,0.05264368391814933,-0.009732427320344014,-0.0077821332224999465,-0.00995032141084811,-0.014285983124385787
2025-10-17,-0.0030287218608347575,-0.0029673599148942326,0.008624821785932619,-0.01591547672334351,0.031826444121219655,0.00469487962330024,0.007290525078947191,-0.004750540972358738,-0.006088321287286175,-0.006968666935857114,-0.052643683918149276,-0.039905564494527264,-0.01178794470869139,-0.0125787701350334,-0.021818998848253897
2025-10-21,0.001010560501838269,-0.004467689457402315,0.0,0.007458817506982905,0.0,0.0,0.007237641364830979,0.016529374463217606,0.010630304263889542,0.012508804811761564,0.0,0.012642381220944496,0.007874049039800558,-0.007623917719745089,0.007325964913246979
2025-10-22,-0.004048582897475217,-0.00448759028573716,-0.022190922401304627,-0.005322103309442196,0.0024066655539896633,-0.0023446280139996717,0.020226712029262094,-0.01415122496256391,-0.01215817550011402,0.015079142380427527,0.0,0.0,-0.019802608596683105,-0.02061932901721874,-0.022141077202502104
2025-10-23,-0.002030454718959459,0.01340302417492731,0.0038948311623493714,-0.010729626481304298,0.0012012218360006866,0.002344628013999742,-0.008279104315990778,0.0,0.0030534116426894965,0.021535184606499877,0.026668221646324243,-0.007566233103822386,-0.012072569651180464,-0.007843170127777188,0.014815112289255217
2025-10-24,0.006079037616434613,-0.0029630375631336165,0.005813997080726235,0.010729626481304226,0.0,0.0,-0.0035692948857329455,0.0023723914717051217,0.00759306055261439,0.031457328324854934,0.051293321837057954,0.0445618436977492,0.02794590378897739,0.01303798217937551,0.0
2025-10-27,0.0010096393024397394,0.004441233780834628,-0.0009666239987865926,-0.0074986646316042745,0.0023981235175083437,-0.0023446280139996717,0.00830858503907933,0.0,0.010534317825279338,0.0,-0.025317859565233025,0.014423312907874034,-0.007905172057463813,-0.005194812051598307,-0.007380120451516324
2025-10-28,-0.0030318818746420183,0.0014760143784328004,0.0009666239987865589,0.0,-0.008418598361186887,-0.0011743787146688135,-0.009501263769753446,-0.002372391471705103,-0.010534317825279357,0.014093796065547332,-0.052643683918149276,-0.01200499200311404,-0.007968162080333081,0.015504233340894498,0.007380120451516377
2025-10-29,-0.0010126072041039106,0.0014738389705264273,0.0,-0.005390856006394365,-0.003629713690134481,0.0011743787146688452,-0.008388236910234463,-0.004761851402291569,0.006033223041505915,-0.008945756004298538,0.05264368391814933,0.012004992003114032,0.011928559556882547,0.005115095676324177,-0.02230579756938893
2025-10-30,0.0020242892744677023,0.004408528352841246,0.004819246942352238,0.0043149231927394425,-0.006079149617151517,0.0,0.0012026028133701487,0.007134242873996581,0.001502544128435773,0.005121673423351623,0.0,0.004761909164848319,0.011787944708691447,0.007623917719745156,-0.022814719669960244
2025-10-31,-0.0020242892744678407,-0.007358381701800441,-0.011605507080740972,-0.004314923192739368,0.0060791496171515745,-0.008249989839619653,-0.015748379144785656,0.0,-0.003007495771243209,-0.005121673423351701,-0.052643683918149276,-0.024039595761929364,0.015504172207925323,0.010075642307076067,0.03774039678783279
2025-11-03,0.008072686136366098,0.010286640202353918,0.017358186569724363,-0.0010816462379069716,0.01204831205132128,0.008249989839619627,0.01574837914478576,0.004728195295335972,0.004507931466487249,-0.01813516738412982,0.0,0.002430074591113635,-0.01160553541609122,-0.0050251313862273595,-0.014925677117872488
2025-11-04,0.0,0.011628032954883145,0.015180597359192903,0.008620691838147872,-0.008418598361186887,0.010507915713778126,0.002400991691394898,0.004705944628824246,-0.003002979823679712,0.0,-0.027398947339176118,-0.019608453053774056,-0.01568658150052533,-0.01778952431691793,-0.03831884089494281
2025-11-05,-0.0030196750010634487,-0.007251660258928846,-0.013270429632299359,0.003213760840217227,0.0,-0.005824031511812788,-0.008428754945982024,0.018605171965402467,-0.007547288736247251,0.0,-0.028170933733023984,-0.00496278464445737,0.0039447745809142575,-0.005141394458524434,0.015504121224982648
2025-11-06,0.0,-0.007304631196507693,-0.010551644738697913,-0.012917375839771183,-0.007272766941941415,0.002333572165602014,-0.009720615890198432,-0.018605171965402467,0.0,0.018135167384129968,0.0,0.03423313970710848,0.007843170127777039,0.007702212818593349,-0.015504121224982586
2025-11-07,-0.001008522056556676,-0.007358381701800441,0.0,0.002164569399313269,0.007272766941941408,-0.005844568194735371,0.012136106379644258,0.002344693566698529,0.0015140656947414761,-0.01813516738412982,0.08223810271852436,-0.014528087143477158,0.0,0.0,0.015504121224982648
2025-11-10,0.003022618642273686,0.014663012898308068,0.005769366559268971,0.0,-0.007272766941941415,0.008172931625582181,0.0,0.0,0.009036202865185493,0.028352354021176723,0.0,0.0024361105434864867,-0.027724521833095508,-0.012870239649365116,0.0
2025-11-11,-0.0030226186422737584,-0.008771982248373777,0.0009581944569641062,0.00539085600639449,0.009685354395629647,-0.003494525052261394,0.001205502435399102,0.007001160844929497,0.002993988928598469,-0.016656420048579458,-0.02666822164632427,-0.007326091276825493,0.02381062616420465,0.0025873211709015985,-0.02334731279958001
2025-11-12,0.003022618642273686,0.011678959779663937,0.0009574621096270875,0.003220556345988539,-0.007255178176660026,0.0034945250522613568,-0.0012055024353991026,-0.00700116084492943,0.00149363967138587,0.001291193350283788,-0.027398947339176118,-0.019802608596683105,0.0,0.005154707127615423,0.007843191574597378
2025-11-13,0.0010055784153465172,0.0014503259503760278,0.003820431041317036,-0.0032205563459884656,0.001212877032837358,0.002322842931210282,0.001205502435399102,0.007001160844929497,0.007434988165254647,0.0,0.0,-0.0125787701350334,-0.023810626164204634,-0.026043175568838114,0.0077820607300282335
2025-11-14,-0.002012070233739586,-0.0029027584015972356,-0.0009538094284794255,0.0,0.002421349754753798,0.009237899600783396,-0.006042332138984673,-0.002328316261655977,-0.0059435036516178414,0.0012895283196614209,0.054067168985500444,-0.02824324673696381,-0.004024146438820858,-0.0026420069665181274,0.007722060494954382
2025-11-17,-0.001007604767323895,0.005797115178859727,0.0019066179564203563,-0.004310378463071048,-0.008500499371905258,0.0011488569108895543,0.009650260765576216,0.002328316261656012,-0.01048704458010838,0.003858511741587298,0.0,-0.01574834218524093,-0.02036728304325634,-0.01600032608667548,0.007662886926749738
2025-11-18,0.0,-0.004344682727638632,-0.003816785683313811,-0.02073183517603294,0.0,-0.013873047396514208,-0.013293239188391199,-0.01169605848923843,-0.0075585510704916144,0.0,0.0,-0.034996808340189256,0.004106777931561642,0.0,-0.023167008151732397
2025-11-19,0.001007604767323861,0.0,0.007619058887148268,0.008781563788990357,0.0060791496171515745,0.0034862908848412805,0.001215762091712967,0.007034106480591241,0.0,0.00256411565042393,0.051293321837057954,0.005464489132556301,0.0,0.01600032608667546,0.015504121224982648
2025-11-20,-0.003025766126320376,0.002898551501286155,0.002842270124204681,0.0010923862327574488,-0.014652291378775165,0.004629672760020332,-0.0073170801736060255,0.00466195200864731,-0.0030394901841804853,-0.0025641156504239335,-0.025317859565233025,0.029532319207632968,0.0,0.013140781209811856,0.0228147196699601
2025-11-21,0.004032257944713527,0.0014461312263524964,-0.006644543328039073,0.0021810927734556918,-0.0012307903162775,-0.004629672760020227,0.0048840761133556905,-0.004661952008647329,-0.0030488311031056387,0.0012829110802382688,0.0,-0.03774029159417544,0.008163302695052716,-0.029141107296487227,0.014925677117872498
2025-11-24,0.0020100481532285917,0.00719945205146126,0.05647031427040405,0.002176239916523862,-0.004938247126134946,0.0,0.004860220391352316,0.00466195200864731,-0.004590709350864213,-0.0012829110802382582,-0.025975462271824953,-0.030685847628152577,-0.06291386568823035,-0.03836089687452625,0.007380120451516377
2025-11-25,0.0020060159631915694,-0.0028735639645121667,-0.043224995505436,-0.012028571082606925,-0.004962814156209356,0.004629672760020332,-0.0060790639750511535,0.0,0.004590709350864213,-0.020752981766209135,0.0,0.049734024061222175,-0.008695698854858923,0.011111215122715136,0.02898750135773873
2025-11-26,0.0,0.005738894213624684,0.010285167945813023,0.005485484791829839,0.0037242839618119522,0.005757083751652753,0.00850040318919087,0.018433686114336986,0.0015255404064650837,0.0,0.0,-0.01904817643306947,0.008695698854858828,0.005509716244311248,0.021202161207237058
2025-11-27,0.0,0.0,-0.014051728867188066,-0.023243891608256118,0.019632515503923642,-0.006912577637199025,0.0024154904894456374,-0.006872845417698015,0.012121331951312847,0.011726412813685954,-0.054067168985500305,-0.0027510306652944994,-0.03077162963851731,-0.022223181677700817,-0.028370663716721856
2025-11-28,-0.007038682758694024,-0.005738894213624593,-0.0028342145155538646,-0.019220581354934388,0.0036387512556885207,0.00806000565830655,-0.004836829703585475,0.0,-0.0075585510704916144,-0.027578799433580787,0.0,-0.022285089747890917,-0.05035383667496026,-0.0880333363375414,0.0
2025-12-01,0.006036226992738482,0.012866505107852432,-0.006644543328039073,-0.0011421838323319375,0.016807058297664365,0.010268251459237413,0.0,0.002296238294959622,0.010566046841734802,0.015852386619894736,0.0,0.04138524248237769,0.0,0.0,-0.007220261193212661
2025-12-02,0.03643928149005194,0.029393286426995197,0.006644543328039122,0.011363773768448094,-0.004773360188770809,0.0,0.006042332138984661,0.011402538783890331,-0.04452001439507851,-0.007894813742386817,0.24512243643709977,0.0,-0.00470599874710827,0.006116221220186421,-0.029413849944296393
2025-12-03,-0.0077670182399845016,0.001378427863292362,0.008478658470352968,-0.012507263676607587,-0.01082375609816703,0.006787243887002762,0.010785083157280736,0.006779764136524136,0.007818734212011574,-0.009290056835036118,-0.04445178612998185,0.021391169524982982,0.004705998747108145,-0.009188417331775252,0.02941384994429636
2025-12-04,-0.0019513131414873818,0.0027510320553566286,-0.0009385914301554609,-0.010351017770474265,0.004825065903930655,0.01009547990320474,0.0,-0.011325167165100862,-0.026836656619911692,0.002663129586036116,0.0,-0.010638388086280572,-0.00470599874710827,0.0030721961115887132,0.0072202611932125835
2025-12-05,-0.005876504206661217,0.004112341600326409,0.0,-0.003474173464353559,0.010772050383007289,-0.0011166761905885292,0.0,0.0,0.011137727420516403,-0.012040301513644179,0.0,0.01063838808628069,0.004705998747108145,0.012195261569588601,0.021353077975436546
2025-12-08,-0.005911435639874404,-0.008241801518975288,0.0,-0.012843022661880187,0.01301023123261151,0.0033462946225550306,-0.00717715453068896,-0.004566269965972459,0.004735564757529409,-0.008196777791549426,0.04445178612998184,-0.002649005662013365,-0.018958008540059114,-0.01834912127514634,0.007017585741285138
2025-12-09,-0.0019781401846226303,0.02047859017042281,-0.0009392916032685354,0.010520183358385882,0.00234734634947948,-0.003346294622554936,-0.007228921551436475,0.0,0.0,0.0041068203869452915,0.0,0.0,0.004773274406909948,0.00921664632861435,0.03436770626551245
2025-12-10,0.0019781401846225327,-0.006779751408519153,0.0065573103354262426,0.014002553702935872,-0.015357577582091131,-0.002237100255020341,0.003620992924844915,0.0,0.0031446302298543424,0.01356874616723584,-0.09097182756775163,0.061716301995601644,-0.024097529426346284,-0.012307835936622316,-0.06273836998223443
2025-12-11,0.013739252988023073,0.0188684767206683,0.008368288761835187,0.0011581235536059604,0.0,0.01665773543761428,0.0012041675163722034,0.01137670545881716,0.0,0.010723911958141276,0.023530545265529484,-0.0024969372763501614,-0.01970505256363134,-0.006211194113952757,-0.021818998848253897
2025-12-12,0.0038910499225801656,0.0013342887513004046,0.004618996975708802,0.02401494210803263,0.024692581943519386,0.0022002904318344993,0.004801874015088817,0.01124873059923032,0.02174010484524779,0.007968179910782547,0.04546233095194954,0.004987536766390722,0.04855318044401938,0.0246166041567394,0.02898750135773873
2025-12-15,0.00580833332081953,0.003992019421397399,-0.0009221476384458931,-0.0022625338444095242,0.010398663027944123,0.00109817369546894,0.0,0.004464234911727933,0.006125541420809529,0.009216698646139164,0.021978951350272665,-0.0024905994900405264,0.004728136931999134,0.015083228108341947,-0.021661536444491706
2025-12-16,0.0,0.01581059877903427,0.008268344584721605,0.00564654780545359,0.0022962514690375575,0.0032877254737019622,0.0011968453548864381,-0.004464234911727863,0.003048831103105682,0.0,0.0,-0.010025196490534856,0.004705998747108145,0.017804678380562166,0.0
2025-12-17,-0.005808333320819568,-0.006557462951200029,-0.011039632513596454,0.0,-0.015020424937059833,-0.015435764776983229,0.0023895175402593913,-0.01351376306349833,0.007581473160783821,-0.01054029516559839,0.0,0.07050311210370226,-0.009434135679107251,-0.005899716318173342,0.007272772741794276
2025-12-18,0.0,-0.007925996232550211,0.002771287928874823,-0.0056465478054536136,-0.01053263939001894,0.0044345236189395855,0.0,0.0,0.004521519736695737,0.0,0.0,-0.014184734133149203,0.02803930494051221,0.026278858850604037,0.0
2025-12-19,0.013500668058693927,0.02229599538134234,0.025502294413973527,0.02350411806389093,0.0023502173582882926,0.009906568432601966,0.0023837060360491426,0.02463736594588812,0.004501094783773343,0.005284034746286815,0.0,0.014184734133149192,-0.023311168008513194,-0.03519428483470603,0.0
2025-12-22,0.0038240910580831272,0.0025906738565680716,0.0008988517189035084,0.0011056270857845681,0.011668718488274651,0.01737288401437642,0.009478749394099133,0.002209970721020583,0.013383130775479068,0.013089145258016521,-0.06744128230222228,0.0,-0.009478735386040972,-0.005988036287827113,0.0072202611932125835
2025-12-23,0.005708856226409464,0.0012927602066342605,-0.0008988517189033742,-0.005540185709219482,0.0,0.009641153671749555,-0.005913580633012679,-0.0022099707210205288,0.008823583398180599,-0.011772519632944196,-0.04762807434573984,-0.002350231073082603,0.0,0.008968661672374353,0.0
2025-12-24,-0.005708856226409501,0.0,0.0,0.01543588628989558,0.005783693663054038,0.011658860972773527,0.0,0.0,-0.004402024019851013,0.013072035169183547,0.07061757051798034,0.0,-0.009569442282869082,0.0,0.0
2025-12-26,-0.00766286194354129,0.007722106850395494,0.008060985697198828,0.004366780967644487,-0.009269990119598111,0.003156285256330937,-0.002375327951488521,0.0,0.004402024019850984,0.007762078041897816,-0.046520041437769874,-0.02140394534293558,-0.004819282006023489,0.014771373712083181,-0.007220261193212661
2025-12-29,0.003838770885458193,-0.00772210685039549,0.004450348963530878,0.0,-0.0034986053476190587,0.003146253530338397,0.0,-0.002214757111044253,0.015977106783976194,0.005141405908835816,-0.02409752908021036,0.0024010165132301556,-0.009708805137453664,0.0,-0.007272772741794278
2025-12-30,0.0057306666538767745,0.011560881448589789,0.0008877666289590683,0.0021762604478080005,0.004662092353695696,0.005221958173813997,0.001188426770760146,0.006629717666546536,-0.007230769126118834,0.0,0.09309040529768926,-0.002401016513230197,0.009708805137453721,-0.0029368567943550963,-0.00732596491324692
2025-12-31,-0.001906575595793679,-0.01544431551179228,-0.017905693544491074,-0.014231254751314502,0.01729145885657166,-0.007318360264144965,0.0,0.0,-0.004363606556604577,0.0,0.021978951350272665,-0.009661902008876995,-0.014598785870792663,-0.026827287569536208,0.02181899884825388
2026-01-02,-0.0038240910580831077,0.005174653460994415,0.006303575212336206,0.003302173841148679,-0.017291458856571785,-0.0042061366963381435,0.0,-0.011074328526164252,0.004363606556604689,-0.012903483950733725,0.0,-0.01467017606458078,0.004889980733338848,0.006024108979433843,0.007168502509484743
2026-01-05,0.011428772713289154,-0.0025839796044265302,0.019556069925001418,0.0,0.01729145885657166,0.026002475939926217,0.007100481813741098,0.015469990062635441,-0.002906954339507335,0.0,0.021506184544051815,0.024332078073457882,0.0,-0.0030075182604515716,0.03509138226958643
2026-01-06,0.01317035204704776,0.010296096641962607,0.0008799552828633078,-0.0010995488648451856,-0.011494464998574734,-0.010319937585984242,-0.0011797845615868796,-0.008810622091973556,-0.011713137036939759,-0.006514594593233002,-0.0434851358943245,0.007185709997090522,-0.00980399092998061,-0.009077209638350075,0.006872808558709672
2026-01-07,-0.0018708134957381628,0.005108565672809738,0.0008790967427258317,0.01094103904115934,-0.008125323149166051,-0.0167369189167252,-0.0011814070988078827,0.002209970721020583,0.00879770767140126,-0.0026178057817113484,0.0,-0.01200499200311404,0.0,0.0180727641866287,-0.01379326354795562
2026-01-08,-0.0037523440928704695,-0.005108565672809634,-0.005286380823019379,-0.009841490176314105,-0.0046729853180318155,0.020877742569329196,0.0023611916603947635,-0.008869338691682431,-0.010271534824698817,-0.003939634794239153,-0.022472834779709076,0.012004992003114032,0.004914010196641713,-0.0029895360782868233,-0.006968766073103202
2026-01-09,0.02046571036295051,0.005108565672809738,0.018381263726647855,0.0054793654756964275,-0.0011716663182260321,0.019437925019741203,-0.008288908584501287,0.019846307545489394,0.0,0.02597551911991712,-0.09531015948455974,0.04434800292593745,0.004889980733338848,0.0,-0.014084680592336148
2026-01-12,0.0073394725785218915,0.006349224873592407,0.01035389435345262,0.006536019780733559,0.0023419614409177438,0.01707726772396387,0.003560822067685715,0.002181157340420152,0.0029455568520361645,0.0038387501087701974,0.04879011804678982,0.002280446157357698,0.0048661851346001326,0.011904962062388738,0.027973901654685464
2026-01-13,0.010909273213017821,0.01880932375137052,0.000857977297085439,-0.003262564794072228,-0.0011702951226916951,0.0009955037161384298,0.018780016897149542,0.010834253100827772,0.014598746561778987,-0.003838750108770315,0.0,-0.00915337349673065,0.04276193147194801,0.01176483002949803,0.0
2026-01-14,-0.0018099526739886287,0.009888827876462128,0.00683761060971544,0.0183491348441431,-0.010594521222835884,0.015795020872656655,0.0,0.006444778542341469,0.0014482139368567615,0.006389775134595722,0.023530545265529484,0.04495145170556343,0.018433683459957093,0.02026116556424217,-0.00692045498924605
2026-01-15,0.005420059783384119,0.006131285199293481,0.021904883942788136,-0.00428721452685944,-0.002369595943069041,0.01939920900794934,0.002322798049279,0.016985530938335488,0.007209845768362726,0.0012731071013011715,0.0,0.0,0.02257430016795043,0.008559245244474677,-0.006968766073103202
2026-01-16,0.005390841031565991,0.004878056088075982,-0.002503141921774468,0.0032170811281086527,-0.005948958710565081,0.006701777536416638,-0.0034863362514253567,-0.004219463413804628,-0.004319694719176133,-0.007662882235896794,-0.02353054526552943,0.006571706585418501,0.008888938939973553,0.008486605863890113,0.013889221062349275
2026-01-19,0.0,0.0,0.0,0.0,0.0,0.0,0.0,0.0,0.0,0.0,0.0,0.0,0.0,0.0,0.0
2026-01-20,-0.009000948140961296,-0.025879497355787255,-0.0033472721613285674,-0.01401643665132,0.003573620349728239,-0.0329806009141966,0.004645715132629186,-0.0021164269940593746,-0.004338364986043341,-0.012903483950733725,-0.02409752908021036,-0.049226893484514554,0.0,-0.022792987851500978,-0.020906806803634468
2026-01-21,0.003610107109395278,-0.002500000214856739,0.002511524127118118,0.020419818267974555,0.005927686686512351,0.027238961170917887,0.0023148450451758126,0.004228281043249013,0.0,0.010336085249516319,0.0,0.02267668660159317,0.004415014026497735,0.011461432556962851,0.034605592810716505
2026-01-22,0.010752776650959483,0.017370156283274343,0.011637704747832552,-0.005333248217903705,0.0035397738029567783,0.007648186481488916,-0.005797021975658584,0.008403506600061138,0.00433836498604328,0.0064061488099875705,0.0,-0.004494385253481444,0.004395607327108693,-0.014347434665984182,-0.013698786007082003
2026-01-23,0.012400495956142761,0.0024569416591349617,-0.00829881479184754,-0.006437838042947455,0.012873309646473237,0.0019030103533314556,0.0,0.0,-0.004338364986043341,0.0063654326871254606,0.0,-0.04373540639529862,0.0,-0.0028943552301342276,0.020478485203163328
2026-01-26,0.012248690567802284,0.0170320956690202,0.02061927734399099,0.0,0.0069524152147363025,0.01228166342492182,0.011560743425897503,0.018653399621742985,0.012959105319364186,0.015113595661611589,0.0,-0.014218235345845086,-0.035718048379316844,-0.026433302111003445,0.020067518743822437
2026-01-27,0.022356875035942754,0.014371557947809047,0.023397578024838692,0.005367704644196486,0.005757056077934487,0.025951426675989105,0.031676817473067526,0.02634397694579018,0.009964549556899889,0.01488857159107909,0.047628074345739874,-0.004784693483860293,-0.022989495542170862,-0.002980625384547116,0.02614524966461929
2026-01-28,0.003395584193428367,-0.010759273775154446,-0.009615426317784956,-0.004291814738575476,0.03497259816979594,0.006383952732837891,0.009972346847236606,-0.010050351655798756,-0.0028369263432630443,-0.016139385427403792,-0.02353054526552943,-0.029199125893145387,-0.023530587180201755,-0.0029895360782868233,-0.026145249664619407
2026-01-29,-0.01365206973923208,-0.026798120436980297,-0.02115624679509629,-0.018448701800361386,-0.01789766022661127,-0.013730141530960105,-0.0055278391185935956,-0.020408904213264266,-0.005697972957687374,-0.008799534873335933,0.0,0.014706132779924615,0.00947873538604097,-0.01812736761737642,0.0
2026-01-30,0.013652069739232083,0.042302359358314015,0.05907543064134839,0.006550184807501116,0.01122354625287443,0.029066488638312914,0.002214760973509316,0.004115278923272641,-0.004294957573777945,0.0100503487096606,0.023530545265529484,-0.004878053631136817,-0.019048177668910055,-0.015361270533752153,-0.006644474478705128
2026-02-03,0.011794559919525369,-0.03614861876300851,-0.032298935840405524,0.008667472559882471,-0.008968715327112924,0.01245572762966999,-0.0044345456337444526,0.016293625289991433,0.012829856874728257,0.01611937241227436,0.0,0.07305955523636903,0.0,0.01536127053375201,0.0
2026-02-04,0.0,0.0012263021838657072,-0.0024048220150603584,-0.002159809251849641,0.008968715327112875,0.00617012104686494,-0.00222472306840791,-0.008113627733940485,-0.0014174226632795578,0.0024570068396222514,0.0,-0.025317838550774182,-0.0194180678768161,-0.024692588966579474,0.0
2026-02-05,0.0,0.0,0.0016038054682805307,-0.021858814570309516,-0.02143335185521685,0.001755897578759588,0.0,-0.002038759854870941,-0.008547126893620326,-0.003687807660817513,-0.04762807434573984,-0.04286366305445817,-0.019802608596683105,-0.04473592744204911,-0.013423044265117156
2026-02-06,0.0,-0.0024539268553100645,-0.0024066738068757327,0.005509661085962764,0.0034148638763323047,-0.010582103933899476,-0.008948610181715432,0.014184598455671701,-0.002865307317828436,-0.014888571591079038,-0.024692588966579474,-0.00978001936165398,0.0,0.0032626425892958387,-0.013605676644453737
2026-02-09,0.010000150787730807,0.014634400422029552,0.0040079884938796625,0.01634915348434689,0.015783812085104307,-0.007117521478256962,0.022223201371078985,0.0218914760871117,0.014245273294361344,0.012422595571002636,0.0,0.052643682416112024,0.014888598400041446,0.009724540873323983,0.02033972087259818
2026-02-10,-0.004987615948653511,-0.007290490352348164,-0.0008002981402241422,-0.008686294505659626,-0.019198675961436484,0.019452445218073527,-0.00661532248721128,0.005888113622313397,-0.009950315720583377,0.0,0.0,-0.009367741111531847,-0.009901061633650766,-0.016260505742097555,-0.013513743424225637
2026-02-11,0.02143533126948251,0.0012187686773408807,-0.007231885400254934,-0.005467487492115026,-0.002283144776941173,0.0,0.0011056507972728488,0.005853646587105922,0.0,-0.008679634727739602,0.0,-0.019002928829705428,-0.004987536766390735,0.006535964868773553,0.00677969919608136
2026-02-12,-0.009836130638245691,-0.001218768677340877,-0.004040376414867314,0.016313591249624323,-0.0022883694579916916,-0.007029874222718904,-0.001105650797272936,-0.0019473472342316875,0.002853044835331789,0.008679634727739511,0.04879011804678982,0.0,-0.010050326220427584,-0.0032626425892956865,0.020067518743822437
2026-02-13,-0.00661158468258322,-0.0024419418580781766,-0.023761850498100083,-0.017410727520798742,0.011389620367299819,-0.025905871489617847,0.0,-0.017699585608234956,-0.0057143225022934846,-0.004950511101231875,0.0,0.014285943460664936,-0.010152361634350938,0.0,0.0
2026-02-16,-0.010000150787730668,-0.012300333577886804,-0.006655656522788895,0.020641771953776696,-0.0011331639402967992,-0.004535167456227595,0.006718997367987594,0.0019821836774224773,0.03242003539226105,0.023299524608939626,0.0,-0.011890792097936028,0.01015236163435085,-0.003273322279477878,0.0
2026-02-19,0.010000150787730807,0.011077031595625255,0.009140141380291903,-0.0021529385971691428,0.01015243629827933,0.014440705824694058,0.008888938939973553,0.0019781657794015676,-0.011157690477622299,-0.0060790245747912594,0.0,0.016607777466976493,0.034742915550449546,0.022691390156293966,0.0
2026-02-20,0.01317974327129722,0.0012233019822615624,-0.007472049601172046,-0.002157375238371577,-0.007887391024934,-0.005390845833831827,0.0,-0.005946469991242793,-0.007037335679792361,0.0,0.0,-0.011834503060066504,-0.00980399092998061,-0.03257614007055464,0.0
2026-02-23,-0.0016380800541331442,-0.0036743435401587173,0.004158056251588683,0.0043103138355406745,0.017937683802113264,-0.004514692534634484,0.007713503401217435,0.009891293167466179,-0.0014134158473014416,0.007290501411786407,0.0,-0.004773274406909872,0.004914010196641713,-0.006644536402944578,-0.006644474478705128
2026-02-24,0.014646374889610361,0.015825095425841366,-0.004158056251588569,0.0,0.008849659895133508,-0.012750680485937286,-0.004400443105183411,0.0019665912823688615,-0.0028328390829126405,-0.007290501411786381,0.023530545265529484,0.039864617707696,-0.050261786586310205,-0.03045917798962703,-0.006689000036972771
2026-02-25,-0.0016168922966694164,0.0036166987628658605,0.00166531388208043,-0.006472562363560912,-0.008849659895133468,0.00821551302970979,0.0011019537304638209,-0.02789027823634076,0.00565774444292859,-0.012269988932916547,0.0,-0.030340744846744115,0.010256490134848532,0.0,-0.006734044228144381
2026-02-26,-0.029558761758758607,-0.00120409348832665,-0.00835427933791487,-0.002166829274407702,0.0022197945614252507,-0.0045558289389422925,-0.005521846353188035,0.010050351655798671,0.0,0.0024659760200764877,-0.04762807434573984,-0.02641201733690154,-0.02061932901721874,0.0,-0.006779699196081293
2026-02-27,-0.0033388966169896773,0.011976067006157342,-0.02377022044804856,-0.026375245501457357,0.011025446216740014,-0.027779550469884774,-0.004439514833672001,-0.014098986258478685,0.014005780533112414,-0.006176649989955668,0.0,0.09065433578287475,-0.04255957392650997,-0.02787642598232802,-0.013698786007082003
2026-03-02,-0.020270935816128727,0.007117582749315217,0.005141340759708878,0.00222478317506934,-0.018816273915453163,-0.008486563998730857,-0.016825929113299554,-0.01636026961058429,-0.0069784042859842455,0.012315501747570515,-0.05001044853181241,-0.05012433816192738,-0.027549991219932637,-0.021429371382642688,-0.049480145972283826
2026-03-03,0.010186830883530878,0.016413021990280403,0.0,-0.00892866104778381,0.0022321817913238447,0.014104553514396954,0.012366617064980429,0.008213591734884887,0.006978404285984214,0.00853135712118552,0.0,-0.018868578738087744,0.0,0.010772086837747724,0.014388763702697469
2026-03-04,-0.015319426786989828,-0.011696034323873509,-0.014636521058867431,-0.002244650397334208,-0.001115468066347491,-0.0074976581568518535,-0.005602277099279644,-0.010277498480789635,-0.015417270045826832,-0.0012144191761015416,0.0,-0.02653947251399646,-0.057487035748264206,-0.04754089916459048,0.0
2026-03-05,0.00342465599097789,0.0,-0.003475230824642647,0.010061538564977681,0.0022295863986095945,-0.019953191618556396,0.0,0.012320423370357604,0.011236046789688797,0.0012144191761013891,0.0,0.016970030231127444,0.005899716318173401,0.011173289684249525,0.014184575465951954
2026-03-06,0.005115093393568426,-0.002355829810354196,-0.00698690455145378,0.008859445834173862,-0.008948543626243774,0.000959309223053865,-0.007896227900768478,-0.006141237701180016,-0.008415194246754453,0.0543226944545135,0.0,-0.024332078073457827,0.017493140423409482,0.011049825512574631,0.0
2026-03-09,-0.025841194056286026,-0.021454807611525187,-0.02305071745714507,-0.04217147748471669,-0.028492004403098705,-0.037113676896797745,0.0,-0.02705690622180406,-0.025679006103410406,0.003442265286409701,0.0,-0.027467368535074855,-0.07188723165328811,-0.05264377361130946,-0.0730250023054041
2026-03-10,0.017301444671739663,0.023810637421879374,0.03003762200859894,0.02415298939897977,0.040775794259617484,0.024571232331623064,0.014615225268756015,0.027056906221804015,0.02144473771317449,-0.03141615369239291,0.0,0.02746736853507486,0.036589412849316556,0.041593948098734956,0.029852925481713616
2026-03-11,0.011935333577974694,0.01285803351580417,0.0043422175291059064,-0.005698042789053764,-0.002222261043928816,0.010622997548982861,0.013303952966471196,0.0,0.007047186101843496,0.02140394534293568,0.02531785956523302,-0.002466031306457394,-0.02424358883756287,0.014706133209623233,0.007325964913246979
2026-03-12,-0.00261900515003773,0.0011608811514896022,0.006047534990408401,-0.005730696632532716,0.012161666024629567,0.0019194470161917965,0.0,0.012552454174974593,0.01117334233789535,-0.011834503060066504,0.0,0.017136207371038194,0.024243588837562967,0.01449299353055419,-0.00732596491324692
2026-03-13,-0.01054490345582453,0.002415400157722015,-0.02294895334414942,0.005730696632532733,-0.030119483332435474,-0.0038835888409663663,-0.03359780697706415,-0.004166668762577977,-0.013986260049503098,-0.0035777896075703734,0.0,-0.012210093952767625,0.005970161462833876,0.01428594386615902,-0.02230579756938893
2026-03-16,0.014035305200489975,-0.004836764199049148,0.0017841626227588217,0.005698042789053831,0.006772150054856999,0.0009723120873157967,-0.006857108690263342,0.00208555419132783,-0.0014093630302199837,-0.004790423808819532,0.0,-0.004926113418270593,-0.011976179932825855,-0.017889547963743268,0.0
2026-03-17,0.01039877998110434,0.012048384201170593,0.01591539804428352,0.0,0.004489313816646322,0.003879729607110218,0.0022908949361331405,0.012422507734227345,0.0014093630302199223,0.008368213416389996,-0.051293321837057954,0.00982807914878778,0.041303837273963445,0.03546467658313273,0.014925677117872498
2026-03-18,0.011996663906413125,0.01780457894851043,0.01739180905944718,0.018018488085736917,0.05022891252106265,-0.006799413695085314,0.013636562387651652,0.014300487850344563,0.002812917711607738,-0.009569442282869082,0.0,0.01937104674435756,0.02285811627493255,0.027493196619055086,0.043485102424156055
2026-03-19,-0.01199666390641306,0.0035231667026496354,-0.013889181725769854,-0.06453857080810949,-0.03909307075259139,-0.025667769056748654,-0.020525162036484038,-0.01224503963950984,0.004204664047619002,0.0012012288664791963,0.051293321837057954,-0.0048076968839094155,-0.07020426234687842,-0.006802740702696069,-0.014285983124385787
2026-03-24,-0.022668819242311525,-0.009422911402011267,-0.018527221284089717,0.06118476862642241,-0.005552473518515068,-0.03562721717369347,-0.0034622869875178,-0.0020554482108346927,-0.0013995685423184886,-0.006020510872502626,-0.07796154348338225,-0.02192539770277856,0.012048327267974135,-0.0206904559163591,-0.029199119299770225
2026-03-25,0.00877963751654155,0.009422911402011274,0.005328646794962176,-0.0033651951863005233,0.0011129851863461424,0.013381580922814239,0.012636654233122609,0.014300487850344563,0.009756160397571973,-0.0024183209047600263,0.0779615434833822,0.019512796067434404,0.005970161462833876,0.013841120781837989,-0.007434991837738847
2026-03-26,0.0,0.003510908975371523,-0.0035492461323130718,-0.01016374629864795,0.0033315423887810345,-0.00821359089721744,-0.00572413583227633,-0.022564989557944313,-0.0027777561115877895,0.007237602910783497,0.0,0.023867459674933457,-0.018018488730808243,-0.006896572255120058,0.0
2026-03-27,0.001746765343429994,-0.01411798028404588,-0.008928664956833478,0.04440236683144519,0.009436654710013394,0.0,-0.0011487915070965734,-0.004158006026627518,0.0,-0.008449017806745519,0.0,-0.038466245545726065,0.012048327267974135,0.013745907389641179,-0.00749068528013375
2026-03-30,-0.02294895334414942,-0.020347694502329445,-0.018100024849794897,-0.010917180823618769,-0.016713544911183792,-0.02611114452388126,-0.03390154789575934,-0.029600542256902927,0.004246253050879978,-0.004860272235849283,-0.07796154348338225,-0.00491401019664174,-0.03658941284931647,-0.01029167593525461,-0.06530038282880574
2026-03-31,0.014184621799781118,0.02034769450232951,0.0,-0.014372842247307765,0.008948597461870642,0.0031695466575543917,0.01182051363968419,0.004282657856401812,-0.018532264796812182,0.027629330779505853,0.0,-0.002466031306457394,0.04849437491170521,0.03390151879036072,0.01612936642298423
2026-04-01,0.026065784764974842,0.022262259465915188,0.018100024849794876,0.016565875803282278,-0.0022296000938832375,0.029108155896386614,0.020930921509077063,0.0190482276518422,0.012866532618511835,-0.028848127880388107,0.0,0.004926113418270598,0.034887225142181455,0.026317283546611638,0.05448822502049883
2026-04-02,-0.017301453220606597,-0.010483515022541419,-0.013544190895225138,-0.012121322317095503,0.0,-0.023847734229710302,-0.009248612425238053,-0.012658384774144153,-0.005698015696033632,0.0024361105434864867,0.0,-0.019851808339811983,0.0,0.03822125249212064,0.0
2026-04-03,-0.01760607157677191,-0.026098785180284724,-0.012808989906094874,0.013216038204338676,0.0,-0.008429968324230557,0.0011607928346388217,-0.01067250073409989,0.002853066265385662,0.0036429587932450486,0.0779615434833822,0.005000065104307523,0.07165598637006731,0.09246521005391163,-0.022989587532424898
2026-04-06,-0.0035587191446187104,-0.021871995961644616,-0.022347277854463853,-0.0032877494432177598,-0.04217147748471669,-0.005305072627996234,-0.002322823782987026,-0.004301077929863997,-0.0028530662653855803,0.02039663696868431,0.0,-0.0024969372763501614,0.010582099318558432,0.016949542331297432,-0.01562530335027711
2026-04-07,-0.005361980613494304,0.0,0.012166749535859986,-0.015486967745702438,0.01157413723039534,-0.0053332645945755675,0.0,-0.008658054700508611,0.0,-0.01797527292735724,0.0,-0.010050326220427584,-0.005277052121341222,-0.005617987036759381,-0.007905172057463813
2026-04-08,0.0142351025356305,0.015844342196226168,0.02752469065116354,0.0022271171841228015,0.013714596587686048,0.01801851278819601,0.015003069799402276,0.021506185371127504,0.004276586611975298,0.003620973394739315,0.0,0.06831918036283685,0.031252575526135445,0.013986228915818986,0.02353047540774091
2026-04-09,-0.01423510253563046,-0.03319302270808071,-0.004535172426464753,0.012161632418628715,0.002267518397879395,-0.01481512166903452,-0.0045924264258159035,-0.021506185371127483,0.004258307732981223,0.009592390367769765,0.0,-0.023867459674933467,-0.005141394458524434,0.0,-0.01562530335027711
2026-04-10,0.0,0.018576338766832897,0.0036297645952369758,0.002195336095339993,-0.002267518397879459,0.00319316216312679,-0.003458186035497487,0.010810957345391062,-0.0028368786489228145,-0.004784693483860293,-0.025317859565233025,0.05635299492905148,0.02544664095841606,0.027399013566558723,0.01562530335027708
2026-04-13,-0.016260548889711474,-0.01732709079189004,-0.01735992224863949,0.010905274992518265,-0.011415692333591479,-0.011758516713449192,0.006904563588962702,-0.010810957345391049,0.007077197314253113,0.011919024223680753,0.0,-0.034846752949132885,-0.015190150823567389,-0.013605638815206152,0.007722038985425329
2026-04-14,0.005449643002904319,0.01117331911864117,0.004597639092906718,-0.009809359388932652,0.00458190512543632,0.0010747156922507012,0.011402566874813098,0.008658054700508674,0.009824597595795924,-0.00952387286095172,-0.025975462271824953,0.04167265729104036,0.015190150823567363,0.018996482253513837,0.0
2026-04-15,0.0018099966406076196,-0.006191993649176389,0.009132518560495809,-0.019912196165873326,-0.005730696632532716,0.0,-0.0011343478405923414,-0.008658054700508611,-0.012649455472663674,-0.02176619810708669,0.0,0.02020274191794866,-0.0050377891892164845,-0.010810905654593653,-0.02334734233570233
2026-04-16,0.0,0.0061919936491764025,0.00904986988655931,0.00779087384877782,0.0,0.00428724773891021,0.0011343478405923307,0.012959132630372629,0.005641758404814116,-0.006131250286114892,0.12361398514937719,0.004434592848067803,0.01005032622042762,0.010810905654593712,0.007843170127777039
2026-04-17,0.0036101086507148382,0.00982807914878778,0.0009004300644702787,-0.0011092878010480678,0.003442313678817918,0.009579551606990765,0.002265058492354844,0.004282657856401812,0.007007697067849566,0.004907980574122903,0.0,-0.011123627935856547,-0.025317783531102575,-0.002691789074430514,0.015504172207925323
2026-04-20,0.021391169070398217,0.0,0.008068188521750055,0.01103757656216908,0.0057110598179126275,0.0,-0.0011318879350677698,0.002134521408939022,0.0055710398696598214,-0.014796803085972112,0.0,0.0177389131941229,-0.005141394458524434,-0.013568716037264155,0.0
2026-04-21,0.0017620713156032127,0.00973242732034403,0.02469258974538498,0.0032877494432178075,-0.004566213754130247,0.024072381648472658,-0.0011331705572871038,0.02318336299156216,0.01379337475135257,0.012345765322425175,0.0,0.0493133155137154,0.02544664095841606,0.03753788331971127,0.015267548546999675
2026-04-22,-0.012400459177022434,0.0012099491453649305,-0.014919023787118749,-0.005485498052988559,0.007977324098087674,-0.010395143778893461,-0.0034071280609998247,-0.008368241322527534,-0.005494513919280685,0.01823765733598722,0.0,0.03897920749725307,-0.0050377891892164845,0.013072069344937442,0.029852933931718787
2026-04-23,0.0,-0.004848605320285066,0.010554177276845853,0.0,0.004530014546082792,0.008324702244286086,0.006802794766490444,0.016667035927216762,0.005494513919280717,-0.02439142900923605,0.0,0.00601811454052351,0.02000064763127573,0.02310761430387036,0.021819026584723566
2026-04-24,-0.005361980613494304,0.0024272412789581284,-0.0035056969047001798,0.0,-0.0033956667054905213,0.0,-0.007941124890040245,-0.006217680033439156,0.00410113120770051,0.0,0.04546233095194954,0.08065791709382795,-0.00496278464445737,-0.010204160244013445,0.0
2026-04-27,-0.005390800595484875,-0.006079069336731612,-0.01950418769019808,-0.006622587118136989,-0.005684976837638533,-0.01566607721385704,-0.014917100390480303,-0.018888317074982886,-0.005471964702323253,-0.0024722456827359356,-0.11778299426426876,-0.02806547059391485,0.014815071830292343,0.007662865278947024,0.0
2026-04-28,0.010752781208979089,0.003651828057773653,0.008025023127163777,-0.005552506519400019,0.004550628997046219,0.0021030982811968487,-0.00579702922683453,0.012631835249782387,-0.004123680424658028,0.0049382769891932795,0.09531015948455968,-0.028875942234339213,0.02898751015968521,-0.0102302582697264,0.055958683402234935
2026-04-29,-0.01617288650030154,-0.00243303095689129,-0.002667915050747734,-0.007825606980943804,0.0,-0.004210628908069958,-0.012873274252141723,-0.006295972349773998,0.005494513919280717,0.0012307975562154533,-0.022989496172240394,-0.02171845591790484,-0.004773274406909872,0.0025673929907793006,-0.013698830935582187
2026-04-30,0.0036166370397949996,-0.008562705919049795,-0.008944552418123733,0.0,0.0011343478405923307,-0.007411330597837767,0.007042331892575515,-0.014846544796776563,-0.004118085360568834,0.029092933192540964,0.0,-0.028342047186433246,-0.024214235752775266,-0.02072617244601174,-0.020906747926708304
2026-05-04,0.017889547963743282,0.007343908818167356,0.0017952881239393355,0.010050352978966205,0.005652948001197369,0.002123191625806121,0.011627971586400805,0.014846544796776646,0.017723724175774985,0.0011940573217919478,-0.02353054526552943,0.05784263632683791,0.03373810861372705,0.033465185842080844,0.013986311933242724
2026-05-05,-0.00711746112599564,-0.0024419430876502345,-0.009009018468760384,0.0,-0.004519777443910304,0.007395669598904551,0.00805999170021701,0.0,0.0,0.016568466418927705,-0.02409752908021036,-0.0058308684313251825,-0.00952387286095172,-0.002534853152055743,0.006920435993465473
2026-05-06,0.0017841626227588217,0.010942376465708847,0.0009045888093798518,0.008849606874565697,0.0022624961482034752,0.0052493758583805105,0.004576662532905499,0.008385785412396695,0.0,0.018605169261404868,0.0,0.017391680210527043,0.10008347485353675,0.05673531627381866,0.0068728725305045495
2026-05-07,0.0035587191446186765,0.007228882631897586,0.021467708563271005,-0.0022050178405892047,0.0033840677678083084,-0.003146277577183601,0.0068259043419073235,0.020661872724274735,0.0,-0.03636769300212449,0.0,0.05043085212938183,0.02141407482365579,0.019002928829705303,-0.006872872530504391
2026-05-08,-0.007130148014993584,-0.0036079092371582625,0.0008845846319302746,-0.006644589033976515,0.0011255182532255254,0.007326007918800615,-0.002270092259693771,-0.0020470328671578298,0.0013504056182226689,-0.012019306440717158,0.0,-0.01283238430282946,-0.04329676552219957,-0.02140394534293558,0.03390151879036072
2026-05-11,0.0,-0.0024126016353442597,-0.012455707318052407,0.0,0.0056084541036358565,-0.0041797303416171066,0.0,-0.006166558030059634,-0.0067704678345085305,-0.008500433378058666,0.0,0.011009274912558846,0.026202347839165366,0.011947619161938802,0.01980260859668314
2026-05-12,0.005352329078857885,0.008418648400448541,-0.010801174686528803,0.0,0.010016795609166327,-0.008412239069549347,0.0,-0.0020639330310401926,0.004067766011879691,0.003651828057773653,0.0,0.044610429614867074,0.0,0.0071005585069712955,-0.006557394395008837
2026-05-13,-0.0053523290788579135,0.0,0.0009045888093798518,-0.0022247459980224804,-0.004439514833672001,-0.004232806387735853,-0.00455581208221365,0.008230491061099875,-0.004067766011879717,-0.009768078620962812,0.024097529080210435,0.04103135820537854,-0.03956556287840182,-0.031140154268900582,0.0
2026-05-14,0.0,-0.004801925185013666,-0.0009045888093798337,0.013274624104356723,0.0033315618004588414,0.0021185923144771313,0.0,-0.010298791447429973,-0.016438776097217507,0.00733504766407149,-0.04879011804678987,-0.01349091726521827,-0.027274391314292535,-0.01470613277992456,0.013072069344937442
2026-05-15,-0.007181352338604389,-0.004825094974829871,-0.000905407831227805,-0.0010995304668196682,0.0022147853599034494,-0.0031796246346512185,0.0011409275042690052,0.016427458860832002,0.004135114137728521,-0.0012187971008823376,-0.025317859565233025,-0.0594580128705302,-0.00925931621435231,-0.0024722456827359356,-0.019672747143667034
2026-05-18,-0.001803468251527333,-0.006064322834572105,-0.0045392898044504,-0.01887896983068308,0.0011056086032227264,-0.00745871258792061,0.0,-0.016427458860831908,-0.006901365076433544,0.0,0.0,0.0,-0.014051851794160847,0.0024722456827359573,-0.01333351815324252
2026-05-19,0.0,0.0036429587932450486,-0.012820632444189002,-0.006749229277808501,-0.005540201451290676,-0.0053619634311609515,-0.004571541164823962,-0.008316048409686872,0.005524936517721633,0.0,0.0,-0.00904986988655931,0.014051851794160866,0.014706132779924615,-0.006734025694352127
