Date,0138.KL,0166.KL,1023.KL,1066.KL,1082.KL,1155.KL,1295.KL,1562.KL,1619.KL,1818.KL,1961.KL,2445.KL,2488.KL,3182.KL,3816.KL,4197.KL,4677.KL,4707.KL,4715.KL,4863.KL,5168.KL,5183.KL,5211.KL,5216.KL,5225.KL,5285.KL,5296.KL,5347.KL,5681.KL,5819.KL,6012.KL,6033.KL,6742.KL,6888.KL,6947.KL,7084.KL,7106.KL,7113.KL,7203.KL,7277.KL,fbmklci
2023-05-16,0.0063087333214554946,0.01834909527460695,0.002006113391706253,0.0018166196460233754,0.006719009787759474,0.004592523442782766,0.002534863535271667,-0.021819197737949027,0.007220273886592313,-0.004834890373782979,0.012903425445266565,0.012522688777852887,0.00598813220277759,0.0,-0.0013803243980011883,-0.004728163804566541,0.0,-0.004454348199818644,0.007434974705006843,0.007936245591619305,0.013423051315596044,0.012811616266313964,0.00643085883902576,-0.011834540310098028,0.0016906821007861897,0.006825651060130565,-0.006308967060151655,0.02181902145842833,0.005509996425650728,-0.00401190397653235,0.0022857802700317286,0.0011897988212252364,-0.018349043580019073,0.003284022551547687,-0.004535295602692651,-0.0034721941428669067,0.03297000934029447,0.028171032733085043,-0.012903467131458691,-0.013793286925402794,0.004315589525232193
2023-05-17,-0.019048019935690122,-0.004555805836071272,-0.0020061133917061466,0.0,-0.013483470223541516,-0.0022935925134239285,0.0025284542453810205,-0.014815153866211746,-0.021818933914500835,-0.00323629603857595,0.015267522222977756,0.012367443458576152,0.0029805904970343793,-0.0022197363386783713,0.0068824208372271455,-0.004750557753644653,0.12028616523577063,0.0029720301544021006,-0.014925539699098832,-0.007936245591619347,0.05195964771720865,-0.012811616266313957,0.0,0.011834540310098052,-0.0033840559878253853,0.0378246213635934,-0.012739374674151444,0.002053438782275567,0.03420671247015758,-0.0030196336603857048,-0.006873012440876797,0.004744770321881818,0.018349043580019195,-0.0032840225515476493,-0.002275171887793893,-0.014010673841962768,0.02666782113222806,0.027398905025435072,-0.03974026411875492,0.013793286925402767,0.0005898968023142688
2023-05-18,0.01904801993569019,0.004555805836071228,0.006006191552725088,-0.0018166196460233696,0.001130592484983765,0.005724147783892071,0.002522077284973936,-0.015038166097422229,0.0,0.009677549007920406,0.010050325434326308,-0.0026374186422702455,-0.00896872269981195,0.004434441864773255,0.0041066645600354714,0.004750557753644635,-0.013422959488658208,0.0014823180454167115,0.007490564994091925,0.00595810808820588,0.1229268707032947,0.004288826250336225,0.006389846517781835,0.011695891738574027,0.008438849194381152,-0.004376403376724762,0.019048341734303045,0.0040941613076853015,-0.001771719491335716,0.007031537636918,-0.0023013741675447417,0.0011827629499964948,0.0,-0.01658413159594559,0.002275171887794,-0.0017653727877154882,0.04628083333679561,0.05264370850358345,0.006733977771269456,0.004555881479557853,0.0025943775452239724
2023-05-19,-0.012657519575991677,0.004535261194973325,0.001993766956904728,0.0,0.020135086642782404,0.00228045099160947,0.002515663483745113,-0.01526743682029597,-0.007380229839771394,0.0016036997296803546,0.0,-0.002644209499571992,0.002998465400287372,-0.006659231655457238,0.005449549544076673,0.004728163804566597,0.046212801494196085,0.0,0.0037243971926962318,-0.005958108088205904,-0.03415900056404655,-0.02163017715319685,0.0,0.0,0.0,-0.013245431769654006,0.0062696607117636634,0.0030597401238728716,0.0017717194913357173,0.0,0.0023013741675445886,0.009411824628766077,0.04445187419608461,0.003338847750312922,0.004535295602692794,-0.003539729089522396,0.005012939343776882,0.0253178464979574,0.0,-0.013730156869376066,0.0003500689575868738
2023-05-22,0.0,0.0,0.005958361794944244,0.0,-0.014501218691984197,-0.023042565598238394,-0.007566195014100105,0.007662965084233911,0.0,0.019048387784803757,0.0,0.0061592241782140195,0.005970257299524696,-0.017977964466811453,0.0027139024512363944,0.009389984616354924,0.0064308613456727625,0.0,-0.0074627173907976805,-0.003992139730797873,-0.01556439416947333,0.014471880288449687,0.0,0.0,0.0016792406950764977,0.004434743769655721,-0.0062696607117636045,-0.02265802093457908,-0.008889169788399293,0.0,-0.03986458431146746,-0.0058719697698021486,0.025752471507021594,-0.003338847750312836,-0.002265227892755229,0.0017712997502878876,0.009949934074148977,0.01652929374337999,0.0,-0.02331117540664395,-0.006700572863174453
2023-05-23,-0.019293008536478563,-0.027524724925397162,-0.00795212875184894,0.0018166196460233754,-0.016997547916860308,0.0034904921883509923,-0.010178236887530565,0.0,-0.014925507425825674,-0.011067296508252276,-0.010050325434326218,-0.008810536065374665,-0.00896872269981195,0.004524853274155482,-0.0067980524377237615,-0.0046838036884229595,0.0,-0.002224543145297771,-0.0037522447959904095,-0.0020022259572346737,0.023256821194160643,-0.010108415654486417,0.0,-0.023530432048672088,-0.010118089889457666,-0.008889006776482938,0.0062696607117636634,-0.004175360659032524,-0.0026821339020900404,-0.009049524552078355,-0.004796309374910792,0.0023531298963992094,0.0,-0.003350215027136073,-0.004545239597731428,-0.0017712997502877903,0.0,-0.00823044541253434,-0.006733977771269369,0.004705958094996007,-0.005271063547525733
2023-05-24,-0.006515479487003323,0.04546226751017234,-0.00600619155272508,-0.009115959804910168,0.012493114739082288,-0.005824096034029081,0.0025542878592110306,-0.031009706043876477,0.0,-0.009584791006231785,0.005037788794190774,-0.0026583600328558285,-0.00300748324150564,-0.009070273945168086,-0.004101276064000981,-0.009434344732498452,0.0063898506470263265,-0.001486104941322445,-0.011342269561645366,0.019842188379066126,-0.023256821194160598,0.008670659702853576,-0.012820705356807688,0.011834540310098052,-0.008510756347275135,-0.015748523210387357,0.0,-0.004192980078650499,0.0,-0.016293839937028407,0.004796309374910753,-0.004711364420958207,-0.008510754754339886,0.0033502150271360527,0.006810467490486611,0.0,-0.019999865133055947,-0.016667043305484082,0.0,0.013986205776063493,-0.0013611735729303302
2023-05-25,0.0,0.0044344728776994635,-0.004023991180716247,0.0,0.0011280416393527372,0.0,-0.0076824499375831865,0.007842478127790271,0.0,-0.004827024099457405,-0.01774452566842456,-0.03429943744238585,0.0,-0.013761736936444932,-0.009635365013654048,-0.01913915758191466,-0.006389850647026349,0.0,-0.003809734966610481,-0.017839962421831432,-0.0859424273305936,0.0028735932538531605,0.0,0.011695891738574027,0.0,-0.02992139594572067,0.012422450793967744,0.0062827836337569845,-0.015336326809246868,0.0030755709324347324,0.009523957907141424,-0.011876737420910496,-0.017241716752681605,-0.01008423122056805,0.009009107826584208,-0.0017746400251292328,-0.030771635154061592,-0.051735751248946305,-0.006779719601175462,-0.028171043856714706,-0.005078076920191645
2023-05-26,0.019417987663783533,0.08885346618387725,-0.012170522302396451,0.0,-0.005652856578282968,0.0023336038456781326,0.002567403461461364,-0.007842478127790216,0.014925507425825617,-0.0016142288698869321,0.0,-0.006448796315006808,0.008995615444283319,-0.011614486065554085,-0.002770132964037521,-0.0048426468563609664,0.06813781446059851,0.0,-0.015384806274681995,0.01587328140605069,0.01273895136081876,-0.002873593253853093,0.01282070535680772,-0.01169589173857404,0.0,-0.014118100168618239,-0.012422450793967772,0.011416777653655437,0.006343333438394547,0.0020448108479859885,0.011778521160324821,0.0023866974086352594,0.07534947054931893,-0.017036099622662667,0.0,-0.014311383160871794,-0.010472206467604191,0.03478609972562739,0.0,-0.01438858072060326,0.0003564477927011608
2023-05-29,0.0,0.0,-0.0020429978778879893,-0.0036696943305155826,0.0022647876809260684,0.0023283036984268184,-0.002567403461461288,0.007842478127790271,0.02963186125922904,0.0,0.010178325800992963,0.010115236674053871,-0.005988132202777654,-0.007034083558231244,0.0013860638413171176,-0.004866212250093362,0.07496299650650473,-0.014226982607987241,-0.011696140857144625,0.02334731864324983,-0.004228276817229952,-0.011577593386788466,-0.0063898465177819035,0.02325679565373145,-0.0017107566205460296,0.007083964971437712,0.006230514933420993,0.006172898953291426,0.008992993370852204,-0.004094140095548573,-0.0023446701085512653,0.0011910875847669189,0.04725283866317749,-0.04930592988325534,0.02217394929708169,0.0017999974880014205,0.0,-0.008583791501463444,-0.020619298173503938,0.019139431204090486,0.001388985780861832
2023-05-30,0.012739286614234591,-0.0040565818037370865,0.0,-0.0036832106028068766,0.004514839492425745,-0.0011633411863479835,-0.012936831433377254,0.007782122967661433,-0.014706178744621328,0.004834890373783019,-0.010178325800992953,-0.010115236674053812,0.011940455671253828,-0.014218179981139476,0.006901344098908424,-0.009803975794598083,0.011049927205813383,-0.019802595432091848,-0.011834452535844494,-0.009661830587980903,-0.025752449940360935,-0.01762155049479899,0.0,0.0,-0.010327159709252156,0.002350254946180473,0.012345686551799757,-0.013423125875358126,-0.02355160204029681,0.0020493292475626786,0.0023446701085513538,-0.00477340222931881,0.015267490084499078,-0.007246293167755259,0.0021905611573845556,0.0,-0.021276546912185067,-0.044059917002119975,0.04845243786915259,0.018779864892827805,-0.0057248388084406646
2023-05-31,0.06136924261971776,0.02409728713520382,-0.014418400805266084,-0.012999130646669813,-0.02508699687535045,0.0069604273780362845,-0.00784313020987186,0.007722139864191008,-0.02247285585205863,-0.0032206615038960365,-0.05791085892892001,-0.03575174581648594,0.02346151621336767,0.0023836462292430183,0.004118090037466079,0.01951283490105236,0.06385145321968218,0.030305231020181945,-0.003976037603942286,-0.009756306605354342,0.0,-0.028551952895994513,0.006389846517781835,0.02272826124096414,-0.0017316682900546123,-0.009434219917618109,-0.037504188267972235,-0.01150021942092816,-0.032606510262971705,-0.009254684908335722,-0.03819071821459713,0.001195617235916743,0.029852903083956557,0.01085003872788119,-0.02212488833042561,-0.0017999974880014223,0.036942742877817826,0.02666818155961865,-0.08455755121061506,0.004640328480399829,-0.0070330271682083065
2023-06-01,0.0,-0.016000097182512493,0.008264363039137438,-0.003745396155590183,0.008050658651152058,-0.005797086191688191,0.005235630221441296,0.07410863008164974,0.0,0.0,0.005405413104221405,0.0066827403892894734,-0.020498424420775496,-0.011976081932472288,-0.020761853167822447,-0.014598797397272966,-0.07490138042549552,0.002980646906698766,0.0,0.0,0.012959068548730556,-0.010728099995482299,0.012658413373814301,0.0,0.01156484779888983,0.0,-0.008991914550535737,-0.005271394901415797,-0.0009475465455826284,-0.004140760623318375,0.03144159204955894,-0.010811000837971546,-0.029852903083956505,0.007168472057995383,-0.0203398011232868,-0.018182489153287528,-0.020942334149995818,-0.0088105727816626,0.07095185939951115,-0.03294415012973659,-0.0029673613585638214
2023-06-02,0.011834768852925923,0.02390546192998146,-0.01034118492042946,-0.0037594769024499194,0.0068495229252873956,-0.002328303698426861,-0.013140834300582955,0.014183881718591172,0.0,0.00643072382913776,0.010724021378965165,0.009469667700033125,0.0,0.009592435703229383,0.008356355190130914,0.014598797397272977,0.02197901752479121,-0.0195345909829527,0.011881321447097854,-0.003929181449914724,0.004282706848041469,0.00920253169670185,-0.03195160133599832,0.01117330551043911,-0.006992950965126303,0.0,0.02547924364284291,-0.004237397018463655,0.014117922608510594,-0.01673677412652334,-0.024097662959663656,0.00722030466585694,-0.015267490084499171,0.0,0.02257435901065008,-0.031689394308385826,-0.005305549907975213,0.017544301328756423,0.0,0.014251986258677159,-0.001266157228800707
2023-06-06,0.005864635721384175,-0.01587351639450332,0.014448042422276748,0.0,-0.030025431739496018,0.0,0.007905204079141704,-0.014183881718591276,0.015037909421442393,-0.009661791517377852,0.01587326468713336,0.00657601641663696,-0.008915415261068581,-0.007185779906461098,-0.0013878346371126093,-0.03941393914885527,-0.02197901752479123,-0.002278985120481462,-0.007905283843155612,-0.015873281406050713,-0.017241775396772126,-0.004590563385055511,0.006472482605376456,0.011049840990935906,0.031090638715057895,0.0394941225163942,-0.019048291909455294,-0.012820770699479959,0.005163115920796831,-0.00847467444604352,0.002436105615926886,0.00483082958243875,-0.007722005524091538,0.021202156850619647,-0.01801858344068084,0.0037806183630842436,-0.016086133039889546,-0.03540191010671245,-0.0068728124536582445,-0.014251986258677149,0.0013818649388981485
2023-06-07,-0.023670381811551008,-0.008031945535478115,0.0040901781421691505,-0.0018847767902484885,-0.0023474397030445165,0.0,0.0,0.0,-0.015037909421442258,0.0032310676882401084,-0.007905137607729077,0.011173336290805714,-0.008995615444283256,-0.012091872328355709,-0.0013899932845535719,0.019901104247802646,0.0,0.00455248073009484,-0.003976037603942286,0.0,0.0,-0.01701511362175275,0.0,0.0,-0.027588050574549494,-0.027715220134007117,-0.012903272481583454,-0.0032309836324998175,0.04306672198543176,-0.002129852862979182,-0.0024361056159269623,0.003608045040161471,0.015384838319226749,-0.024780018122313518,-0.011428592702588659,0.005644401243609807,0.016086133039889504,0.01785760877795611,0.0,0.0,-0.003273220886941406
2023-06-08,-0.01812714143376429,-0.016260691256438455,0.0,0.005644253692698409,0.012843071613480304,0.0023283036984268184,0.0,0.0,-0.007604664967281114,-0.0016142288698869321,-0.005305115370214312,0.0036968416343210395,0.0030074832415056024,0.004854208341501831,0.019472271024365023,0.004914037503779603,0.02197901752479121,0.0,0.0,0.0,-0.021978920959617787,0.001558782931466463,0.0,0.0,0.0,-0.009411896644280148,0.01929321489025114,-0.01631362230383571,-0.011727840812168176,0.0031930806038793433,-0.01474225760033757,-0.009650318158812782,0.0,-0.02173983495264182,-0.004608261170950231,-0.0037593687950714712,-0.03243518431914335,-0.03603991892269061,-0.006920550538319076,-0.0047961800997066,-0.0029128878862126587
2023-06-09,0.024098118671005277,0.02028483153836793,0.010152263037809082,-0.007533030574323556,0.0034743282447414307,0.002322895290293951,0.0026211697715114177,0.0,0.03745759653148453,0.004834890373783019,0.002656075712118055,0.0009221028911615608,0.008968722699812007,-0.00485420834150175,-0.00414087654800559,-0.019802648243334837,0.010810866956387498,-0.0007573397800506085,0.00793643710285161,-0.006018197018930614,-0.017937668080937743,-0.0031199994611050695,-0.012987212897113198,0.01092900395015169,0.001746747643327706,0.0,-0.012820894142055226,0.006557559654280795,-0.02666832771609819,-0.008537987269712992,0.009852236132823851,0.007246551780821993,0.011605549512326003,0.018149224166340308,-0.011614238964736635,-0.005665650811622435,0.0,-0.01851903849463394,0.0,0.004796180099706643,0.0010469561083026335
2023-06-12,0.005934247905475966,0.019881321648052057,0.01404220895493356,0.001888776881625274,-0.009291547770633445,0.0011594935435088518,0.007822750302903135,0.0,0.014598737623476035,0.0064102847451756335,0.01317537442333618,0.015546757040000723,0.0029717329714418475,0.012091872328355704,-0.00415794317561103,0.004987564542488308,0.026526769398255684,-0.0007579137783322436,0.011788057596018526,0.006018197018930629,0.03991658904055554,0.038318770163733154,0.0,0.010810921469523754,0.015584757416284288,0.02336539856309131,0.01917018114456359,0.008676821315168877,0.01938240625272087,0.003210279665588272,0.00732612708344066,-0.002409687243088344,-0.007722048346490805,-0.04037250717381457,0.004661597169278359,0.015037809364796512,0.01092855359863823,0.02765157216743002,0.0,0.001443379786805888,0.007738470722543749
2023-06-13,-0.005934247905476007,0.061087547653442376,-0.005993845117923752,0.0018847767902485121,0.015055303310322461,-0.0011594935435087067,-0.01044392007441446,-0.007168675559770765,0.007220217741528658,0.007955349433739274,-0.01317537442333627,-0.006372478332545581,0.005917266229807778,-0.002406655796768299,-0.005571005679272821,0.00496281214554342,0.0,0.0,-0.003914004559083438,0.0,-0.044451791699830046,-0.035198770702628036,0.006514730291736805,-0.010810921469523685,-0.008628205366284369,-0.006952199074455097,0.006309062498279288,-0.01304362897716502,-0.012879738923020835,0.00956934996494423,-0.007326127083440736,0.01793227908278132,0.01538492331024971,-0.018904160842181675,0.005141549322316225,0.012975143604371808,0.0,-0.01834912855349666,0.0,0.009569396476381047,-0.004451896264929537
2023-06-14,0.02352992123785733,0.0363677464557669,0.0,0.0037594769024499263,-0.002301456470454177,-0.002322895290293923,0.0026211697715114177,-0.007220123124296905,0.007168459678538379,0.0,-0.002656075712118138,-0.013793223232937591,0.0,0.009592435703229383,0.0027893063595555373,0.019608422096215043,-0.005249399075757896,0.0007579137783322685,0.003914004559083375,0.0,0.013544145993573188,-0.0031199994611050695,0.01290334144440211,0.010810921469523754,0.005185903022742828,0.0,0.0,0.0065429065013831705,0.016529285316076003,-0.007434722964698829,0.0,0.0011838717843242268,-0.015384923310249743,0.03007748514104639,0.004651054771334107,-0.001843335847611843,0.005420497680615545,0.027398905025435072,0.0,0.028170893551889797,0.0034779546074402024
2023-06-15,-0.02950089847509816,-0.020305184490200807,0.0020019813578269767,0.0,0.009174335758216199,0.0,0.007822750302903135,0.0,0.0,0.006319313705034333,0.0,0.006460507757929419,-0.00993822076346697,-0.01442344389331505,0.002781699319717478,-0.014670188044691562,-0.026668194516291988,0.0,-0.003914004559083438,0.0,0.0,-0.023716596351231297,0.006389846517781835,-0.010810921469523685,0.0,-0.009345985309125098,-0.006309062498279227,-0.009830778029824535,0.0018197906225387004,-0.008565525427250193,0.00732612708344066,0.00590012291225278,0.0,-0.026267914217121064,-0.002322977265725661,-0.0036967597118969507,-0.0054204976806155125,-0.01818231014473456,0.0,-0.004640323938250885,-0.002667051393195664
2023-06-16,0.023670381811551088,-0.011050011550090525,-0.004008094749533217,0.0037453961555900875,0.013605652055778678,-0.003494424908056785,0.005181304058932218,0.0,-0.0071684596785383855,-0.02713667707608535,0.0,-0.05289241080386237,-0.012345789702434481,0.05189851403132494,0.0,0.0,0.05264376174364244,0.0,0.0,0.0,-0.06006419353165353,-0.016129375332735476,0.006349275484768466,0.0,0.02721248697600669,0.00234468246476888,-0.02564250189275943,0.009830778029824553,0.024249081066771868,-0.00539066305103712,0.1017042006988981,-0.005900122912252813,0.007722048346490828,0.007575877860539281,0.0,0.0,-0.005448737153848685,-0.11149547652376933,0.0,0.00464032393825099,0.004966913167310697
2023-06-19,0.005830516663547264,0.018349117943416617,0.019881390202337864,0.0,-0.013605652055778598,0.009291511099745017,0.0,0.0,0.007168459678538379,0.008058091787697605,-0.005333340840756195,0.06022512627887044,0.00619186403304673,-0.04466085004447101,0.0013880290084325134,0.01951283490105236,-0.010309454305411183,-0.0007579137783322436,-0.0039291686926888475,-0.004008031457954893,-0.014388771358869857,0.008097125108123972,0.012578719989723893,-0.010929003950151681,-0.006733950417466913,0.01164165146628466,0.025642501892759326,0.002171606366044818,-0.02971841808236572,0.010752765229672797,-0.09443148614025403,-0.005934696017568918,0.0,-0.0037808674356097347,-0.014051651231904154,-0.014925859942391088,-0.02210077450583026,-0.06351343703835631,0.0,-0.023420109692427013,-0.0009222313267697876
2023-06-20,-0.023529921237857306,-0.014652260268226566,0.011741806808728578,0.007448752820670466,-0.001142274917725246,0.0,0.002580725517502768,0.007220123124296887,-0.01438867742006707,0.0032050911170431098,0.005333340840756047,0.003646387140182686,0.006153925669387632,-0.004819242564631415,-0.004169728328149834,0.0,-0.09220612221535256,0.002271958746421573,-0.003944884344246204,0.0040080314579548325,-0.03941396108649874,-0.006472495914862306,0.0,-0.011049840990935826,0.013423023692917741,-0.006968653528287133,-0.02564250189275943,0.0,0.01000452644265766,-0.005362102178635795,0.004819192010898547,0.011834818929821772,-0.08841098420465553,-0.015267435780577564,0.0023556860729158206,0.009354762822074682,-0.011235620925459124,-0.050430862683808544,0.0,-0.01432018033584388,0.0007205494008133475
2023-06-21,0.005934247905475966,0.007353153874900568,0.021175105945621626,0.0,0.006833919697360362,0.01035093062443214,0.007702174070772,0.007168675559770854,0.007220217741528658,0.011137820750840398,-0.002663011709189874,-0.007305928511697147,0.024243522684259323,-0.002418421422222426,-0.0013936806513471017,-0.00970885910645429,0.028013051028012236,-0.010646523448787385,-0.00793643710285164,0.011928385322417271,0.005012594596066241,0.0,0.0,0.027856979725807945,-0.021904946814708306,-0.00467299793799748,0.01929321489025114,-0.0032590638600851498,0.017937639857170767,0.007498895474363043,-0.0024065301985596223,-0.013025741720724938,0.02489755942771456,0.003838819069980774,-0.016607603621728997,-0.0018639509245464993,0.011235620925459251,0.017094391221610612,-0.013986195021697123,0.009569396476381047,0.0036810970453959252
2023-06-22,0.0,-0.003669818343688006,-0.001906778499365458,0.003703672736104292,-0.0068339196973603395,0.0011434521985576017,0.0025542878592110306,-0.007168675559770765,-0.007220217741528678,0.023456819737213176,0.0,-0.006436840227102047,0.0,-0.009732348070545316,0.0,0.0,0.01643872098651575,0.0007641610472639767,-0.020121503378814305,-0.007936245591619347,-0.01511361068829092,-0.006514662187422454,0.0062305967554588315,-0.022223142358296907,0.008481923121790578,-0.007050729070685031,0.0,0.0010874574940403937,-0.02520380854166515,0.01588165714041577,0.007202867445090099,0.003569283053777609,-0.024897559427714586,0.0038240353617419267,0.011890919454840127,-0.0037382879755579815,-0.01690180560091024,-0.02285805841497956,0.0,0.023530569613638898,0.0008752082790236964
2023-06-23,-0.011905225142716844,0.003669818343687934,-0.005741471288833645,-0.0018500137162070277,-0.0034344929396024513,-0.0011434521985575262,-0.010256461929982972,0.0,-0.03690449585022858,-0.01244185397873132,-0.002670329131566231,0.004601939700406524,0.005970225464584601,-0.00244808599599965,0.0027854216598653934,0.0,0.005420042762593359,0.0,0.00809720664354881,-0.00599436568803245,0.005063230790666434,0.008136902832348797,0.0,0.011173267590105462,-0.010186805447947334,0.014052031915041138,0.0,0.0,-0.02492045709932146,-0.012685174324549185,-0.012033764453467618,-0.005955902452161276,0.04919025942805907,0.011385448784464831,0.004716684166888839,0.0018706487240212927,-0.00593379887494205,-0.005797149586626358,0.0,-0.02830391121545308,-0.0027140191111581576
2023-06-26,-0.03658911114590531,-0.007353153874900471,-0.0038462289133300476,0.0018500137162070808,0.0011460816889081106,-0.004587191360249851,-0.005168057346302291,-0.01449296639252354,0.0,-0.0015661092621717507,0.005333340840756047,0.014585317796813909,0.0,-0.009852270697956545,-0.005578776183731254,0.0,0.02666819451629203,0.004573176483389793,-0.008097206643548724,-0.006029965941994201,-0.02557686043198509,0.0016192029217616329,-0.012500178856137115,-0.011173267590105484,0.005106289596169094,-0.011696240255305482,0.012658349500787544,-0.0021760988393869736,0.018518983870520717,0.005304870101719569,0.0,0.0035775421892869034,-0.008032174134410968,-0.011385448784464713,0.011695965158988195,0.0,-0.030214715241369115,-0.035506743168116806,0.0,0.02364183706632721,-0.0007264245535916571
2023-06-27,-0.0062300376702813685,-0.02996475415724475,-0.007737124792531646,0.005529915692701913,-0.00920594865903149,0.0011488376684393993,-0.0025939722301324786,-0.029632145985462086,0.0074907360839914896,0.00780655418085636,-0.008010681455880141,0.005415287471001691,-0.00597022546458446,0.00985227069795643,0.001397728815657418,0.0,0.005249399075757768,-0.007633517374175403,-0.008163306991253056,0.0020139948802981823,-0.005194807927577691,-0.008123353644956654,0.0,0.011173267590105462,-0.01195571836322013,0.002350254946180473,-0.012658349500787687,0.001088641345346499,0.030715971325036152,0.00211431890932584,-0.02451114332872428,-0.0023835842277752013,0.008032174134411046,0.003809570923925455,0.0,0.0018676392515365923,0.0,0.0,0.020906745560016118,0.0,-0.0022617542137777094
2023-06-28,-0.057894747049868474,0.026267896482054843,0.0,-0.0036832106028068766,0.020595754452401593,0.0022935925134238565,0.005181304058932218,-0.031009601281234395,0.0,0.0031054698149561755,0.002677340615124073,-0.002703978072680673,0.0,0.0145988554887674,0.0013956257082084302,0.004866212250093455,0.0460439254918524,0.0007659170419387898,0.012220216695800782,0.002010165560975673,-0.005221870630441004,-0.0065468150815046425,0.0,-0.011173267590105484,0.008554311093207834,-0.004706046605915989,0.006349287002508302,-0.019780873555340736,-0.024314498096235388,-0.00211431890932589,0.014778701772725947,0.0011926614368718443,0.02371653370027374,0.015094589918256286,-0.007000865710178699,0.0,-0.012345391563752382,-0.018237542696402233,0.0,0.009302398087376821,0.0011747318692711018
2023-06-30,-0.006644168969578916,0.014706224351237692,-0.017629931499281604,0.0018434084626452977,0.0,-0.011520866803931279,-0.005181304058932164,0.046161423429088966,0.0,-0.001551697241941661,-0.0026773406151239607,-0.009066243870474866,-0.0029984113451884506,-0.019512761882340374,-0.0013956257082084077,-0.004866212250093362,0.03922066169240961,0.0030581254509019612,-0.004056909704547753,-0.014155874175671821,-0.010526393932922533,-0.014888506315815755,-0.006309137889045732,0.0,0.003401407270012246,-0.02145470085623564,0.006309062498279288,0.004429793422556339,0.011780882992028844,0.003169804344323973,0.002441856577466133,-0.0047789483782346084,0.01550419107632283,-0.007518712057716947,-0.03819078379829802,0.0,-0.006231083416239424,-0.006153825529265962,0.0,-0.047402206207261766,-0.008455551146445665
2023-07-03,-0.013423382619813634,0.0036428935921789057,0.019569888103809437,0.003676332636534664,-0.0068182081636535405,0.013809080180875408,0.023107576999465727,0.022306043472204422,0.022141125175237693,0.0015516972419416508,0.018592780679349517,0.015364190051527709,0.017857710320103783,0.014670118898796346,0.005571005679272849,0.0145281677077778,0.0377404573157207,0.006088460001816095,0.0,0.006091183735925266,0.07637284498580117,0.019802569288166583,0.006309137889045722,-0.011299521495732458,-0.0016991728482827683,0.04014708139320523,0.018692145254569772,0.005509552927553273,0.008075454768795821,-0.003169804344323942,-0.002441856577466064,0.010720695402382659,0.007662874963758967,0.0,0.012091774488433203,0.00928506774611958,0.030772701748581238,0.04230239373555889,-0.006920550538319076,0.03809980811988497,0.013857372665156414
2023-07-04,0.0,0.0,0.007722076251678874,0.001833163834142376,-0.002283186379022269,-0.005730643558807294,-0.007643373352258956,0.0,-0.007326103032476479,0.0,0.0026281537544739055,-0.0008971884966194172,-0.0029542006302887024,-0.01713618873331216,-0.016807075932625454,-0.014528167707777899,-0.00930234965738724,0.0,0.0,0.002022250725631081,-0.0049138249795448,-0.014814979416505251,-0.012658413373814225,0.011299521495732545,-0.008539699737224475,-0.0046403486219285086,-0.01869214525456979,0.0032912433894873878,-0.008075454768795724,-0.0010586119537883978,-0.004902072512429192,0.0011838717843242268,-0.031010245824912696,-0.0037808674356097347,0.009569654659410056,-0.0018500197012565384,0.0,0.0,0.0,0.013921404399373965,-0.002438710716037027
2023-07-05,0.0,-0.0036428935921789017,-0.0038536401276963186,-0.0073529049333223755,-0.0011434604829667044,0.0,-0.0025607586169108516,0.0,0.0,-0.006220950847314876,0.007843203371162226,0.030064037217088148,0.0,0.004926136702618257,-0.002828913396172194,0.004866212250093455,0.0,-0.011446161073734008,0.004056909704547725,-0.01629357103728052,0.0,-0.006655747867290078,0.012658413373814301,0.011173267590105462,0.0,0.016147728576759453,-0.03846622087596029,-0.005491517777472745,-0.014519240750191894,0.0,-0.004926087853745968,0.0011829137912718586,0.01562532251466293,-0.007604581348854973,0.0,-0.020580971473440235,0.006041360781191469,0.0,-0.013986195021697123,-0.013921404399373996,-0.0018616847779912868
2023-07-06,-0.013605936550160576,-0.003656212801147265,0.005774960977351331,0.0,-0.01382522767150056,0.003442430181863223,-0.005141415453861204,-0.007380166118586856,0.02181895536500457,0.0015589537934465338,0.0,-0.005240112597730146,0.0058996996591799775,0.007343906802574804,0.0,0.0,-0.009389876854596878,0.002299575621016041,0.008064555386500267,-0.006179232307570783,0.01951265930472693,-0.0033445176252975832,-0.006309137889045732,0.011049874768191331,-0.005159148121254298,-0.020809833634884332,0.0,-0.0011018370638321915,-0.0018297800751770617,0.002116443085439959,-0.007434999393656846,-0.0011829137912717858,-0.015625322514662917,-0.0076628544317225685,-0.02166142914784331,0.005655111531049109,0.0,0.005899683648376182,0.0,0.0,-0.0028460298237949016
2023-07-07,-0.020761895754855247,-0.011050011550090525,-0.009643397101333951,-0.0036967188061020097,-0.0011607766136266305,-0.00689661982525003,-0.007762029576434763,0.00738016611858699,0.014285989466310555,-0.006250026941944154,-0.02371646805829551,-0.013221872056540601,-0.014815189685713106,-0.00244198128110478,-0.00996454191469104,-0.004866212250093362,0.0,0.0,-0.012121465091048052,-0.010384222628897993,-0.02941383384006714,0.008340413762428358,0.0,-0.022223142358296907,-0.0017256478882797539,0.0,-0.0065576350128630605,-0.0022074414757358033,0.0009152584157253647,-0.0031762901293486295,-0.01756635093746571,-0.001183871784324192,-0.007905181867804116,-0.011605465351632411,-0.014706296731741772,0.0,-0.012120924400476867,0.0,0.0,-0.014117711605050268,-0.005992091543309413
2023-07-10,0.054435383894408385,0.0,0.00579716818800407,0.0036967188061019294,0.004635104858368063,0.0,0.002593972230132566,0.007326305498186534,-0.014285989466310626,0.0031299385365550826,0.005319087421308111,0.015986086795026826,-0.005988019663281861,0.0,0.009964541914690941,0.004866212250093455,-0.019048230803736705,0.0022944238488468286,0.0,-0.004184117009694018,0.004962780569184536,0.006622521575954853,0.006309137889045722,0.0,0.005167950231821155,0.01161430413258014,-0.013245091900585267,-0.0022125626033305773,0.004564068052506796,-0.002123183363122294,0.010075725691344203,0.0011838717843242268,-0.007968172047638692,-0.011741948746676787,0.012270077445808691,-0.0037663791041842123,0.0,0.0,0.0,0.04176914492932183,0.0039047797479936416
2023-07-11,-0.020067551589392534,0.025595610971902927,0.0038462289133300927,0.0036832106028068224,0.00230955109502052,0.008041381003636602,0.0025873318287995767,0.0072726090074514286,-0.014492852332528202,-0.006269619386264495,0.02876015728776459,0.010517188559411516,0.002998411345188497,0.0048781397290435825,0.004240297758736525,0.01923124668463102,0.019048230803736552,0.00228923344779414,0.0,0.01869217952447097,0.014742196016162125,0.013114987057297054,0.006269582100678182,0.0,0.010256545514937277,0.0114814407530099,-0.006688875277354404,0.0022125626033306384,0.019838235635973624,0.004241642360819319,0.002503114646301734,0.002364240787612506,0.02371653370027374,0.003929322105366511,0.0193243000136924,0.0,0.006079563619285461,0.017493183596476423,0.0,0.0135444029864933,0.006055049485202115
2023-07-12,-0.027398217018565273,0.003603603173637693,0.0019174149995515597,0.0018365304963730588,0.004603040310511355,0.0011434521985576017,0.0,0.007220304273806015,0.0,0.0,0.007702179736660767,-0.00875679064390455,0.0,0.004854208341501831,0.01122031159899676,0.014184902486143028,0.046091191133513815,0.0,0.00809720664354881,0.006153657968067545,-0.029705103831778306,0.03205401378303085,-0.0062695821006782315,0.011173267590105462,0.011834356137809735,-0.0022859112507056752,0.0066888752773544375,-0.0022125626033305773,0.0,0.00211431890932584,0.009950269336780376,0.0011799960893271344,-0.00784317978483096,0.003913837003997779,0.014251917548813121,0.005644401243609807,-0.01219622676858943,-0.005797149586626358,0.013986195021697196,0.0,0.004732075716333459
2023-07-13,0.034133076206160864,0.007168572508184924,-0.003838735849206545,0.005489440731056246,0.0022933572534994647,-0.0022882133769440874,0.012837187447485738,-0.007220304273806043,-0.007326103032476479,0.006269619386264471,-0.0025607853487439537,-0.0017603979155070384,0.011905098344626656,0.007237663986853943,-0.009810916435057044,0.0,-0.00904979377482174,0.0,0.01202429673526551,-0.010277497853946656,-0.010101016092224689,-0.004743138294503588,0.006269582100678182,-0.011173267590105484,-0.030719107019031508,0.004566188712891596,-0.013422970616345103,0.007722115530883929,-0.028987499459922298,-0.00211431890932589,-0.0024783007498543805,0.002355886035313269,0.0,0.0,-0.011862332051716093,-0.0018780221394254309,-0.006152894238971734,-0.011696034009850014,0.006920550538319034,-0.018100050886253376,-0.0013098700285804966
2023-07-14,-0.0203407957377562,0.06899287148695142,0.019048322901401994,0.010889508915937821,0.01703633822419831,0.00798633355886739,0.017699632347796593,0.014388849248444132,0.007326103032476488,0.02469255492548637,-0.007722138356740113,0.0,0.00883646932318336,0.03310007398579874,-0.0028207795265039284,-0.009434344732498452,0.009049793774821817,0.0068364237656903595,0.02750663099693134,0.0020638772731788836,0.010101016092224644,0.012598635230379546,0.0062305967554588315,0.0,0.012058698902266763,0.002275449074404059,0.0,0.00984152720523112,0.006413303420326848,0.005277214116228556,0.004950541406550735,0.0023500981415052993,-0.015873353915442773,0.011650642579923143,0.0282369605493459,0.001878022139425469,0.012269557388275872,0.017493183596476423,-0.006920550538319076,0.031463229936019695,0.011295118983760845
2023-07-17,0.02702931916997428,0.03601022723483177,-0.0018887730084215818,0.0018035150124454287,-0.01018681529891086,0.005665835483548894,0.0,0.06899262788858461,0.014492852332528066,0.001523251733791458,-0.0051812870885264185,0.0,0.0029282489396599974,-0.02591429407933759,0.00843865624138699,-0.00952385922411341,-0.00904979377482174,0.0,-0.019570193894079765,0.004115355034391989,0.03941396108649869,-0.023754158125331645,0.012345774936917022,0.0,-0.006872795879523807,-0.0068416377872955745,-0.00677966162017793,-0.006550283815743644,0.004555751026160504,0.0,0.009828160366175157,-0.0023500981415054256,0.0,-0.03536700477970932,-0.011668481846360605,0.0,0.01812746241726524,0.06706419679008324,0.0,-0.013363179049766246,-0.004250954959848266
2023-07-18,-0.006688523432218059,-0.003220611241791821,-0.013320814043773875,-0.009049960666410381,0.0011369597963376329,-0.0033957383348991533,-0.007547229074095882,0.013245424940801696,0.03533949006042162,-0.0030488273036646412,0.007762031057349895,0.004395559311685694,-0.00586501860366339,0.0023836462292430183,0.001399685196308098,-0.01445794521416222,0.009049793774821817,-0.0053132774596375415,0.003944884344246168,-0.006179232307570783,-0.03941396108649874,0.011155522894952124,0.006116197131622107,0.0,0.006872795879523816,0.0068416377872955875,0.0067796616201778095,-0.0032912433894874867,0.00904990373459812,-0.004219382984576909,-0.004902072512429192,-0.0035358821246402926,0.0,0.00399184925477847,0.0,-0.0018780221394254309,-0.018127462417265237,-0.0054200321689162265,-0.006968690174512414,0.0,-0.002185692727560031
2023-07-20,0.0,-0.0032310171008125906,0.0,0.0,-0.0011369597963377265,-0.002270097148649795,0.002522077284973936,0.0,0.013793263288157383,-0.015384893896355526,0.02795608209719955,-0.004395559311685584,-0.002945499028891223,0.004750682470358351,0.0,0.004842646856360893,0.008968515209073926,0.0,0.007843173251772277,0.01435936888329469,0.005012594596066241,0.029666474876301942,0.006079016552819662,-0.011299521495732458,-0.0017136477582696138,0.0,-0.02047863542833719,-0.0033021114518175278,0.00896854127883674,0.0,-0.007398328510442351,-0.0011813269963406978,0.03149867643010578,0.003976300592190523,0.013986075392551868,0.0,-0.012269557388275858,-0.021978961865880924,0.0069686901745124605,0.0,0.0026051807422174324
2023-07-21,0.0,0.009661982738423478,0.015209587052195545,0.012647052510742473,0.0011369597963376329,-0.002275327296789725,0.002515663483745113,0.019544012839488183,-0.006872850068583295,-0.001551697241941661,0.019851812221801105,0.003517973672795877,0.0,-0.0023724586524579067,-0.00139968519630821,0.033257306002836044,0.035091386506396684,0.008336729972818578,-0.007843173251772301,0.004064835224146425,0.004987532650365318,0.0,0.01801856764714046,0.0,0.006837465315494863,0.029117473026333364,-0.02090679330207082,0.004400318121264565,-0.013483255586371076,0.0010564877776742256,0.0024722406566964,0.004717209120981085,0.01538492331024971,0.015748212352817367,0.013793160114016805,0.001878022139425469,-0.006192497324780641,-0.039665202755285976,0.013793362991977398,-0.00900918799159902,0.004843675877385983
2023-07-24,-0.006734859187595642,-0.006430965637610876,0.009389640467063472,-0.0035970918443321326,0.004535016010147438,0.015819631894967726,0.0,-0.026144654151977857,0.006872850068583314,0.010811074005799504,0.0,0.023428341549249977,0.0029454990288913328,0.002372458652457928,0.0,-0.009389984616354803,-0.026202365589107695,-0.005296948122794391,0.0,0.014099070409480184,0.034233171054664356,0.0,-0.005970212369272645,0.0,-0.003412931315035268,0.008791092244456983,0.013986375628331143,0.037699893190436005,0.0036133808212528676,0.0,0.0,0.0,-0.007662874963759063,0.015504254988944997,0.011350967045457532,0.01674459751486252,0.018462054713056366,0.011494304807810229,0.0,-0.004535214994894241,0.007871143923784914
2023-07-25,-0.00677904416384721,0.0,0.014842523496338847,0.017857654598177307,0.001130592484983765,0.006703911040518139,0.01743511662277107,-0.006644783628312121,0.013605681875464019,0.010695279402681564,0.009779956135854934,0.0034247791625358916,0.020379085738222107,0.004728037073180483,0.009756448699670947,0.01869235324273415,0.0262023655891077,0.0030302007976519742,0.003929168692688963,0.0099502478190038,0.023754102087878065,0.03922079117724933,0.01780468575106185,0.011299521495732545,0.0,0.004366963428662263,-0.006968551910882352,0.0010564363793553737,0.015212876639768514,0.01259199674834905,-0.0049505414065507064,-0.005900122912252813,0.045120355512617685,-0.007722027496128506,-0.02052517480790169,-0.009267856832213409,0.006079563619285461,-0.01149430480781028,-0.013793362991977325,0.004535214994894202,0.008457280750507576
2023-07-26,0.0334480062873423,-0.019544490480831997,0.009166081811277281,0.0035335387191668156,0.005633867950798231,0.0022246445421450975,0.007380062971048918,-0.02702859841854594,-0.013605681875464156,0.00757000547114005,0.00727272113755842,0.004264435887807214,0.0,0.01172347905962888,-0.0027779873196314797,-0.004640201965791014,0.008583705196668458,-0.0007567051880387933,0.0078125363956474,0.0019781375034134668,-0.043172273627657375,0.03488715868390906,0.0,0.011173267590105462,0.003412931315035184,0.004347861588047997,0.04110170035194985,0.013634184315325728,0.006197343746157499,0.019618581829912152,-0.004974969150740768,0.011765201211669187,0.01459889603438858,0.0077220274961285595,0.027274455668000092,-0.0037315901760830526,-0.006079563619285341,0.0,0.0,0.022372367041365256,0.008662322474674179
2023-07-27,0.0,0.0,0.0036430576309572573,0.001761995472020858,0.02112370122423504,-0.0011117989799329432,0.007326129904914515,0.0,0.00682602391457829,0.004514664933970416,0.007220272171917738,0.0,0.008608342646639833,0.004651309301300233,0.005547901486810077,0.009259103149839123,-0.03478607078577615,-0.0007573397800506085,0.015444211031919845,0.011788200006856063,0.0,-0.027517856969465907,0.0,0.04348505553319297,0.005097782130993817,-0.0021717397192064294,-0.02033987630559462,0.0,0.00528176161063823,0.002042940403564177,0.007453269900595082,-0.004689432995596961,-0.007272761327163626,0.015267435780577555,-0.018100247905555745,0.014842782855908211,-0.006116663149304004,0.011494304807810229,-0.013986195021697123,0.0175442102699275,0.0013652403234479813
2023-07-28,-0.013245579503681425,0.003284071328704973,0.0,-0.003527307137984238,0.0010995150272477478,0.0,0.007272582790327582,-0.00687312965598987,-0.01369887398316166,0.001500316252641592,-0.009638619554216993,-0.012848165913340873,0.005698152975288394,0.002317476877492725,-0.005547901486810093,-0.00925910314983912,0.0,0.0,-0.011560606570422443,-0.007843303923222432,0.038466448959835996,0.005856366534344731,0.017493072134047685,0.0,-0.0016963748609814657,-0.010928971037983608,0.027028751582948957,-0.003129969007616251,0.007870366936611478,-0.0030658138886496757,-0.0024783007498543805,0.003519040964461952,-0.007326134707224935,0.003780867435609717,0.00455612451564424,-0.001843335847611843,0.018237587549780793,0.02259982194364525,0.0,-0.021978754077309745,-0.0006341588338199355
2023-07-31,0.01980252517513914,-0.009884662614599115,0.009049738950711308,0.005286408440443373,0.005479398606197781,0.003331632158207641,0.007220337117992577,0.006873129655989763,0.020478531944047463,0.005979259012249749,0.009638619554216969,0.00515895086299793,0.0028367943194916654,-0.0023174768774927063,0.0,0.013856898815551574,0.03478607078577603,0.01429119077161276,0.007721936743470376,0.0019666810157807565,0.037041204262296096,0.014493076013482827,0.03409418876913362,0.010582146881410008,0.010135183289527104,0.0,-0.020202632236523046,0.003129969007616144,0.0,0.0020448108479859885,0.0024783007498543922,0.0,0.0,0.007518712057716992,0.004534861407271549,0.011009321144361416,0.017910926566530243,0.02755003786971119,0.0,0.021978754077309693,0.00624109555151423
2023-08-01,-0.006556945671457782,0.009884662614599084,-0.0054201144470096985,-0.0017591013024592288,0.0,-0.0033316321582075657,-0.012062844186937104,-0.013793727666248314,0.006734003546440658,0.01626051697483544,-0.007220272171917701,-0.0025761485884373235,-0.011396169006742255,-0.01873598202241044,0.0027779873196316124,-0.0045977956657123715,-0.01724172877558801,-0.007496059682330207,-0.015504073041531438,-0.009871772891356465,0.026907296791927045,-0.014493076013482813,-0.011235877845608604,-0.02127740501635806,-0.0016821077152392038,-0.00661522501989947,-0.027587943392781256,-0.0052219586043939685,-0.00962798481063471,-0.004094140095548573,0.0024722406566964,0.002339415845956859,0.01459889603438858,-0.0037521877101796947,0.0,0.0,0.011765761792100225,0.021506130188786502,0.0,-0.004357253472759354,-0.005627628668299129
2023-08-02,0.0,-0.003284071328705065,-0.009099252852071398,-0.005295534191187677,0.0021836564624371072,-0.004459279055329557,0.0024241847659473696,-0.01398625865303951,-0.00673400354644074,-0.0029369817928694072,0.0,-0.002582802274560461,-0.014430211061959042,-0.009501172111300435,-0.00138802900843242,0.004597795665712436,0.025752488590142567,-0.006795131089282463,-0.011788057596018631,0.001982058288528871,-0.03146316125540742,-0.014706067868104718,-0.0056658509367182724,0.01069525813494823,0.0033613906949573513,-0.015607824539347448,-0.014085059189190542,0.0020919895967777863,-0.0008798240456712791,-0.005141332316665787,-0.002472240656696401,-0.0070341021142382625,0.0494800704782829,0.0,0.004514746994550549,-0.02400876815265797,-0.017699560667042254,-0.021506130188786596,0.0,-0.017621500604550526,-0.004613539178376715
2023-08-03,0.0,0.01631347338001931,-0.0018297014643447772,-0.008888965850268002,0.010846072581531233,-0.00560222470293502,-0.009732401027110633,-0.007067226129429612,-0.006779657960885768,-0.011834470892159542,-0.0072727211375585,0.0,0.005797095991023044,0.0023836462292430183,-0.0069687344949304125,0.0,0.025106019302809368,0.007547282927029589,-0.003960399498909338,0.003952691936387487,-0.023095731567887294,0.014706067868104763,0.0,0.0,0.005020911962603641,0.00894842932159464,0.0,-0.0010453916514163437,-0.003527348017564312,0.0020595521962577064,-0.02252910967442616,0.0058650782994164085,0.006872794826102716,-0.007547391783146974,0.013423157867782908,0.0037315901760830465,-0.011977127691588233,-0.021978961865880924,0.0,-0.008928635242383954,-0.0018778231589297218
2023-08-04,0.0,-0.009756164366967768,0.007299329812714513,0.005342689762993631,0.003230935035080745,0.0011229072436904123,0.0073082162611633915,0.01408485687054497,-0.01369887398316166,0.00741296065980689,-0.007326127748035107,0.0,0.01719248975818678,0.014184689658852407,0.0041870351752129,0.0,0.008230356707030656,-0.006789943146978963,0.019646988931491693,0.0,0.013921371316278283,0.0,0.01690172878232672,0.021053416343932093,0.0033335444972521877,-0.004464323336125762,-0.007117349289961778,0.004175360659032592,0.0,0.0071759202159566255,0.005050552823019404,-0.004689432995596961,0.01360574179830079,0.0,-0.017937904862333445,0.0,0.006006538016788339,0.0,0.0,-0.013544402986493294,0.002327618367762524
2023-08-07,-0.006601410534102465,-0.006557309013051519,0.0036296245037017445,0.0035462760872742023,0.009630976789163345,0.001121839911843888,0.0024241847659473696,0.01388922592218253,0.0,0.0014761162786542088,0.0024481371002229896,0.006016223811609375,-0.002845094501729557,0.0,0.0,0.0,0.0,0.0007567051880388435,0.0,-0.003952691936387472,-0.023310979547206796,0.0,0.0,-0.010471269462522168,-0.013400789124608774,0.0,-0.021661322779589025,-0.004175360659032524,0.0,0.004077446435386866,0.002515844786623053,0.0023473401213806974,0.013423023735363516,0.0,-0.006810389187896191,0.007421116821573086,-0.012047898797979845,-0.022472845231622903,0.0,0.004535214994894202,0.00041514597672418223
2023-08-08,-0.006644168969578916,0.0,0.014388689585004494,0.00529553419118782,-0.006410447085356563,0.0055896345697924845,0.002418322302997301,0.013699051690145528,0.013698873983161719,-0.00443466154064626,0.002441906773807744,0.0008566268808130842,0.008510658497597589,0.009345958191242109,0.0,0.018182271991482764,0.02429268671993987,0.0,0.0,0.0019781375034134668,0.009389608230928348,-0.0029239332717466895,0.0,-0.03208828946525756,0.0,0.015538649928490895,0.014492953484596649,0.004175360659032592,0.001765277602088956,0.0020325597365155753,-0.010101237590940957,0.007009388997293887,0.03278974970858968,0.0,-0.023042405166562,-0.007421116821573047,-0.006079563619285341,0.005665700891316444,0.0,0.004514852603627081,0.003583215229347582
2023-08-09,0.013245579503681448,0.022765101722623807,0.0088890588512043,0.0052678434435839035,0.006410447085356543,0.0033389210128706858,0.007220337117992577,0.0,0.006779657960885674,0.008849584946028752,0.016929077183480613,0.000855717410818986,-0.002828769676376241,0.009259359799056578,0.004169728328149769,-0.00904981218811705,0.007968235183020499,0.002266747325142241,0.015444211031919845,0.011788200006856063,-0.023641780632825973,0.0029239332717467337,0.005571157016156378,0.010810884448899558,0.0016849419697956643,0.004395756625385862,0.028370777774144738,0.004157999486439101,0.005277116103457336,0.020101239191788692,0.010101237590941049,0.009269991690552567,-0.012987199774561543,0.011299579493326566,0.03436754134900875,0.011111192679825342,0.006079563619285461,-0.005665700891316536,-0.007067277638985975,0.022272479855624038,0.007572927089339073
2023-08-10,0.0,-0.016207792709572358,0.0017682261402779662,-0.01056337763477175,-0.010706947097935801,0.0,-0.004807650683198487,-0.006825922034155693,0.006734003546440658,0.008771956271680778,-0.019370983957288267,-0.008591105279537629,0.0028287696763763747,-0.002306904273469351,-0.005563408979496853,-0.022989358618917283,0.007905143672772355,0.0,0.0,-0.01376633751026938,-0.004796105018159181,0.0014589516766658624,0.0055401531721754795,0.0,0.010050463970408275,-0.013245431769654006,0.08058027977586986,0.00929268123430625,0.0,-0.012012278113889736,-0.005037830366358882,-0.006944549191593402,-0.006557319870343221,0.00746280427374903,-0.009049608401822042,0.0,-0.006079563619285341,-0.01719235752366302,0.007067277638986117,-0.004414965417885983,-0.002122573853601118
2023-08-11,0.019544405816491132,0.006514673946032177,-0.008873078934617024,0.0,0.0010759703087726176,0.0022198331782746676,0.0024066815549931087,0.046831567495424116,0.01993421603883164,0.004357368981918199,-0.002448137100223059,-0.003457072440247146,0.0,0.018307157607457512,0.0,0.009259103149839123,-0.04016606557573274,-0.003780792293231654,0.007633934670870007,-0.001982058288528892,-0.024331996519324113,-0.001458951676665973,0.010989204486100248,0.01069525813494823,-0.003338860509067491,-0.0022246514480971143,-0.0064723207481957755,0.007168554041251998,-0.007042393705546174,-0.00302550909319378,-0.007604688951864573,-0.012857816921453269,0.0,-0.007462804273749112,-0.011428801635116679,0.0036764413392175134,-0.012269557388275858,-0.029327706878537314,0.0,0.008810634548792832,-0.0012139678098258705
2023-08-14,0.0,0.00647250752174831,0.007104852794339066,0.008810545472346524,-0.00972474981513922,-0.0022198331782746815,-0.0024066815549931343,-0.026491915265535678,0.019544597166932416,0.008849640118308863,-0.002453828387819907,-0.004338528823542558,-0.005665563995867923,0.0090293244425771,-0.0027933545238659216,-0.004618901184048172,0.02429268671993987,0.003780792293231599,0.007575685811921728,0.001982058288528871,-0.004938393966155587,-0.0029239332717466895,0.0,0.0,0.0016706991962201615,-0.002229611558730126,0.01929321489025114,0.0,0.010544935518068387,0.005037620575546025,0.002541281727282619,0.0023500981415052993,0.03236529241683486,0.0,0.006872677119472267,0.005489543957532168,0.006152894238971822,-0.018018461286986028,0.0,-0.02217381359855904,-0.00010983211489516023
2023-08-15,0.02547854745444034,0.016000487112315866,0.0052954278622978235,0.005249306065677915,0.0010854258613836037,0.0033278097088184785,0.014354227408105729,0.013333729816969583,-0.02614525312475006,-0.004414952602187699,-0.014851742493569487,-0.010489518172814214,-0.008559374687250659,0.0,-0.005609920137968417,0.0,0.031498626756901696,-0.0045387060715638,0.003766583749723661,0.003952691936387487,0.009852218945700368,-0.004401955479292119,0.02695574395279715,0.010582146881410008,0.0016681613128473223,-0.0180184477339281,-0.0063899424086676405,0.00914187260873687,-0.007898089761179634,0.00200807101823855,0.012610565672642675,0.0011728872836946176,0.05574192019839026,-0.007518712057716947,0.00682606580718159,-0.014706080856258423,-0.006152894238971734,0.006042275410780233,0.0,0.013363179049766334,0.0022486910040091235
2023-08-16,0.024846587123674487,-0.03226090626444275,0.00876451003740319,0.003484392587497651,0.0010837917481718036,0.0,-0.004761798057168252,0.006600641312489624,0.01967276615288376,0.004414952602187666,0.0024906265989962503,-0.0026397077461479714,0.019858811463816097,0.026609323504926688,0.0014052033321506007,0.0,0.015385045519889038,0.003027968932565012,0.011214962186787948,-0.003952691936387472,0.0,0.007325888751038613,-0.0160861930239465,0.0,0.0,0.01129962997106365,0.006389942408667564,0.010060367021424774,0.0,-0.0010035850741378037,0.00500011408248676,0.002342092874216371,0.023810655833009686,0.007518712057716992,-0.002269941291537289,-0.0037107516243633735,0.0,-0.018237542696402233,0.0,-0.022372367041365315,0.0022094485168698877
2023-08-17,0.0,-0.0165291968409129,-0.015831398684249424,-0.014010705406355222,-0.009798519973204693,-0.006666730721689178,-0.007185747795944386,-0.019934371129459245,-0.03300632623389774,0.0058565484318321365,-0.032872810137912434,-0.008849601154927262,0.011173334176253494,-0.024364557955346332,-0.021292469648259867,-0.00930236862637941,0.015151736271649245,-0.006065196104276903,-0.030191166419303386,0.0019781375034134668,-0.014814999514885026,-0.00879772302491383,0.03713949985731623,0.0,-0.008368356255169025,-0.031966466798411905,0.0,-0.004012139031174439,0.0008805022606757012,-0.0020099818948361363,-0.015075839773831015,-0.008220964334729717,0.005865194822017067,-0.026567015273904312,0.004534861407271549,0.0037107516243634685,-0.006192497324780641,-0.012345829869800236,0.0,-0.022884250231789145,-0.010668198509125724
2023-08-18,-0.03115532044513009,0.003327785832390474,-0.016086173204650844,-0.003533538719166765,0.008714728225032935,0.0033389210128706858,-0.007237690292784504,0.0,0.00668904581019293,0.0029153850972599656,0.02287273711857046,0.007085916882919119,-0.005571024180367891,-0.013544217723752588,0.01707022937894705,-0.01411814842092142,0.014925677895037218,0.003795140950044167,-0.011560606570422443,-0.003960195791942242,0.004962780569184536,0.0014718342738751467,0.0,-0.010582146881409946,0.00836835625516903,0.018391387752944383,-0.0063899424086676405,0.0,-0.009730281040952008,0.0010054959507353447,-0.005076121708580984,0.002355886035313269,-0.005865194822017082,0.0,-0.009090985922915925,0.005540095559508884,0.0,0.0,0.0,0.0,-0.0013061293971515077
2023-08-21,0.0,-0.0033277858323903734,0.008968575137995018,0.007054635493646928,0.0032484280991875126,-0.0011117989799329432,0.002418322302997301,-0.006733989652150874,0.0,-0.017621573647400798,0.019901133890067983,0.0052816579448039195,-0.0027973447771598753,-0.002275292939417507,0.0,0.0,0.021978900562885435,-0.004555937679586941,0.0,-0.003976049799677033,-0.004962780569184633,0.014598719434949444,-0.01047118352418723,0.010582146881410008,-0.006689073275451004,-0.002280277462185872,0.0,0.018915586143716294,0.0,-0.0030196336603857048,0.04721384559118889,0.017492973673614003,0.05715836034484201,0.0,-0.009174207762444292,0.0018398761810130087,0.0,0.024541097155422312,-0.014184676931967418,-0.013986191284784216,0.0030932067807007187
2023-08-22,0.031155320445130242,0.01324512551220777,-0.003577887197312134,0.0017559099786996688,0.011821504014539375,0.0022222363988419454,-0.0024183223029972225,0.006733989652150984,0.006644514270821159,0.010317073425299559,-0.0024661218222927486,0.0,-0.005617896167203281,0.00907027394516817,-0.0014113843625644111,0.0,-0.014598826579490074,0.0007607967295426522,0.0,0.013847822691033443,-0.010000127246431524,0.015816298145951962,0.0,0.020834093201025496,0.006689073275450983,0.0022802774621860176,-0.006430951733387671,-0.007920919496828284,-0.019749188607901567,-0.0020179869151602738,-0.0073082131853102715,-0.0011564211272779557,-0.011173233787037502,0.0,-0.0023069621880838073,-0.0018398761810130089,0.0,0.012048332847096856,0.0,-0.004705834393009934,0.0006616471182347116
2023-08-23,0.0021359328653284973,0.003284071328704973,0.0,-0.008810545472346562,-0.019417802945279717,-0.0022222363988419354,-0.012180390392244864,0.019934371129459366,-0.020067563627454797,0.0,-0.019950766531641552,-0.012367574827723188,0.005617896167203208,-0.011350755650752409,-0.0014134563545442791,-0.004750557753644653,-0.007380073983395544,-0.0045731764833897735,0.007721936743470376,-0.007889714602827575,-0.010101016092224689,-0.030415017580901524,0.0,0.0,-0.013423023692917865,-0.016073568667722513,-0.01298697723311733,-0.006982527615713571,-0.0027236406763329482,0.0,-0.012300401022871596,-0.008135227868380423,-0.011299558469440116,-0.0038536124090217116,-0.006952560975405689,-0.001843335847611843,0.0,-0.018127412672041553,0.0,0.004705834393010019,-0.00789870333903845
2023-08-24,0.006192794444756869,0.00978791163037863,0.0,0.0017682270532036104,-0.012055279094980225,0.0022222363988419454,0.0,0.006557544136076444,0.059033615330020967,0.0,0.010025200884211924,-0.004454481194553037,0.0055866614816835695,0.006825902376596863,0.001413456354544312,0.004750557753644635,0.007380073983395527,-0.0015291551547796916,0.007662869531211694,0.0019781375034134668,0.015113610688290958,0.007325888751038613,0.005249330087857856,0.0,0.005054667437748754,0.0160735686677225,0.006514656484921539,0.0010003100915222131,-0.005469337015593749,0.0,0.012300401022871481,-0.0058512265364503106,-0.005698022749952657,0.0,0.02071432766095367,0.011009321144361416,0.006192497324780533,0.006079079824944813,0.007117399292981545,-0.004705834393009934,0.0031614628120893383
2023-08-25,-0.006192794444756853,-0.016366790314614247,0.00536209325417752,-0.0035397930884035335,0.0033024111950418207,0.0011093957593657812,0.0,0.0,-0.03236539574474852,-0.004408697987273492,0.0024906265989962503,-0.02990696612407331,-0.025389216452263205,-0.0022701277315949806,0.011236070253352602,0.0417696737004272,0.02898759041397381,-0.009996035869153997,-0.0038241997042594593,0.0,-0.020202733637649108,0.007272830683910768,-0.005249330087857899,-0.020834093201025573,0.003355750695075124,-0.004566188712891567,-0.019672778029332958,-0.003004259875573002,-0.0027459774075325734,-0.002022391678062393,-0.007362083149676316,0.0011728872836946176,0.07165594183024152,-0.007751852942610735,0.0022755277806244963,-0.00732610911573665,-0.031351592334954145,-0.01834909281488813,0.0,-0.014252209475909772,-0.0001246408707309046
2023-08-28,-0.018809150837155446,-0.009950318156677261,-0.0017842060568653885,0.001771566035200007,0.007663055068635096,-0.0022198331782746815,0.0,0.0,-0.019934216038831717,0.005873671481351367,0.0,-0.011101043910203527,0.002853058473558819,-0.009132518092930277,0.0041810473680738685,0.009049812188116927,0.05556986345470577,-0.001546831737512245,-0.011560606570422443,-0.001978137503413353,0.025190266288014327,0.014388659751210403,0.056280752548304516,0.010471269462522085,0.0,0.002285911250705748,0.006600486531548347,-0.007045997975946042,-0.01013376151548829,0.0020223916780623763,0.014670296334986498,0.0011717008430813837,0.06686302953517487,-0.007812626641310348,0.006794842529813142,-0.0036832120286249075,0.012659477649875708,0.024391368225668314,-0.007117399292981434,0.004773341601814159,-0.00029767989927971116
2023-08-29,0.02500194528191226,0.009950318156677287,0.005342993639132412,0.008810545472346524,0.00217832445556828,0.009950389313160104,0.01459871269524204,-0.013158185448566033,-0.020339685421904813,0.010196844476079443,0.0,0.0037140573872198766,0.005681888821221249,0.0022908124081151256,-0.0013917410085182715,0.01785757197525984,0.10265409736056576,0.002319257156461965,0.003868474729923325,0.011811297887124535,-0.020101143338656237,0.026781071448437214,0.0,0.0,0.005012605560093818,0.0,-0.014657060451256875,0.002018321418279841,0.022884265365678537,0.004032124624810782,-0.0024540443796045703,0.007001147465087806,0.06733313638578596,0.011696064496814181,0.0,-0.0036967597118969507,-0.012659477649875604,-0.0493926572862432,0.0,0.004750783859462705,0.007162275097388739
2023-08-30,-0.01869320770345147,0.03883978494867836,0.0,-0.01591551056934674,-0.00874307210259167,0.0021976904723149965,0.02150633915578763,-0.020067719469120546,-0.01379326328815728,0.0,0.002484438786480188,-0.0018552087431189487,-0.022923553329181445,0.0,0.002781699319717478,0.017544265806151985,-0.043620583873670654,0.007692424714198244,-0.00775207919142071,-0.0019590828501629947,-0.010204151629450835,-0.009783471472291994,-0.010000034649934753,0.010362823738503467,-0.008368356255169025,0.0022802774621860176,0.03947882795151646,-0.008097298133148328,0.0045147143075342485,0.004016038867506619,-0.014851629465779182,-0.0046617316191309216,-0.00466189651899763,-0.08912778435015546,-0.011350967045457478,0.0,-0.03236472282323696,-0.03215721204345729,0.0,-0.028848350001132332,-0.001720353647760273
2023-09-01,-0.02547854699246959,0.0,0.019349664264449572,0.007104965097000078,-0.005503639793247552,0.004381256512140346,0.002361218827794343,0.013422935840808416,0.013793263288157383,0.004338413870519794,0.004950500261952988,-0.004653280013481388,-0.005814104419687386,0.0022859310398131256,0.01242254525756331,0.0,0.006349279561743586,-0.0023015268286875985,0.003883604461497389,0.019418137193335204,0.0,0.0,-0.015190154292493808,-0.010362823738503337,-0.011834356137809872,0.002275449074404059,0.0,0.008097298133148384,0.043197563685541264,0.0020021475517846147,0.009925465525592519,0.008143885937674154,-0.00468384986492174,0.049596933725370544,0.022574475302353042,0.02197897525321333,0.013071518113581327,-0.03322559243968282,0.0,0.019324224539855314,0.007882479285482568
2023-09-04,0.012821018848241763,-0.02247299463406415,-0.005240131113213436,0.00529553419118782,-0.001104138954952898,0.0,0.009389834073694344,0.0066447836283120565,-0.006872850068583295,0.0,-0.004950500261953052,-0.0028025512726334864,0.0029112776801675446,-0.004576743447928398,-0.00964871346345705,-0.013129164579310152,-0.051959833559980545,-0.002306773525404998,0.0,-0.005785952259391319,0.01020415162945092,0.0,0.010152321928577372,-0.010471269462522168,0.006779688700060885,0.00904971732239131,-0.05299228635036342,-0.0020183214182798335,-0.017406915175258504,-0.0050126904685560535,0.0,-0.004645613629418372,-0.02375420992645665,0.008032260932182272,-0.020293878567333182,-0.005449655325756184,-0.006513653155470705,-0.006779642799815536,0.0,0.018958043868919666,-0.000485336032552275
2023-09-05,-0.004863803923429869,-0.016366790314614247,-0.010563467939164134,-0.003527307137984238,0.007704765524848483,-0.0021881975395074767,-0.007034177469204525,-0.013333729816969724,-0.02797391381368505,0.0,-0.0024844387864802696,-0.003748865825976273,-0.005830977007277494,-0.013856967308519383,-0.018169523364167432,-0.013304153313662628,-0.027028636312718866,0.005403209393433357,0.0,-0.003875878328589544,0.005063230790666434,0.0028050784617968043,-0.030771702010266213,-0.02127740501635806,0.0,-0.022779880594240663,-0.013699117225109183,0.0010096157983435397,-0.0035179441803700677,0.0,0.0,-0.0011647522793841547,-0.024332106623875166,-0.02429274236390623,0.005035381245565036,-0.005479516878404241,0.012986722007184525,0.026847156383275197,0.0,0.0,-0.005408671029362124
2023-09-06,0.01273903293623778,0.003294807355530496,0.01231323108142729,0.0017653116659633182,0.00109590027754653,0.00546141757998686,0.0,0.0,0.0070671376158454756,0.0,0.005025144562801329,0.0,-0.0029282489396600057,0.009259359799056578,0.016783720578493568,0.0044544345702476505,0.04027388765389917,-0.0007700663475910238,0.0,-0.0019436401459715918,0.03960918989040427,0.008368331355270585,0.030771702010266147,0.01069525813494823,-0.0033841409907966707,-0.006936673555498922,0.047146799181181254,0.00503284549868376,0.0,-0.004028171963212775,0.004926163940186809,-0.003502543843693623,0.029128159549103874,0.01626048143172381,0.0068261789532494095,0.007299101355938486,0.019169907345905964,0.03896602834353275,0.0,0.009345867346533266,0.003971974667185244
2023-09-07,0.006309212339071361,-0.013245125512207793,0.003490367970950209,0.001761995472020858,-0.014340894106935332,-0.0010899248802937961,0.0,0.0,0.007017543465486087,0.0,0.014925611920856828,0.0018763828020364555,-0.0029367696640034717,-0.006936499744683333,-0.005563408979496853,0.013857220226299545,-0.0266682108298385,0.001539726646749695,0.003868474729923325,0.0038836154197897416,0.03341599580012785,0.0069979443166516666,-0.015267461461616389,0.0,0.0016935020459958624,0.009238125165890608,-0.013245232482486269,-0.009077221751474828,0.0043955479486575055,-0.0010094486123332714,0.012210243514835344,0.0035025438436935845,0.004773280474041969,-0.004040344897119419,-0.004545425041016277,0.0036300708482220846,0.043350941854550976,0.0677181057185971,0.0,0.013857099399937388,-0.0003766567801874345
2023-09-08,-0.02547893597054665,-0.044300468897443455,-0.008748970864773418,-0.003527307137984238,-0.0055713292869156135,-0.003276857920334071,0.0,0.02649191526553574,0.02076208280093687,0.001441965383964611,0.0,-0.006582120953494595,0.0,-0.0023228600543732675,-0.0027933545238659216,0.004576416999287041,0.03322558178770386,0.0,0.0,0.007721855314162855,-0.03341599580012779,0.0,0.0,-0.010695258134948229,-0.001693502045995934,-0.013888959608955904,0.013245232482486305,-0.0010138181828637186,-0.004395547948657568,0.0,0.016847372371264886,-0.002333520028871682,0.01418487652718608,-0.008130105916040496,-0.006857384333230307,0.002730613675402796,-0.0183491210075612,-0.0302137285726081,0.0,-0.03738766901357614,-0.0035128407780195027
2023-09-11,0.012820532535041156,0.01727183164227864,0.003508839751560038,0.0,0.005571329286915591,0.0021857438075036286,-0.002355656604489785,-0.006557544136076391,-0.020762082800936967,0.0014398130479515373,-0.004950450392717636,0.0,0.005865018603663514,0.0023556393574522697,0.009880164543833945,-0.004576416999286949,-0.03322558178770381,0.0023049988470900625,-1.0567664835361315e-07,-0.010832240576647273,-0.009756277827529466,0.008333302324463035,-0.015504240548649708,-0.021739922630053338,0.0033841409907965523,0.0023283049063586112,0.0,0.00303815937588341,0.006148256363813739,0.001009448612333355,-0.012004897518388633,0.011723231873557085,-0.009434152708783226,0.0,0.00913276905572878,-0.005469376306457889,0.006152894238971822,0.0,0.0,0.009478867874095454,6.191628902932049e-05
2023-09-12,0.012658403435505505,-0.013793392885801172,-0.001752931583349182,0.003527307137984152,0.00332770207163036,-0.0021857438075036234,0.0,0.0,0.013889232732353696,-0.007220192302436035,0.002478257044899546,0.014051586619448364,-0.00586501860366339,0.0023502231458214337,-0.002813000544978007,-0.0045978959804513116,-0.03436775127881806,0.0,0.003944832793541115,-0.011952330553638885,-0.009852218945700349,-0.032328874530271806,0.0,0.02173992263005335,0.006733950417466966,0.0023225295367066663,0.0,-0.005068557453440629,0.0017639155223070344,0.0,0.0,0.0,-0.014320057217673427,0.008130105916040398,0.006794957247481697,0.007286030035161107,-0.012345391563752382,0.0,0.0,0.0,-0.001134649663643356
2023-09-13,-0.0190482452753091,-0.0069688399467882555,0.0,-0.005295534191187677,-0.0033277020716304647,-0.0021907197109319594,-0.0024126482995974223,0.03236489805259956,0.006872850068583314,0.004338413870519794,0.012300361154115466,0.001858848644100962,-0.008862813076479025,-0.007067124320699289,0.018144258830529402,0.0,0.02758809533603094,0.0007671124712347273,-0.007905288944725516,-0.0020059466551565863,0.00493839396615574,0.030944746493073487,0.005194856627371958,0.0,-0.00336139069495727,0.011534473630350104,-0.026668258702024238,0.011116785443690913,0.0,0.0,0.009615547741083473,-0.0011663184654211985,0.0,0.0,0.008988633456701468,-0.007286030035161051,0.0,-0.012345829869800236,0.01418467693196756,0.02790880113948053,0.00010321845481221793
2023-09-14,0.0063898418398035195,0.0,-0.0017559081682107945,0.007054635493646928,-0.0011119732264114268,0.00113207054771929,0.0072203590218542675,-0.01929345389141495,0.0,-0.00724118176921952,-0.0024481728618579368,0.00832180060838243,0.0,-0.004739437632143855,-0.006939724823308502,0.0045978959804512665,0.04000523773049095,-0.0015350621371390256,0.0,-0.0020100861368682822,0.02433199651932423,-0.006949174287264638,0.020513631433473702,0.0,0.0016821077152391554,0.009132363196998394,0.006734035144799123,0.0020081892471235955,0.004395413578456266,0.004028171963212758,0.014251900747451009,-0.002336416374030926,0.0,0.012072605829301787,0.004464198849721891,0.0036498182408835666,0.006192497324780533,0.012345829869800089,0.0,0.0,-0.0027281583060045785
2023-09-15,-0.006389841839803588,0.007017461035794518,0.01569357004578267,-0.012378569277230413,-0.01231116433729878,0.007887259053893559,0.0047847712721346,0.0,0.0,0.005797134118168044,-0.08167791414570816,0.07107775835331953,0.005917314047587797,-0.002378047370495893,0.002781701653388922,-0.013857093612391593,0.019418081052164863,-0.003847622563594877,-0.0039759907150609545,0.0,-0.024331996519324113,0.03562011750800166,0.030002165712910065,0.01069525813494823,0.003355750695075124,0.04009454588713393,0.026491712338390986,0.00898647739976435,-0.00615932910076339,0.008008096280005485,-0.02870992334141084,-0.008220746599611415,0.0,0.00399184925477847,-0.013452832306423353,-0.007312804042446568,-0.006192497324780641,-0.006153825529265962,0.0,0.009132259775208474,0.006498022451719235
2023-09-18,0.037740426728940006,-0.010544745150701014,-0.003466271170395562,0.00709216083678704,0.00673397317215958,0.0022423181933708286,0.0023836998095103337,0.019293453891415027,-0.020762082800936967,0.0,0.059372307280412095,-0.08218908130951659,0.0,0.0,-0.005571012491120087,0.032039284449169037,-0.006430861345672659,0.0,0.0039759907150608426,0.00201008613686835,0.0049138249795448365,-0.021769519925358718,-0.014888539625410575,-0.010695258134948229,0.0,-0.02879491591607039,-0.013158175659768954,0.007920919496828386,0.021825461164616353,0.0,0.0024241686189117612,0.009389853470660394,0.03774022035955854,0.0,0.011223341337755929,0.0018333047860689376,-0.006231083416239424,-0.006192004340534209,0.0,-0.02298935917514582,-0.0007130832833555933
2023-09-19,-0.006192090572071752,0.0,-0.0017377019207989676,0.003527307137984152,0.005577191165139176,-0.002242318193370914,0.0,-0.00638985031548892,-0.0070175434654860145,-0.004344696911503721,-0.0025094157749872333,0.0018605778217929932,0.0,0.016529262115760456,-0.001397503210588283,0.008968668340507111,0.0064308613456727625,0.0015409130832503208,0.003960456151184452,0.008000182099697642,0.009756277827529473,0.004118120585384066,0.004987454875772183,0.0,0.0,-0.009029705447522905,-0.026846995077468908,0.0,0.011163819403760163,-0.008008096280005426,-0.00973239637541769,0.004661884314595531,0.02288441570113411,0.007936638426926322,-0.004474185167551357,0.005479499256377671,0.01242358074102001,-0.006230509167756976,-0.007067277638985975,0.013857099399937388,-0.0002263344731591531
2023-09-20,0.03058355494441613,0.020979810398085493,0.008039325543036747,0.0,-0.01795769676812687,-0.005627455000764798,-0.0023836998095103355,0.0,0.007017543465486087,-0.004363655702911907,0.005012486475019772,-0.0037243354874599947,0.0,0.002339227866104589,-0.00561023056523024,0.0,-0.012903429235002338,-0.004629630825724554,0.011788013543960786,0.001989978632243637,0.028710171132306637,0.0,0.014962840702304947,0.0,-0.0016764677153570716,0.011274212736568963,0.020202449473585897,-0.0019744881537635457,-0.0094382334219395,-0.0030196336603857048,-0.009828179698516227,-0.0023282563461925134,-0.02288441570113421,-0.015936662434855448,-0.009009114736199716,-0.0036498182408836104,0.05406717014738309,0.03681388173395948,0.0,-0.009216775461686432,-0.004193553138550542
2023-09-21,-0.006042355409583041,0.0034541795632663636,-0.0053522959311595635,0.0,-0.002267474845315362,0.004504531905872489,0.004761794881215405,0.012739039613758746,-0.014084681081331419,0.0014566686468913547,-0.002503070700032658,-0.006551417098609734,0.005882268692894567,-0.00938986351371825,0.0028089741625784825,-0.02257444217799753,-0.013072022775027796,0.0007730430605314019,0.0,0.0,-0.02386761463465393,0.001368901077817993,0.00985241700713943,0.002176230582963012,0.001676467715357067,-0.024972848921567467,0.006644545603883091,-0.0059464313430647574,-0.007788694348811981,-0.0020179869151602738,-0.002472179008548798,-0.0011663184654211985,-0.023420163141885126,-0.020284567610755578,0.0,0.0036498182408835666,-0.011765761792100305,-0.030583372566202503,-0.036105023746850734,-0.013986191284784216,-0.0023105964432762463
2023-09-22,-0.006079010678267886,0.0,0.0,-0.0017619954720209446,0.009039509688055997,-0.0022496361531404974,-0.0023780950717050514,-0.006349189298269702,0.0070671376158454756,-0.0014566686468913774,0.002503070700032584,0.003748865825976251,-0.0029367696640034717,0.0,-0.001403463011271669,0.013605773837490344,0.0,-0.0030959522393559967,0.0,-0.012000246868809687,0.0,0.005456942012427688,-0.004914044347331581,0.0,-0.0016764677153570716,0.0,-0.0066445456038831275,0.009891200037380747,-0.002610055002293547,0.0,0.0,0.0011663184654211675,0.0,0.012220136534604383,0.017937555872218115,-0.001823277527588543,-0.00593379887494205,0.006192004340534157,0.0,0.018605197596781416,0.0013938669761237126
2023-09-25,-0.024692624118046787,-0.010398806361738537,-0.008984852095851401,-0.001765311665963301,0.004489384701800669,-0.0011269682343816954,-0.004773287929135637,0.0,0.007017543465486087,0.0014566686468913547,-0.0050124864750198325,-0.003748865825976273,0.005865018603663514,-0.004728052500573263,-0.001405511151306868,-0.004514679522253467,0.013072022775027744,-0.0015514210366971857,-0.007843180750419601,-0.01011127046787021,-0.0048425564976526045,-0.004089980777157076,-0.019901213362112667,0.01081094883902336,0.001676467715357067,-0.004608455628142188,-0.013423026219537892,-0.0019702805405525515,-0.0026165053826410624,-0.0010106845806058878,0.00985219062651171,-0.0011663184654211985,-0.004750723818402887,-0.016326852621039195,-0.022472554553704834,-0.003656221728789086,0.0059337988749420985,-0.01869216100251822,0.0,-0.004619006311997245,-0.004686103414508809
2023-09-26,0.0,-0.0034904384489123936,0.001803601789343367,0.0,-0.003365266170356708,0.0,0.00238958811962522,-0.00638985031548892,0.006968819512779617,-0.0014566686468913774,0.0,0.005618041628626366,-0.008810517632554643,0.00472805250057325,0.0014055111513069265,-0.00909109431523693,-0.013072022775027796,-0.0015540830546737182,-0.003944832793541161,-0.0020345154438002823,-0.009756277827529466,0.0013651636230505861,0.010000143893839008,0.0,-0.0016764677153570716,0.0,0.026668258702024265,-0.0019744881537635457,-0.0008739137969414221,-0.0030380888289305887,0.0,0.0,-0.019231307787848553,0.03711765843801485,0.006794957247481697,0.007299057321951924,-0.00593379887494205,0.0062696474942270245,0.0,-0.004640323938250885,0.001453858100495269
2023-09-27,-0.02531790089538671,-0.0035023962158381014,0.0,-0.0018165374836515947,-0.004504433177778046,0.0011269682343815546,-0.012005130293988912,0.0,-0.006968819512779608,-0.007315264882200637,0.0025094157749872845,0.003727806839364009,0.0029454990288913328,-0.007100579097650903,0.0,0.009091094315236898,-0.013245251341180361,0.0031055040913708577,-0.007936446866245296,-0.0020386631368706377,-0.019802532165250405,-0.015120569816901496,-0.010000143893839077,0.0,0.005889771721902574,-0.009280503980813771,-0.0066006868786032515,0.008016084507482972,-0.007897963093442182,0.00303808882893048,-0.009852190626511735,0.0,-0.009756177941729817,0.02004063139454312,0.0,-0.005469376306457889,-0.0059705896747998324,-0.012578775552283683,0.0,0.009259330250248275,-0.0037704163739352486
2023-09-29,0.0190482452753091,0.017391641026488915,-0.021858972887382477,-0.012808900308932327,-0.0011294347730202953,-0.010186967994627946,-0.019512721572182135,-0.03648785535822219,0.0,-0.010332302697138692,-0.0025094157749872333,-0.004662054313085572,-0.005899699659179926,-0.009546493144749544,-0.005633860405669851,0.0,0.01324525134118045,-0.019570013241566056,-0.003992076233181974,0.0,-0.005012594596066259,-0.004163706975176972,-0.01010109504075562,0.0,-0.01862877289064569,-0.00233380015176631,0.0,-0.002998414278911969,-0.014197373216531306,-0.014256913671550504,0.0,-0.017657745102534785,0.004890048223704619,-0.011976226605464275,-0.01363652227720527,-0.0018296810154940547,-0.0060065380167883785,-0.019170022090287894,0.007326154677196242,-0.023311031989791505,-0.011130270643989004
2023-10-02,-0.012658403435505543,-0.013889244810650906,-0.00554009666476676,-0.005540094984400839,-0.001130592484983781,-0.004560905087299307,0.0,-0.006779724903593739,-0.014084681081331419,0.005917350094950977,-0.007566253018670541,0.0037313806093721446,0.0,-0.004807733561799943,-0.00708712200840788,0.0,-0.019934294795831867,0.003944761439242842,0.0039920762331820195,0.004073178580670988,0.0297051038317783,-0.016830672487138387,-0.015345536367096744,0.0,-0.012038017751228487,0.0,-0.0066445456038831275,-0.009049885369248573,0.011550571910091212,-0.002053537623751872,-0.0024783058273200238,-0.004761971347392951,-0.034742957130098034,-0.008064404789078885,-0.011507724066420973,-0.003669909153412169,0.011977127691588261,0.025479150148344728,0.0,-0.004728084014632802,-0.0038059611794808382
2023-10-03,0.037504414665991775,-0.021201958953830646,0.0018500076946957706,0.003696769930954876,0.0,0.002283021232259366,0.0,-0.013699114621333544,-0.021506207207839273,0.002945362769741769,0.0,0.0,-0.002963113417299044,-0.004830959573229615,0.007087122008407858,0.0,-0.0203395928580673,0.003929198035520332,-0.01202425138027751,-0.0020345154438002823,0.04296608012030273,-0.009950367030758151,0.015345536367096698,-0.010810948839023421,0.005176844300619663,0.009302453680053422,0.013245232482486305,0.0070459009033612295,-0.015131415503479352,0.0,0.0024783058273198794,0.007134354915747273,0.0,-0.008130185339990126,0.0023120905847230913,-0.009233620763947166,0.0059337988749420985,-0.012658390614204734,0.014492958875464264,-0.009524125461276971,0.0008806631549495525
2023-10-04,-0.024846011230486388,-0.007168465267413736,-0.0018500076946958287,0.0036831541420224555,-0.02288407363757792,-0.004571393321719602,-0.002466064082099331,0.006873111113289655,0.007220217741528658,-0.0014716748478370166,-0.0076240029055367154,0.0,-0.005952376609234136,-0.014634380955112155,0.0028208598606916735,-0.00909109431523693,-0.020762074454757484,0.0,-0.020367146659244856,0.0020345154438002446,-0.00938960823092844,0.014184666273932276,-0.015345536367096744,-0.021978903643687167,-0.0017225250633676515,-0.011641651466284571,-0.0066006868786032515,-0.0010035531144120347,0.006258256177535656,-0.0061852638337779155,-0.012453476671153686,-0.0023723835683544504,-0.030771732199142192,0.004073193170687725,-0.009280978565916706,0.007393840244561809,-0.01791092656653022,-0.012820759534139943,0.0,-0.004796054874566879,-0.0029409503230686607
2023-10-05,-0.012658403435505543,0.0,0.0018500076946957706,0.0036697422695365447,0.0011566262467739095,0.0034305342286918335,-0.0024722270529579783,0.013605728411637772,0.007168459678538379,0.005873671481351367,0.0025477765421202422,-0.002797133135650456,0.0029806171464911973,-0.0024600737071904517,0.0,0.004555939989684923,-0.021202112175887786,-0.0039291980355204365,0.008196551194976299,-0.0020345154438002823,-0.004728307045163147,0.0,0.005141493914130218,0.011049939556846883,0.0034424279802733734,0.0,0.019672943770052517,0.0,-0.0017841773414305835,0.004127720469478387,-0.002509266900114021,0.002372383568354455,-0.010471237045740933,0.004056992169302237,-0.014084565224819082,0.00550968967279756,0.006006538016788339,0.012820759534139936,-0.021819113552660505,-0.009661916178990915,-0.0001695181532478453
2023-10-06,0.00634919109643412,0.017825679070543343,0.0018467982764333402,0.007299328950819283,0.004613659038651604,0.001140859093027714,-0.0024782874839242557,0.006733975750447623,-0.0071684596785383855,0.00292414163076354,0.0,-0.0009342474737217764,-0.00597022546458446,0.004913922693044763,-0.0014093973361677821,0.004535154325552114,0.007117435492542936,-0.007905273948513418,0.004073381725723151,0.004064900037366254,-0.01913930758949078,0.0,0.010204042452966633,0.0,0.0034304489717585517,0.0023391977862312675,-0.0065147681102836206,0.0060059518592114084,0.004454440525067815,-0.005162677568937244,0.0025092669001139344,0.0023668937603694242,0.0,-0.024591473640731238,0.0164130504473868,0.001829681015494025,-0.018127462417265237,-0.038966028343532626,0.014598843846104199,-0.004866253486297572,0.000903822369682332
2023-10-09,0.012578867959148986,0.01403518359961355,0.0,0.0,-0.004613659038651665,0.0034149143832273832,0.0,-0.013513700654041347,0.0,0.0,0.0,0.020352312978774476,0.0,0.0,0.0014093973361677572,0.013483347862760573,0.014084676683344892,-0.016000208929727998,0.0,-0.0061035631742368465,0.014388771358869819,0.009810905931876586,-0.010204042452966567,0.0,-0.0034304489717585035,-0.011751094430511344,0.012987115613125601,-0.005002398744799463,-0.0026702631836372894,-0.004149352060479619,-0.007547107097735309,0.0070673147619969194,0.05129324468258471,-0.004157874673169689,-0.01405170041002217,0.0,-0.006116663149304004,0.006600720679074209,0.0,0.024097566141669604,0.0002681623936189336
2023-10-10,-0.006269655620077587,0.010398806361738495,0.023702263581020167,0.009049970369790055,0.006912591405531883,0.010175388150730208,0.024511011978281736,0.0,0.014285989466310555,0.0014587164503684577,0.005076226363416259,0.011834467638008637,0.0,-0.002453848985854302,0.00701771995890142,0.004454228552570538,0.0411016673128248,0.0199607214389986,0.0040567483338261375,0.010152222681348135,-0.024097628613590272,0.017968718168026993,0.0,0.0,0.010256411738206756,0.011751094430511444,0.0,0.0,0.022908342905408316,0.008281778300802484,0.010050360848539252,0.003514736637782892,0.009950333969981165,0.012422444847788455,0.021004193753371373,0.0,-0.012345391563752382,-0.02666823426253376,0.0,0.014184702267105422,0.012557902708142544
2023-10-11,0.00626965562007762,0.010291696227171005,0.008968533848594435,0.0035970367373097728,0.0022933572534994647,0.001124185468851041,0.004831001212174094,0.006779724903593681,0.01408468108133156,0.0,-0.005076226363416413,-0.010004719105092335,-0.0029984113451884506,0.007343929761539868,-0.004204719413923313,0.017621659729833376,0.0,-0.03131526715678704,0.00404046540471934,0.0020181994321302305,-0.014742196016162178,-0.009635415843564043,-0.020726319987668614,0.0,0.01183432903228678,-0.009389926856916154,0.02547917810900562,0.002003984465887464,-0.012269999049774362,0.0,0.0,-0.004689273320030409,0.0,-0.008264570174618733,-0.009280978565916706,-0.0036629858015629164,-0.012499617360297845,-0.006779642799815536,0.0,0.009345867346533266,0.0009192915361211696
2023-10-12,0.01857635561040864,-0.006849319443507264,0.01065733231045093,0.0035842459921811513,-0.011520846130423956,0.010061507925318026,0.007202829175071621,0.006733975750447623,0.013889232732353696,0.0014566686468913547,-0.0025477765421203016,-0.01752000719860522,0.005988019663281958,0.009708817433908898,0.008391533462242725,-0.0043763740784246025,0.0,0.0032572390490660584,0.008032175147095415,0.0020140269350627424,0.014742196016162125,0.005517295258179839,0.0410314574813908,0.010928964086840326,0.0016793026538553869,-0.0023611675735952325,0.012500085668518651,0.0010005409320269242,0.0017620741428669667,0.0010302513286143716,0.009950222920349744,0.007025689694061215,0.0,0.016461288300741214,0.01618540802160929,0.0073128040424464595,0.0062685339440584804,0.006779642799815525,0.0,-0.014051701739543336,0.005089710510226714
2023-10-13,0.006116268507637955,0.013652217329406727,0.0,0.0,-0.002320207386975549,-0.001112924915421215,-0.002395183152509394,0.0,0.0,-0.005839526728023511,-0.002554154026696347,0.01385706148231466,0.0029806171464911973,0.0,-0.005586499042825312,-0.008810628625564577,-0.01351357197679368,0.007290585351669892,-0.008032175147095531,0.010010268236566039,0.009708857254720349,0.0109439636756297,-0.025446631407852457,0.0,0.0,0.0,-0.01880917422118643,0.0019978733468850552,-0.0017620741428668386,0.0,-0.012453476671153686,0.003494574811613712,0.004938345205143512,-0.004090069675295707,0.004576630420997198,0.007259382439884971,0.0,0.0,0.0,-0.009478867874095522,0.00022165706243493862
2023-10-16,0.0,-0.010221562645479661,-0.00887313755883077,0.0,-0.005823995651746775,0.0,0.0,0.006689025686854011,-0.013889232732353679,-0.007347359403256098,-0.002560890336099411,-0.012927157364235185,0.0029717594627429724,-0.01215074394768182,0.0013996849945059617,-0.004434657025844246,-0.006826020881273628,-0.004854435914855943,-0.004040465404719226,-0.003992090706980473,0.019139307589490725,0.01753250448626584,-0.02083401917462953,0.0,-0.001679302653855293,-0.007117515396091006,-0.03871469395062919,-0.007010513104274356,0.0,0.0010293008676434472,0.0,0.0,-0.014888679175124543,-0.024897515029379886,-0.02309534413129028,-0.005439824374310866,0.01242358074102001,-0.006779642799815536,-0.04445161277431746,0.009478867874095454,-0.0035933955317200153
2023-10-17,0.009132433959335624,0.010221562645479732,0.0,0.0,0.002333805374227356,0.002224797015726687,0.0023951831525094273,-0.0066890256868539465,0.0,0.002945362769741769,0.0076628209049161,0.02115020854085975,0.0,0.0024419265137729934,0.004186814048319475,0.0,-0.006872847987811653,0.0016206996720679822,0.0,0.009950185816078198,0.014117915276091552,0.0026702478657674856,0.0,0.0,0.0033557899774383972,0.009478682969686129,0.006557488781165719,0.0030105558084682184,0.0017620741428669667,0.0030817801204080734,0.002503253750803958,0.0,0.0,0.020790866578553113,-0.0023392551168921988,0.009050047549897362,0.006152894238971822,0.02020265663667821,0.04445161277431735,0.004705834393010019,0.0035864642091237796
2023-10-18,-0.024541156688820547,-0.027493400474809023,-0.007155757777443513,0.0,0.005810397664494964,-0.005571146354725785,-0.002395183152509394,0.0,0.0,-0.014815049814355712,0.007604676949831672,0.0,-0.017964569683547454,-0.0024419265137730095,0.0,0.008849674704338582,-0.0714590030402029,0.012072465540388632,-0.004056748333826159,0.007889725379974146,-0.00938960823092844,0.01980260500637005,-0.026668275210120537,-0.021978903643687167,-0.005037834188253022,0.021004230989496168,0.0,0.003999957295806275,0.006143112913898942,-0.002053537623751872,-0.0025032537508040396,-0.0034945748116137296,-0.005012543405444393,0.0,0.013953539371492721,0.008968615555426307,-0.012345391563752382,-0.013423013836862719,0.00722026970655622,0.0,0.001667457510858668
2023-10-19,-0.01880915067689495,0.00347838608181909,0.0017936954080233867,0.0,0.0,0.0011167767959783246,-0.012062862915895173,-0.027212815275374936,0.0,0.0,-0.002528450586415195,0.01892789737533748,0.012012193074313334,-0.0049020032477668845,0.0013918180593936729,0.0,0.014706174259928975,0.019802672933213798,-0.008163314202561249,-0.003936976290482266,-0.004728307045163147,-0.022472852872137437,0.005390814514602183,0.0,0.001682044210814555,-0.006952199074455097,0.0,-0.003999957295806197,-0.0070235702800158974,0.0,-0.007547107097735309,0.0,-0.01519010609201299,-0.004123802102543744,-0.009280978565916706,-0.0017874313370029261,-0.006231083416239424,-0.006779642799815536,-0.00722026970655624,0.0,-0.0026858695257846
2023-10-20,-0.00634937913333053,0.0,0.007142880006873468,0.0017873169220884839,0.0,0.003342497458442042,0.004842503894040832,0.006873111113289655,-0.014084681081331419,0.007434999528492704,-0.0025347952213900667,0.0,0.0,-0.004926088307036948,0.0,0.0,-0.022141118935993732,0.0023503951742739992,-0.004106618718138123,0.0019703729961352886,0.0,-0.038151768944297344,0.005361909386032735,0.0,0.0,-0.016413199488636225,0.006514768110283622,-0.016161879169428708,0.0008804573661169798,0.0010272959388798598,0.010050360848539252,0.003494574811613712,0.0,0.004123802102543617,0.0,0.001787431337002945,-0.012578240105969758,-0.013698837029453107,0.0,-0.004705834393009934,-0.0011235532451097266
2023-10-23,0.0,-0.01398628556652607,0.007092319921377768,-0.005371562914269625,0.011520846130423994,0.0,0.004819360646157269,0.0,0.0070671376158454756,0.0,-0.005089207684146631,0.0,0.0,-0.007435059822081083,0.0,0.004395610947070197,-0.061557906584392086,-0.0015663161384781778,-0.012422579137246518,-0.003944847342616088,-0.009523865356734423,-0.018220501975291868,-0.010752723900635006,0.0,0.0,-0.004739314427927332,-0.019672943770052517,0.0030503493718915618,-0.004411020767756241,-0.0020555384355359554,-0.015113709441459507,-0.0034945748116137296,-0.005115101984606584,-0.008264570174618733,-0.02120206893986227,-0.0017874313370029261,-0.01273856147627459,-0.020906800371539132,0.0,0.004705834393010019,-0.002028400583389131
2023-10-24,0.006349379133330451,0.02777973731403618,0.003527188514689027,0.0,-0.0034421931193424175,-0.0033424974584419973,-0.004819360646157179,-0.013793497707694825,-0.01418466740361761,-0.008928656031212658,-0.012837169423283246,0.0,0.0,0.007435059822081192,0.0,0.004376374078424617,0.03891543709377039,-0.006289276561214181,0.004157956066120837,0.0,0.0,0.0112518872146757,0.01608610221763211,-0.011173263247899266,-0.006745303065992479,0.0,-0.0066445456038831275,0.0,-0.008881039494170155,-0.00102930086764346,0.0,-0.001167309502981896,0.025317751482064058,0.0,-0.014388620467840162,-0.0035842119686696453,0.0,0.0,0.0,0.018605197596781416,-0.0017189763234661116
2023-10-25,-0.00634937913333053,0.006825941931014708,0.0017591860274559412,0.0017936270977372986,-0.0034542044446685314,0.004454369558747584,0.004819360646157269,0.006920386594405168,0.0,0.008928656031212677,0.007722125060487445,0.0,0.0,0.0024660145998465152,0.004163794332836405,-0.008771985025494929,0.015151736271649245,-0.0015785510207746776,0.012371241789263817,0.0,-0.004796105018159181,0.013889142152741021,0.0,0.0,0.008424605719847659,0.00945627366125804,0.013245232482486305,0.0030409664049693883,0.006224960919531366,0.0030848393031792966,0.01010118879054161,0.004661884314595531,0.0,0.0,0.019139309523766322,0.00893655710224993,0.0,0.013986319544522223,0.0,-0.004619006311997245,0.004766933221515327
2023-10-26,-0.012820672938821047,-0.024097779760343947,-0.0017591860274558994,0.0035779358165322415,0.004603040310511355,0.0,0.00240099837569712,0.0,0.007117529787772133,-0.010424546881444462,-0.002567334402577358,-0.00896856389207844,0.0029806171464911973,0.0,-0.004163794332836408,0.004395610947070197,0.05129334229240652,-0.013519124777326854,0.0,0.0,0.0,-0.004146649905101525,-0.0053333783169972,0.0,0.0,0.004694937410949542,-0.03344768195607208,0.001011674950631102,0.0,0.0,-0.00503784019762127,0.0,0.019802633468691887,-0.0252114934500845,0.0023668146591169074,-0.003564913796577444,0.006388789988310319,0.006920480827016708,0.0,-0.009302398087376778,-0.0013249820290078132
2023-10-27,0.0,-0.01757486319114845,0.0,-0.003577935816532236,0.0011472755645915683,0.0,0.0,0.006873111113289655,0.0,-0.004501066236671729,0.00768237876537327,-0.0018035357468873438,0.0029717594627429724,-0.004938251774195009,0.01106520399910165,-0.004395610947070229,0.007117435492542936,0.007974490101947606,0.0,-0.00396025866264668,-0.0048193372145971854,0.011019543880762305,-0.010752723900635006,-0.022728246967113137,0.0016764873235830275,0.0,0.013513458398846882,-0.0020242676914606086,0.004422726453970958,0.0020513218631211427,-0.0025285034751033717,-0.0023282563461925134,0.028987485729578284,-0.01716781683383101,-0.007117503715043146,-0.003577799693998014,0.006349771487964263,-0.006920480827016789,0.0,0.004662074149125925,0.0009020287363568228
2023-10-30,-0.012987261756871366,0.0035396795915349465,0.003514987803845566,-0.0017936270977373387,0.0011460816889081106,-0.0011118721003054572,-0.004807646022562249,0.0,-0.014285989466310626,-0.007547226714109728,-0.005115044362795841,-0.0027111840916134687,0.002963113417299067,-0.004962822647732623,-0.002754806450366198,0.004395610947070197,-0.014285983904467761,-0.011182229579567346,-0.008230392278686527,-0.001986132557218485,-0.014598834325182157,-0.0027435055747401962,-0.005420032978193592,-0.011560783265835952,-0.0016764873235831537,0.013953501918811211,0.013333536678622008,-0.0010138328059359444,0.0017639155223070344,0.0010242490693137647,-0.002534845117816961,-0.008192008159482398,-0.024097437505873804,-0.021882699038320207,0.0,0.003577799693998005,-0.01273856147627459,-0.0069687078297608306,0.0,0.0,-0.0018743355354163278
2023-10-31,0.019418063746449832,0.007042348934862901,0.001752920627725723,0.0017936270977372986,0.005711028641743021,0.0033316690462505422,0.002406647646865261,-0.006873111113289662,0.0,0.02838121527025196,0.0076628209049161,-0.005444613644758159,0.014684417589953312,0.002484521677624191,0.0,0.004376374078424617,0.049132735042569986,-0.005638292629748579,0.0,0.007920865566345883,0.014598834325182091,0.008208038983886464,0.005420032978193732,0.0,0.006689151316183271,0.002307004017750642,-0.02006757182342098,0.004048646586978755,0.007023570280015935,0.012448126080041842,0.0050633485929202976,0.010520264505675019,0.02884816132427675,-0.03603990359561296,0.0071175037150430845,-0.012578838731012768,0.012738561476274526,0.013889188656777641,0.0,0.0,0.0020407619592374263
2023-11-01,-0.0064308019895783835,-0.010582028526397887,-0.001752920627725849,0.0,-0.0011607855662934925,0.0,-0.0024066476468651474,0.006873111113289655,-0.007220217741528678,-0.017831054211911113,-0.005101930568816688,-0.0009103402754374014,-0.008784717930773364,0.0,-0.004146603215899189,-0.008771985025494929,0.013605676824060633,-0.01055639037581086,-0.0041408495105772275,0.0,-0.019512659304726832,-0.02762612484098815,-0.010869737945664214,0.0,-0.001668180237675043,0.0005799873563587584,0.02006757182342098,-0.005063187445182831,-0.0026281567015595526,-0.010362738682917797,0.010050360848539252,-0.0070010947492819605,0.03263693697800521,0.0,-0.007117503715043146,0.005410194295363192,-0.019169907345906078,-0.027973921982998553,0.00722026970655622,-0.04276188226901086,-0.0047333743725799715
2023-11-02,0.006430801989578305,0.02451948998962041,0.0,0.0017906188944439173,0.016129589341944653,0.0,0.004807646022562176,0.006826003508043862,0.014388677420067017,0.005979108065343538,0.0051019305688167005,0.005449558865670671,0.0029367696640033173,0.007416552744303417,-0.0013858816267709813,0.008771985025494783,0.03974023360486643,0.0032600912082200698,0.004140849510577339,0.0,0.0,-0.0014015871435437111,0.026955840163296472,0.011560783265836013,-0.0016707196497068783,0.0,-0.0066445456038831275,0.0050631874451828015,0.0,-0.0010423138759944196,0.0,0.0011701035636374384,0.04922684189021719,0.049226946884044435,0.011834517275369898,0.0,0.006431345869631429,0.0140847333262211,-0.00722026970655624,0.00966191617899088,0.003088634860694678
2023-11-03,0.006389870949242659,0.013745875790437392,0.005249374931747785,0.0017873169220884839,0.015873258737262537,0.0022146355673293614,0.0023951831525094273,-0.006826003508043963,0.007117529787772133,0.0059435707085415245,0.007604676949831672,0.0,0.005847948266769943,0.02192541423553238,0.012405360572806228,0.021598992930126716,0.0,0.005679399331315175,0.0163937064812478,0.005899614817461475,0.01951265930472693,0.008379927719446149,-0.0053333783169972,0.0,0.0016707196497068694,0.016111070838927266,0.013245232482486305,0.0070459009033612295,0.0008768834535765,0.0020834335038586913,0.007471917093029632,0.005830991185644688,-0.004376376046813962,0.02586347258371973,0.007034245975808479,0.005381213098646736,0.006388789988310319,0.027588025686230835,0.0,0.01904826435047669,0.007031924274641378
2023-11-06,0.01265838177137432,0.0169210364527959,0.013865122115570791,0.007117492935728227,-0.004509431197017676,0.00771367746865058,0.01660767337344855,0.013605728411637772,0.0070671376158454756,0.002958512281297945,0.012547236900683668,0.0009053950545249653,0.005814104419687405,0.021454805804200408,0.0,0.016949787070010637,0.006472567889329653,-0.004053429132869057,0.02409745583388381,0.013632179001776384,0.033257222865582456,0.02064778426508576,0.010638397156017136,0.011428802246722485,0.0033334177335007107,0.006825790346431352,0.006557488781165719,0.003004525397914408,-0.005272297032032802,0.0031169796813050052,0.014778664534384936,-0.004661884314595565,-0.0043956129328022375,0.03758271207552998,0.020809917736298634,0.03687873303302782,0.037504486573925785,0.03344787706234938,0.0,0.009389627590417525,0.010114674677045053
2023-11-07,-0.00630900263804386,-0.0033612933180392807,0.0,0.0017714858844191514,-0.005665830640449053,0.004381247393031449,-0.0023556233965250713,0.0,0.013986362978265793,-0.00592588188797246,-0.010025163256242454,-0.002718554598119139,-0.008733803746797306,0.007050635647613719,0.0027360372032946153,-0.02123244886201164,0.0,0.007284553486270991,-0.0039759907150609545,0.024834157207156093,0.08506245627992853,-0.008208038983886558,-0.005305018839020008,0.0,0.006633439316521769,-0.011402399560607597,0.03215720516946338,-0.0050126397573893484,0.009644742999020673,0.0010366932663546527,-0.002448168080553212,0.0,0.008771988979616091,0.004090069675295629,-0.013825233780928804,-0.0262024728294388,0.02424412556656917,0.02597547424104963,0.0,-0.00468379319740745,-0.0008879994099875207
2023-11-08,0.006309002638043814,-0.006756845248857207,-0.006908579610729404,-0.0035462163472440916,-0.02648406853888876,-0.003284377313679864,-0.00710066697608274,0.0,0.0,0.002967369606674473,0.0,-0.0018166404101931388,-0.00586501860366339,-0.009411777113120669,-0.0027360372032946135,0.017021802430163994,-0.006472567889329671,0.006430966366441908,-0.003992076233181974,-0.013295469382233483,0.025425260262146067,0.004112406652558303,0.0,0.0,-0.008298676812347465,0.002290832971944176,-0.006349312507861401,-0.0030196466300566574,-0.0008728661086372672,-0.009370144361716633,0.0048900310313682435,-0.00703404905379235,-0.017621607215054,0.0,-0.004651378266685981,0.0,0.011904388549741825,0.012739095979556556,0.0,0.0,-0.003950760941905445
2023-11-09,-0.012658381771374369,0.0033840434442224724,0.001731770030396019,0.0,0.0011662001899620268,0.0,0.0,0.006733975750447623,-0.006968819512779608,-0.007434999528492685,-0.002522073644441189,-0.005469524096779969,-0.005899699659179926,-0.002366911035066128,-0.013793389684876515,0.0042106464318475804,0.01980269543891766,-0.022691615449076386,-0.008032175147095531,-0.003831591636622428,-0.012631878870515829,-0.015162322445603855,0.010582172992488342,-0.011428802246722467,-0.010050498180853065,-0.006888544156225478,0.012658401060529092,-0.00201813991382953,-0.0008739137969414221,-0.0031432143223095797,-0.0172205274852,-0.0035358223121181435,0.020112363728134897,0.0,-0.007017239178509261,-0.008888828866585959,0.011765761792100225,-0.006349262556147905,0.0,-0.009433918407642763,-0.0036633677960971056
2023-11-10,-0.006389870949242553,-0.013605606089702064,-0.005203943378777969,0.0017747304628250359,-0.001166200189962155,-0.0043955705868732025,-0.011947564529047112,-0.013513700654041347,-0.0070175434654860145,0.0014914288199511193,-0.005063245807805221,-0.009182597489769287,0.0,-0.01672675330362721,0.0,-0.016949787070010724,0.0,-0.002461941484560168,-0.008097213738545465,0.0019175797446331021,-0.008510674543588762,-0.0013898294881534712,0.005249193101091086,0.011428802246722485,-0.008453091615340363,-0.002307048756257509,-0.01904828507606399,0.002018139913829445,-0.007897963093442182,0.0010489825930503388,0.0,-0.0011812869049184515,-0.026907391089259384,-0.020619162973910775,-0.002350312485983112,0.0,-0.017699560667042254,-0.03236530766445842,0.0,-0.004750783859462786,-0.004893944531836531
2023-11-14,0.012739250082573155,0.013605606089701966,-0.003484369156459492,-0.005333466022656228,0.002331041941099044,0.0032987005075216574,0.004796181528206446,0.006779724903593681,0.007017543465486087,0.0059435707085415245,-0.0025414311420263115,0.005519651773478737,0.0029542006302886183,0.030844669317918513,0.002773910738841081,0.012739140638163175,0.0,0.007368044849406115,0.00809721373854547,-0.0038388436671794425,-0.02597554718148852,0.011065130270555336,0.02072631998766859,0.011299444720390696,0.0033898327601624635,0.01376157496614233,-0.025975497427232982,0.005027760989531638,0.0026395276079250415,0.005227269639457537,0.012330496453831705,0.0035397449405027313,0.026907391089259384,0.0,0.018648530230409084,0.0,-0.011977127691588233,-0.01993416502759144,0.0,0.004750783859462705,0.00451512171457296
2023-11-15,0.012578686775223563,0.013422975591824138,0.012142398292137377,0.005333466022656248,-0.005837703626085379,0.0032876127355827866,0.011890801038043098,0.0,-0.0070175434654860145,0.0,0.02264251592040274,0.010041155746823238,0.0,0.023095692473588753,0.013755516149330058,0.012578780771100933,0.019418071816702725,0.008932100080251457,0.019960698246522822,0.0038388436671794052,0.030239781572823622,0.0109439636756297,0.00511500495296182,0.0,0.011774857148649063,0.004545584535003973,0.06371592160444099,0.003004525397914408,0.006132349282458536,0.0031233614811004506,0.0048900310313682435,0.012873297644922002,0.013187082844088286,0.020619162973910837,0.0,0.017699664656415346,0.03550668845690982,0.006688944601920492,0.0,0.04176914492932183,0.010361363629086002
2023-11-16,-0.0062696841371795604,-0.003339017956372926,-0.0034540857568998848,-0.0017747304628250588,0.0011702944418578664,0.0,0.00236124893888037,0.0,0.020906776197839618,0.001480389341278338,0.0,0.0,-0.0029542006302887024,0.002280430778749384,0.0,0.0,0.01273909526851613,-0.004050080294663966,0.011788013543960786,-0.0038388436671794425,0.00847471696948367,-0.0027248171541064403,0.015190132540760383,0.0,0.0,-0.006825790346431322,-0.0061920534326254705,-0.0010005409320269954,0.0,0.00414936461676276,-0.004890031031368304,-0.0034945748116137296,0.030109801930109616,0.0,-0.013953539371492798,-0.008810835789829306,0.05100263348622804,0.051959790646277315,0.0,0.0,-0.001473578543436029
2023-11-17,0.0,-0.006711155830816323,0.003454085756899875,0.0,-0.0236698286027386,-0.0021907426562310806,-0.0023612489388803175,0.006733975750447623,0.0,0.002954298174842951,-0.004987550063296012,-0.0009086859337527572,-0.005934872880042059,-0.013761719971428228,0.009517459793958793,0.016529523222844726,0.006309086191605582,0.001631313766345687,-0.007843180750419601,0.005752855559168687,-0.008474716969483723,-0.015120569816901496,0.010000143893839008,0.0,-0.005029554082656686,0.0,-0.0125000856685187,-0.003007537580299507,-0.0070115454262013426,-0.011452441292580539,0.0,0.0,0.012631821189016956,-0.01232052022866614,-0.002344678372933177,-0.008888828866585959,0.005510126974208556,-0.006349262556147905,0.0,-0.027651433324271606,-0.0027415605950835346
2023-11-20,0.012500148038851074,0.0,-0.005185855787295946,0.0,0.0035863731146035145,-0.0010968700793515566,-0.0047394180372024326,0.0,-0.006920413219574003,-0.005917350094951102,-0.012578739493690375,0.0,0.0029717594627429724,0.0,-0.016371566277023422,-0.0248976575620981,-0.012658387922244657,-0.012300250848131728,0.0039292273671291435,-0.005752855559168782,0.021053528976210555,-0.0027738774870234672,0.0,-0.011299444720390746,0.0,-0.0022857762422319777,0.012500085668518651,0.0010035531144120878,0.0070115454262014276,0.005222029070711721,0.00732614107525487,0.0023310934393526253,-0.012631821189016988,0.012320520228666015,0.009345724401076923,0.0017842421258668735,0.053489103329824116,0.018928038108431744,0.0,-0.00468379319740745,-0.0025706161263606623
2023-11-21,0.012345898545191069,0.026579463213367616,0.0034601590642692544,0.0,0.004761930936544874,0.0,0.014151206879505612,0.0,0.0,0.0014826625788298422,0.017566289556986338,-0.017423509952716444,0.008862813076479048,0.022832138078733934,0.0054869500257061455,0.0,-0.025807865354579757,-0.0008255185578702833,0.007812647440382077,0.00956961845389095,0.01652927342575007,0.024692653364413154,-0.015037843826624006,0.0,-0.006745303065992479,0.013636582247212712,-0.025158486729047816,0.005002398744799498,0.0034872808680121914,0.0,-0.002436110043886438,0.0,0.0,0.0,-0.018779865106503688,-0.010752857681293021,0.015504171634804168,0.012422513508291315,0.0,0.0,0.0044378636259943165
2023-11-22,0.006116219496761954,-0.016529289426178338,-0.003460159064269171,-0.00534276247290312,-0.010746426498211469,-0.0010983177024657402,0.0,0.0,0.006920413219573926,0.0,-0.010000036538315785,-0.004636117224589171,-0.008862813076479025,-0.015927488123272167,-0.012388359691971324,0.0041928773028970644,0.0,0.0024743154652728605,-0.003898694057091532,-0.005730774786711469,0.020284686131704886,-0.01777212597228823,-0.020408931475067473,-0.011428802246722467,-0.006791195582528068,-0.013636582247212805,0.012658401060529092,-0.003999957295806197,-0.002614414759374836,0.0,-0.012270042649331243,-0.01524956121316353,-0.025752434898630303,-0.016461288300741145,0.0,0.0017999711197767268,0.02030445625609856,0.03636755410187412,0.0,-0.009433918407642763,-0.005145104619460487
2023-11-23,-0.01846211804195293,-0.03390161314911693,-0.005212889139508597,0.0,-0.0036078765780024774,-0.001099525330722316,0.0,0.006689025686854011,-0.013889232732353679,-0.005943570708541636,0.0,-0.006526886760093474,0.020558808687419963,0.0,-0.004163794332836408,-0.008403523734744631,-0.019802612694164997,0.001645950685349763,0.007782143680450294,0.001914011891989308,0.050891568511602044,-0.012491612911906294,0.010256498867091925,0.0,-0.0051237931502146564,-0.002290832971944191,0.006269615068630006,0.003999957295806275,-0.0026211727190048194,-0.0031299877225539627,-0.009925465525592456,-0.002366893760369394,0.0,-0.004157874673169689,-0.004750689055926205,-0.0072200720789023665,0.04423331753064719,0.05218576529351686,0.0,0.0,-0.0017874289182226446
2023-11-24,-0.006230463901671452,-0.006920420279919449,0.0017407157911265908,0.0,-0.007255165580113104,0.0,-0.0046949165068976865,-0.0066890256868539465,0.02076208280093687,0.002976201101867189,0.005012486475019772,-0.004688185500085802,-0.002911277680167515,0.038249822709983186,0.0,0.0,0.006644537786862322,-0.0008226036300305642,0.0267703024596902,0.009514781694962856,-0.03891534927733038,0.019364506887567173,0.005089037500004732,0.011428802246722485,-0.006872876952031841,-0.0045977111842812,0.012422524032514138,-0.0019978733468850106,-0.013210212256293955,0.0031299877225539163,0.0,-0.004750660669522605,-0.008733695097419496,-0.008368421730764781,-0.0047732401310585475,-0.014598913066135656,-0.01941731045703209,0.01680714434030644,0.0,-0.009524125461276971,0.00043340857707996886
2023-11-27,-0.0062696841371795604,0.006920420279919467,0.0,-0.005371562914269625,0.0036342250814730037,-0.003305726265498074,-0.0023556233965250713,0.0,0.0,0.002967369606674473,-0.012578739493690375,0.005623113829014069,0.0029112776801675446,0.015334327757071506,0.0,0.0042106464318475804,0.019672670592042803,-0.0049505475006336045,0.018692090039938217,0.0018919789472848472,-0.007968253873596393,-0.02918911313343489,-0.00508903750000471,-0.011428802246722467,0.0,0.02277997891166438,-0.012422524032514048,-0.01612950611714522,-0.02241237915955578,-0.006269583515451895,-0.005050610195980054,0.0,0.008733695097419539,-0.00843893106992903,-0.012033773189989513,-0.011090688704542571,-0.009853136532102503,-0.022472845231622903,0.0,-0.009615404503429889,-0.003976490572952866
2023-11-28,0.00626968413717969,-0.00345417956326642,-0.012248731892052847,-0.010830366580895276,0.0,-0.0011043823824765748,-0.004728213826173934,0.0,-0.006872850068583295,0.002958512281297945,0.010075668793657797,0.004662054313085613,-0.005830977007277494,0.017241813071527626,0.0013898835939953785,0.008368134339253527,0.0064725904214164255,0.005773151130664076,0.0,-0.005687116135754923,0.011928599605886714,-0.001411407661062929,-0.0051150049529617835,-0.011560783265835952,0.006872876952031808,0.015642726377492616,-0.012578703621297876,0.0050685337262874885,0.004522939333757525,-0.004201666981267024,0.00505041006046838,0.002378277101168126,0.004338248077022333,-0.004246265976221143,0.004830951189739967,0.005560753682478657,0.03884064535611058,0.022472845231622827,0.0,0.009615404503429974,-8.977710626602505e-05
2023-11-29,-0.0062696841371795604,-0.003466240716653013,-0.007067060863322571,-0.0036364838243322303,-0.008500495371543633,-0.0011057257874880206,0.0047282138261739715,0.0,-0.020906776197839726,0.004421538004565112,0.0,0.0,-0.008810517632554643,0.006389705730026788,0.0,0.0,0.006430885710546154,0.0008221916225025419,-0.003710630564519847,-0.0038094931142678735,-0.032131222698986724,0.0,0.010204042452966633,0.0,-0.0017138383045336063,0.008830084038032582,-0.019170089556337873,-0.001011674950631191,-0.0018068396074474074,0.00524922142600731,-0.017789370507502896,0.0,0.01716783559155028,-0.021506192934938946,-0.00483095118973991,0.0,-0.019231760063846488,-0.045462352341912315,0.0,-0.009615404503429889,-0.0013476246836444726
2023-11-30,0.0,0.013793451747510175,0.001771552103801457,-0.007312673412363884,-0.01846198633914444,-0.006659229529000975,0.007050539903422778,-0.00673397575044756,-0.01418466740361761,-0.005899660944584705,0.0074906207633286,0.017520007198605095,0.011730216959664686,-0.006389705730026806,-0.0013898835939952915,0.028749520282002474,-0.006430885710546282,0.029949579184358973,-0.007462624416301187,0.00570886209070746,-0.020619301825030176,0.01958097691373552,0.005063395107970735,0.011560783265836013,0.0,-0.00883008403803255,-0.012987115613125514,0.011072106409461881,0.008104704599604362,-0.0052492214260072,0.0,0.0011869580709254165,0.008474537962860167,-0.017544322937212174,0.04959693908667752,0.03630180672861852,-0.10752035797508683,-0.05989811139378504,0.0,0.0654438898889229,0.004601926902923772
2023-12-01,0.00626968413717969,-0.010327211030857285,0.021016413999955897,0.0036630210903427366,0.023328256629214925,0.002224797015726687,0.01164162829003676,0.006733975750447623,0.007117529787772133,-0.001480389341278277,-0.010000036538315785,-0.026865855666595415,0.011594367807448889,-0.004282636053704758,0.0083103975487356,-0.024591510603981764,-0.039478865253199213,-0.04401693411761964,0.0074626244163013365,0.005676455899301171,0.024692670009624374,-0.0027738774870234672,-0.04124295064969693,-0.011560783265835952,0.001713838304533609,0.00221478360347443,0.01941800864606734,0.0029984142789118884,0.0,0.0073412627741649234,0.015267420684404936,0.0,-0.038714316728852206,0.0305033917438326,-0.023311072013221783,0.005333247997980343,0.010752326999289822,0.024391368225668314,-0.007272689168908079,-0.05452474136484399,0.0025024863561219344
2023-12-04,0.006230463901671522,-0.013937461463222557,0.001731770030396019,-0.003663021090342713,0.007255165580113008,0.0,-0.00930234735405281,0.0,-0.021506207207839273,0.0,0.0025094157749872845,0.004683794154904559,0.005747120934677621,-0.0021481607159954084,-0.006920513954740296,-0.012526144017274109,0.0,-0.05217086104091706,0.0,-0.007575824875740721,-0.004073368184594215,-0.021053385485268947,0.010471233466265408,0.0,0.0,-0.004434599640360688,-0.001289400993747549,-0.003999957295806197,0.008928519361173094,0.004171107350418358,-0.0025284602373704668,0.0011982762666183499,-0.01769949748818151,0.029600742905233565,-0.00166537249966696,-0.0017746779057194709,-0.016172857998350845,-0.012121355235724976,-0.007326154677196168,0.0,-0.0036871372215452306
2023-12-05,0.0,0.013937461463222672,-0.005203943378777969,0.005489408639020859,0.0,0.0011104530084051626,-0.007034197442881494,-0.00673397575044756,0.007220217741528658,0.008849640118308863,0.002503070700032584,-0.0009349283289283161,0.005714280185521093,-0.015168406929395325,0.0,0.0041928773028970644,0.02649167914704283,0.009611246622121256,-0.00372435087890663,0.0,0.0,0.0028328835099770836,-0.00522204036517422,0.011560783265836013,0.0,0.0,-0.006472568435089764,-0.0010024414489932254,0.004434686445530321,0.0,0.0,0.0,0.004454302634429031,0.00829864274524466,0.007117539101680242,-0.0017778984215503179,0.010811761270038803,0.02409754111193092,0.0,-0.014598815280797928,-0.0010757245384864693
2023-12-06,0.012345898545191069,-0.006944626798472128,0.0,-0.001826387548678203,0.002406779781224135,-0.0011104530084052283,0.0,0.0,-0.007220217741528678,-0.008849640118308855,-0.007528215262833911,-0.0009358997178839848,0.0,0.006528986492964983,-0.004216426700947165,-0.01687826558645024,0.006514595684739969,-0.006105492883672656,-0.003738273537394629,-0.0019028816117705994,-0.03319811383175705,-0.005673815053474293,0.02072631998766859,0.0,-0.006872876952031841,0.0,-0.013072020463053216,0.002003984465887464,0.0026510954809090205,-0.011512370124583346,-0.00507618101185444,-0.001198276266618347,0.004434440075604383,-0.020877684131477347,-0.011890845184048461,0.0017778984215501888,-0.016260505742097555,-0.018018461286986028,-0.007380036427111472,-0.0049139794632856075,-0.0025144488152390723
2023-12-07,-0.01234589854519108,-0.0034904384489123936,0.0017376909642626745,0.003649652322021205,-0.006027720279864029,0.0011104530084051626,0.0023502765600922726,-0.006779724903593739,-0.014598737623475954,0.007380050285863094,-0.01012675059427282,0.0065328823598978965,-0.002853058473558865,0.0,0.0,0.012685388283553133,0.0,0.019064678911445643,-0.011299609873322234,0.0,-0.017021658208860313,-0.011444985273207033,-0.005141493914130228,-0.023256857860391732,0.0034424279802733734,-0.011173248338903537,0.013072020463053155,-0.009049885369248573,-0.019784774086181588,0.006295898710526308,-0.005102147885684479,0.0011982762666183499,0.004415081032657118,-0.004228311414461234,-0.012033688062076848,-0.023361475323451272,-0.016529286317205204,-0.012195267285622086,0.0,-0.024938954209883422,-0.002056290147334185
2023-12-08,0.006192040584334697,-0.010544745150701014,0.0,0.0018198432981277454,-0.008500495371543633,0.0033239795048692297,-0.004705899956617394,0.0,0.007326103032476488,-0.004421538004565086,0.007604676949831672,0.0009299041180795437,-0.002861221711962173,-0.002171595865397116,0.0,-0.00843909740210209,0.09294620216602067,0.00854701919319056,0.0,-0.003816762894722222,0.0,0.015703326206515687,0.010256498867091925,0.011696074594555645,0.006849254564636623,-0.004504514509929005,0.0,0.0010097385205694606,-0.018332196028259473,0.0020897457845807836,-0.01287019473207209,0.0,0.06398776915042624,-0.012793390104539736,-0.017094497586161696,-0.005469376306457889,0.0,-0.012345829869800236,0.0,-0.005063328347002677,-0.0006100934730712626
2023-12-11,0.018349116104485752,0.0,0.0034662524145153448,0.0018166405262045498,-0.0036651796077392653,0.0011057257874879758,0.0023556233965250687,0.006779724903593681,0.0,0.0,0.002522073644441146,-0.00559195843116518,0.0,0.010811016301827578,0.005617960777789541,-0.00851068966790862,0.10120989761139046,0.01016098698658223,0.0,0.011406760642247748,0.017021658208860316,0.015460679295216127,0.0,-0.01169607459455576,0.0017049875573365767,0.011223409903988575,-0.006514650668730761,0.0,0.0018484069007753997,0.004166653606717868,0.0,0.0,0.03651522603603044,-0.008620692705512478,0.00980405523773157,0.0018265407132951013,0.011049432708908248,0.012345829869800089,0.0,-0.015345522620258336,0.0030605931518412097
2023-12-12,-0.012195258143629456,0.04491262751864487,0.00172838903387322,-0.0018166405262045116,0.002444966158858284,0.0022073024675846134,0.0,0.0,0.021661312011066622,0.004421538004565112,-0.002522073644441189,0.0037313806093721446,-0.0028693545105551582,0.002148160715995474,-0.00702739634383218,0.012739140638163175,-0.02162244805467976,-0.008460246225017617,0.007547208681200994,0.0,-0.03433807783405493,-0.011220394965407965,0.0,0.011696074594555645,0.00509767366794064,0.002229598360019723,0.0,0.002015999112812801,-0.0018484069007753188,0.0010390651199073395,-0.0078022860533353494,0.002392378591978284,-0.020121387941756264,0.0,0.0,0.009082659967473533,-0.0507151466446134,-0.02484598653178412,0.0,-0.010362840975711541,0.0005045639944380302
2023-12-13,0.0,0.0033728018046347147,0.0,-0.0018198432981276977,-0.00612369236841611,0.0,0.0023502765600922726,0.006733975750447623,-0.01438867742006707,-0.011834413222254838,0.002522073644441146,0.0009306737037134856,0.008583634696076177,-0.0021481607159954084,0.005625936984193677,0.012578780771100933,0.016260508838567188,-0.014548786257560089,0.00749067472951582,0.005655357634239492,0.09966741436479874,0.008427077005032896,0.02020276658894318,-0.023530567902242425,0.0016935219145872691,0.008869474413791028,-0.019802707183864215,-0.005047958673595656,0.003693502822338468,-0.002078993097148953,-0.010498772603563543,0.00476765491998399,-0.024692655422250995,-0.004338376101107962,-0.004889948817574677,0.025001413858061393,0.07245550599500804,0.09588172679073986,0.0,-0.010471289668082716,0.0006355738304080155
2023-12-14,0.006116219496761954,-0.0027174849091562182,0.003448420546460215,0.0018198432981277454,0.006123692368416144,-0.002207302467584681,0.009345817565008534,0.006689025686854011,0.007220217741528658,0.007412875217689722,0.002515728787814117,0.0,-0.001257089696197959,0.012820502499727054,0.008379889920040797,-0.004175257036356466,0.026526735118087924,0.0,0.0037243508789067017,0.016775385301517853,0.08701136889824106,0.0,0.0,0.014388784002027746,0.008424605719847659,0.0022049005703404898,-0.006688957315952048,0.00906812194357443,-0.0009222715402193813,0.008290164238744539,0.0052630599966927765,0.02234072746533084,0.02061937363777494,0.017241932781034235,0.0,0.022668726568976262,0.03174874397942956,0.03922079502233396,0.0,0.010471289668082591,0.005660567099556622
2023-12-15,0.01812736257094147,0.0033955324565786366,0.003436377548505968,0.005439742896433534,0.006086483738951515,-0.005540158300762359,0.002322979354155596,0.0,0.0,-0.007412875217689771,0.019901187098674143,-0.004662054313085572,-0.0029455253933790625,-0.002125332462816691,0.008310324011754291,0.02479465303446342,0.0,0.010291635677858346,0.014760422136376678,0.014679323045937021,-0.025689396448289503,0.0,0.024692577925662637,0.0,0.006689151316183271,0.004395614000501038,0.0,-0.0020081143594749746,0.018282119761035127,0.0061728305123556594,0.023347561842782628,0.03091253782468988,0.004073281784475831,0.008510526130125828,0.00244796335573933,-0.005185933181311662,-0.042560505249468195,-0.011049897074858213,0.0073800364271115896,0.025708363595969896,0.004241566150319622
2023-12-18,0.0,0.010118217294595456,0.018692136572307574,0.003610227473356284,-0.0012142863868546884,0.0,0.009237957884122263,0.032789461992445534,-0.007220217741528678,0.027881408104976108,-0.012391752630245804,0.002799839945195953,-0.0029540727960147856,-0.015005495228818593,0.0,-0.008196765375204647,-0.026526735118087917,0.018597234120318988,-0.007352977557705073,-0.007312677400926511,0.022059768540554015,0.005578785272462673,0.004866098928839536,0.0,0.0016652374958257593,-0.002195334324889353,-0.03413284577132513,0.0040120988253622885,0.007220160890884716,0.0040941526642332355,-0.010309563182576377,-0.013621224697807315,-0.016393838094274138,0.016807352800693894,0.00244198546183544,0.0017317827779031031,0.09333200368188369,0.06453849193137244,0.0,-0.015345522620258336,0.0019332923632707818
2023-12-19,-0.006006016808113662,0.0,0.0033612970481486913,-0.003610227473356287,-0.0012158886877842547,-0.002224797015726692,-0.002301593984700845,-0.019543977675963945,0.0,-0.0014481537731275674,-0.010025163256242454,0.0018622143678896294,0.0058995981893938095,0.0021575399454342075,0.006872913511557834,0.0,0.036943488568978874,0.004178874658486928,-0.0036968140141517463,-0.0018363835317807087,-0.02578420681795467,-0.014005862277495593,-0.009756053193240754,0.0,-0.0033334177335006456,-0.01104990007491878,0.027399020557647213,0.0010005409320269242,-0.005410227534399924,-0.005120315278222597,0.0,0.006833774683288742,0.03651522603603044,0.004157874673169728,0.004866153528696504,0.0,-0.03526732679761136,-0.021053399876705063,0.0,0.02040885096726093,0.000266135308342605
2023-12-20,0.0,0.0033498619051329573,-0.01011797717166186,-0.005439742896433597,0.003642988758167165,-0.0011141648974235553,-0.004618892581743612,0.019543977675963945,0.0,0.001448153773127547,-0.007585319452246427,0.00833740970883597,0.0,0.006444611244147,0.0,0.008196765375204619,-0.005194813192711741,-0.0033416073782410434,0.003696814014151806,0.010968929520082247,-0.018832868520809013,0.012614028624974809,0.0,0.0,0.0033334177335007107,-0.0022247545848242695,0.0,0.0,-0.001809933356484797,-0.0010273243226897929,0.0077420175438155416,-0.007977241375459581,0.007936563260027372,0.012371218625445558,0.0,0.0017285983517692624,-0.03655801677095145,-0.03794494745491672,0.0,0.029852933673168932,-0.0007576097206103048
2023-12-21,-0.01823756525958966,0.0033390148374672947,-0.01709455782073378,-0.009132516710491612,-0.006079083973598798,-0.00895860358132435,-0.011641628290036647,-0.019543977675963945,0.007220217741528658,-0.002898484465162933,-0.0025414311420263115,0.011009192187092415,0.0,-0.004291825997672956,0.0,-0.0206193959981071,-0.0052219402581793525,0.0,-0.011131795457578203,0.003629734592443841,0.007575780062096045,0.004169702801502703,0.004889954264401261,0.011834507737524959,-0.0016652374958256875,0.006659354225184871,-0.006779919480544226,0.0,-0.005449538622860858,-0.024975169268210445,-0.007742017543815566,-0.0011447757052024518,-0.019960727152429324,0.0,-0.004866153528696445,-0.0017285983517692364,0.010581651983066319,0.03261163600119218,0.014598843846104199,0.0048899502998191275,-0.006150479636300255
2023-12-22,0.0,0.003327818926876466,0.0,-0.005519708651886771,-0.007343905817297131,0.0,-0.0046949165068976865,0.0,0.0,0.0028984844651628807,0.005076226363416259,-0.0018265946973232126,0.0,-0.012987227086095288,0.006825926347797692,-0.008368134339253428,-0.005249352123982278,0.0,-0.007490674729515791,0.007220277935050536,0.0,0.00138583782619493,-0.00488995426440129,0.0,0.0033277065851494312,0.0,-0.006825844504002021,-0.0010005409320269954,-0.0009111506997834875,0.0,-0.0025939809995419037,0.0,0.012024163892402058,-0.012371218625445494,0.002435909801665072,0.0017285983517692624,-0.010581651983066235,-0.010752786566145783,0.0,0.014528176477199803,-0.0008247201033665781
2023-12-26,-0.01234589854519108,-0.00332781892687645,-0.0034540857568998848,-0.0036967699309548704,0.013422989790895984,0.0,-0.0023556233965250713,-0.013245484316481591,-0.007220217741528678,0.0028902600973923893,-0.0025347952213900667,-0.000914314359304841,0.0,-0.006557416637241805,-0.0068259263477977155,-0.00843909740210209,-0.010582101686145007,0.01247414699419772,0.0,-0.0018001157073266635,0.037041295276667635,-0.004163706975176972,-0.009852417007139458,0.0,-0.0033277065851494893,-0.00516671356876678,0.0,0.0010005409320269242,-0.0018248941940220377,-0.02561494085799853,-0.0026008651810143185,0.0,-0.0039920777678692865,0.012371218625445558,0.009685486745282251,-0.010416697012870199,0.010581651983066319,-0.0054200321689162265,-0.014598843846104223,-0.009661901070525334,-0.002478333300893051
2023-12-27,0.006192040584334697,0.0,0.003454085756899875,-0.0018536804231942335,0.0,0.001124185468851041,0.0023556233965250687,0.013245484316481563,-0.007272634590999496,-0.0014440476510515425,0.0,0.0018280758144226489,-0.005899598189393859,0.008733627421509477,-0.0013707943255174587,0.004228450970254503,0.005305048387273902,0.003300383246615539,0.00749067472951582,0.0018001157073266984,0.007246306614846906,0.0013898294881534074,0.0,0.0,0.0016652374958257593,0.006733947838464923,0.0,0.0,0.007279484612551671,0.0,0.015504409363132531,0.0011447757052024934,0.01192864102789673,-0.008230450553370431,0.002406534007569835,0.0,0.005249804867580811,0.0,0.014598843846104199,0.014457979472731598,0.0023682912317241843
2023-12-28,0.01227007745761822,0.003327818926876466,0.0068729679676568164,0.012903346765708016,-0.0024271000703828247,0.001122923094892298,0.007034197442881527,-0.00013155150669830396,0.021661312011066622,0.0,0.0,-0.0018280758144225587,0.0029540727960149166,0.004338486119033317,0.001370794325517597,0.0,0.0,-0.01996735425371683,0.0037243508789067017,0.0,-0.010889425692393912,0.0013880396608283744,0.004938372659807908,0.0,0.003322260963989457,0.004464160815475089,0.0,0.0,-0.0063665720710915676,0.017149321231801615,-0.010309563182576377,0.0,0.00394473623912145,0.0,-0.0072374882060869325,0.0,-0.005249804867580783,-0.010929064791022656,0.0,-0.009615389898427319,0.0021912569575565414
2023-12-29,-0.006116219496761921,0.0,0.001710742690783059,-0.0018331877596722559,-0.0012158886877842547,-0.0022471085637431544,0.0023336962928748113,-0.00673412355983771,-0.0071684596785383855,-0.0014462124463407843,-0.0025414311420263115,-0.0018316126888683782,0.0,0.0,-0.0013707943255174587,-0.00847474185170561,0.0,-0.011834535623892974,0.0,-0.0018001157073266635,-0.01470603117032444,-0.006959125180609783,0.014670097540572427,0.0,0.0,-0.006703852647518211,-0.006872757058394286,0.00399197300387612,-0.0036562665407159274,0.004241657319920828,-0.0025939809995419037,-0.004587227613225455,0.0,-0.016667064476009505,-0.012180391166004835,-0.0034967430896048865,-0.010581651983066235,-0.011049897074858213,0.0,0.0,-0.0018886913796153193
2024-01-02,-0.018576362446862577,0.0,-0.0017107426907830088,0.0,-0.004878012853260659,0.0033688961591569733,-0.002333696292874936,0.006734123559837655,-0.007220217741528678,0.0014462124463408405,0.005076226363416259,-0.007359708570992437,-0.005917207625309147,-0.010881377891840587,0.0,0.012685388283553133,0.015748345681032644,0.000850008815933559,-0.00372435087890663,0.008968730188359229,-0.003710618292682699,-0.0013975292408347157,0.04276205801521703,-0.011834507737525089,-0.006655678697490241,-0.020385619082665254,0.0,-0.005994056952797253,-0.006430910704893518,-0.012779668214998735,-0.010444017660664282,-0.002301589314330352,0.011741886619138301,0.008368421730764885,0.00244796335573933,0.0,0.0,0.011049897074858163,0.0,-0.00484258957430429,-0.0010730312943280863
2024-01-03,-0.012578686775223415,-0.013377987105420272,0.010221589853076923,-0.007366437828456548,0.008521001611427872,-0.0033688961591569686,-0.002339280935983841,-0.00673412355983771,0.0,0.011494336207902515,0.012578739493690453,0.004606125934662848,0.0,0.00871448763820435,0.014976441450403489,-0.016949787070010724,0.0458095659413603,0.006773981165230542,0.0037243508789067017,0.010657100837451841,0.068249110998016,0.020762036128402044,-0.009346150100269025,0.0,0.0,0.0022856472605010205,0.006872757058394241,0.007984083371909154,-0.006472635115999553,-0.008611310336723724,0.002621386882454935,0.00917444428907268,0.08571343558776126,-0.008368421730764781,0.009732427810265563,0.0034967430896049724,0.036558016770951544,0.06899286708538972,0.0,-0.014670205169779224,0.006359215402013434
2024-01-04,-0.00634937913333053,0.0033612914359437843,0.008438740936653463,0.00919962558812862,0.003629702996740706,0.015625170768770083,0.004672977228858685,0.006734123559837655,0.007220217741528658,0.014184600953838595,0.0,0.010969033781282708,0.0,0.015070217206130668,0.0026990416395380854,0.004264398786457518,0.019705117165777313,0.0016862650597870416,0.018416881313911372,0.007042405916459533,-0.013986216746134587,0.0,0.036870760545802336,0.0,0.0033334177335007107,0.0022804349882535515,-0.013793256573100859,0.03515996109499944,-0.022515053667909395,0.020332332939287063,0.0026143257244157963,0.0045560582611961255,0.06899298954456609,0.04518217483374462,0.00241836286834973,-0.00174684314405172,-0.015504171634804215,-0.005141427770243849,0.0,0.019512794744083465,0.010130623221119487
2024-01-05,0.0,0.04269937739518821,0.00836831089112177,0.007299328950819283,-0.006056803067123528,0.0033169354089433033,0.00928076412076442,0.006688986924128533,0.007168459678538379,0.025036149960478517,-0.0050124864750198325,0.0,0.011799531268275949,0.008510638845677945,-0.002699041639538139,-0.00426439878645754,0.07966739837027229,-0.00761102752474697,0.021661312081215193,0.0,0.03800109208258417,-0.013793421367785826,0.004514651637916683,0.03509132238700782,0.0,-0.009153346815584856,0.034132845771325145,0.007648028076346259,0.0018959164219299735,0.004228316452234881,0.007802286053335377,-0.003415140950496341,0.07076895283059262,0.027724595102416108,0.01676698403326465,0.008703159027249687,0.05077149843241548,0.010256495110902906,0.0,0.0048193114962210605,0.006981768270101488
2024-01-08,0.01265838177137432,0.012779755804949472,0.004987559168875972,0.0018166405262045498,-0.0024331313906036517,0.0,0.006904497568419074,0.01324504397644808,0.021202210869103552,-0.004129477978817241,0.0025094157749872845,0.013544251151441332,0.008759225455217115,0.037426603652256286,-0.004062343142515354,0.021142664372907852,0.013422954732700079,0.001696413137982057,0.024692577656320137,-0.003515003535904232,0.02345157886527179,0.0027738774870234,0.05690799155726294,0.02272827619823407,0.006633439316521769,0.00458726456683024,-0.013513744694222124,0.0038023405879130377,-0.003795331729870973,0.007356804221690039,-0.005194846180556148,0.0034151409504964126,0.06609015301188052,-0.007843130891885992,-0.0047620021593264865,0.0017317827779031031,0.0,0.0,0.0,0.0,0.005423496601092386
2024-01-09,-0.00630900263804386,0.006329189227077836,0.0033113038545098503,0.007233329843585368,0.0012172427028193916,0.004405251596220413,0.0068572133535752715,0.0,-0.0070175434654860145,0.004129477978817218,0.0,0.0,-0.0029112252410631017,0.0,-0.002717377634572993,0.01247417140122024,0.004434648813844724,0.008438894969706616,0.0034784982403674616,0.010508067459198736,-0.003316624531724198,-0.016760080219141115,-0.017167696165104288,0.022223160801181956,0.0033003320861216268,0.0022856472605010205,-0.006825844504002021,0.0018958122080514205,-0.004763919326454661,0.004179715194717355,0.007782184283653637,-0.001136965802469868,-0.011696060112383963,-0.007905237605065847,0.011862508742887476,0.008613139141551996,-0.014962870541512666,-0.015424493832123038,0.0,-0.004819311496221174,0.0020904823926672267
2024-01-10,0.0,0.012539219326808557,-0.016667173914507612,-0.005420189228461977,0.0012158886877844041,-0.011049792279459333,-0.018391295299258627,0.0,0.0,-0.0027509683563358926,-0.00754721820724247,-0.000897178791793184,-0.0029196489501283804,-0.006141387346137451,-0.0068259263477977155,0.004123716258038626,-0.008889051371224305,0.008368141628308373,-0.010471537326889676,-0.006993063923294464,-0.03378701889206646,-0.01418466627393233,-0.01307210690991493,0.0,-0.0016488453178885383,-0.006872911827331339,0.0,-0.007604607761893553,0.007611742157678135,-0.01470619025620676,-0.002587338103097469,-0.0034190924587262895,-0.005899732482398965,0.0,-0.002361320239049976,0.00853996129227802,-0.025446293266995355,-0.02624824561411641,0.0,0.0,-0.00801827053025614
2024-01-11,0.0,-0.006249995411621671,0.0,-0.005449624439455651,0.0024271000703829358,0.0,-0.002322979354155713,-0.0066005024682004275,-0.01418466740361761,0.006863391532181968,0.002522073644441146,0.005371406379243273,0.005830874191191396,-0.039795855151796664,0.0,0.0,0.0,-0.0016679149007397308,-0.0615020828438314,0.008733645713557904,0.0034305709452585004,-0.017291477532425145,0.013072106909914921,0.0,0.0,0.015963965190382522,0.0,-0.003824151127496553,0.0,0.0,-0.0078022860533353494,-0.0011421606693461297,-0.0029630071378862503,0.003960377885060409,0.0,0.003395505896175559,0.005141837010896702,0.0,-0.014598843846104223,-0.0294138556963074,-0.00259944074409172
2024-01-12,-0.012739250082573074,-0.01261841314226473,-0.005054599632136148,0.003636483824332186,-0.0012128136835282495,0.0066445406832388474,0.0,0.006600502468200444,0.014184667403617537,-0.0013690018894036958,0.002515728787814117,0.0008925585801869991,0.002902774604414515,0.004264373267210102,0.0013689178204436556,0.0041068925999422565,0.05218582454543274,0.0008342046635758286,0.0074349814434263965,0.0121004334536973,-0.024264792027289473,0.005797086924972874,0.017167696165104315,0.01092904804832649,-0.004962665120765452,-0.025201870351593415,0.006825844504001961,-0.009624699126469117,0.002839532039477882,-0.004241657319920887,0.007802286053335377,0.0011421606693460488,0.08800012596367121,0.0,0.0023613202390499397,0.003384015440791124,-0.010310175093970936,-0.01069521970227257,0.0,0.01970499071532876,0.002922203490912343
2024-01-15,0.006389870949242659,0.025079662284650067,0.013422910523257935,0.010830366580895185,0.007255165580113008,0.0022048687911644777,0.013857061299839062,-0.0066005024682004275,0.0,0.0,0.0,0.0035619226143661065,-0.005813999845477633,0.01268529866471734,0.012236729304442417,0.004089872775262322,0.01680710604491395,-0.005016574116391707,0.003696814014151806,-0.00344231219832011,-0.028471625538514896,0.004325957311529044,0.02105348589203865,0.0,0.004962665120765461,0.03868505213989191,0.0,0.015355305219894767,0.002831695067997135,0.007411328159720409,0.0,0.003419092458726347,0.03995195514602177,0.01178799061189135,-0.002361320239049976,-0.003384015440791152,-0.02094233813475878,-0.010810910486513949,0.0,-0.0347428839729882,0.009215558038053028
2024-01-16,0.01265838177137432,-0.006211253730763727,0.0016653473880953074,-0.003597036737309825,-0.006042351896584888,-0.002204868791164548,0.0,-0.013333528432376137,-0.01418466740361761,0.006825984776094296,-0.005037802432255341,0.0,0.0,-0.01268529866471746,-0.0067797207770883584,-0.008196765375204647,-0.04691693920928179,0.003347065521862903,-0.0036968140141517463,0.0017226832966859525,0.010772122320183404,-0.010123044236502014,-0.008368196877653439,-0.010929048048326593,-0.008284926084754975,-0.004474263329185581,-0.013698601562396369,-0.003816652158165458,-0.0047237182088277286,-0.007411328159720318,-0.0078022860533353494,-0.0011386176625735323,-0.04813758753735725,-0.015748368496951933,-0.007117539101680242,-0.013652006063364705,0.010525953308425332,0.010810910486513952,0.0,-0.010152424514220977,-0.004834759754270415
2024-01-17,-0.012658381771374369,-0.009389742578627312,0.0033222117807806214,0.0,-0.0048602314609864795,-0.0011043823824765748,-0.0022961240615610406,0.006688986924128533,-0.01438867742006707,0.0,0.0,0.0,-0.011730323857120722,-0.01284795528338426,-0.013698839859355497,0.024391447725380957,0.013015412499688916,0.0,-0.014925656172942219,0.0034363057554097146,-0.007168476855049074,-0.017595667428230544,-0.016949555650829406,0.0,-0.0016652374958256875,0.004474263329185536,-0.006920499514706666,-0.0019139539352601989,-0.010471377213409011,-0.006396580305488822,-0.010498772603563543,-0.0068569655815943166,0.03499680322363229,0.011834388202857465,0.0,0.0,-0.026526355693929138,-0.02724972775264414,0.0,-0.03109055709683427,-0.0017822201903724003
2024-01-18,-0.019293179548439385,-0.003149476748181132,-0.015037930873137925,-0.00180353576204244,-0.0036607701504413003,-0.0033203613548173035,-0.009237957884122336,-0.006688986924128445,0.0,-0.001361402494209045,0.002522073644441146,-0.008928708782003313,0.0,0.006444611244147,0.004129443203780527,-0.016194682350176258,-0.08544519741717671,-0.0058649227966156335,-0.0037664338669960245,-0.008613284201930683,-0.010849952079981314,0.0,-0.004282740674572196,-0.022223160801181873,-0.006689151316183234,-0.018018436308879653,0.0,-0.007692252899434219,-0.011549866893323548,0.0074587103350823025,-0.0052909766701550185,0.002290863423924859,-0.05715841383994864,-0.011834388202857388,0.0,0.013652006063364657,-0.02174035935039456,-0.005540144599750792,0.0,-0.015915472759097746,-0.00809992825152088
2024-01-19,0.006472506609618479,0.0187504730575721,0.011715719092357297,-0.0018066917113138852,0.0024419176378289993,0.0011078083283505237,0.009237957884122263,-0.00673412355983771,-0.007272634590999496,-0.00272845010731324,-0.002522073644441189,0.007149241630830467,0.00881067490699247,-0.006444611244147042,-0.00550969785782349,0.012170423166013867,0.023202822770835668,0.0033555567326578237,0.0,0.012038096353276283,0.0144406579004163,0.0029540849656262917,0.046129894766919255,0.0,0.006689151316183271,0.01129956976648985,0.013793256573100838,0.007692252899434209,0.015370264487953818,-0.002125389378977395,0.0,0.0,0.011142127498827231,0.00790523760506585,0.0,-0.00339550589617561,0.010928598080355933,0.0,0.0,-0.027101869286158087,0.00484898610763743
2024-01-22,0.006430801989578305,0.003091141119064339,-0.006678000916962488,0.007207264210666173,-0.0024419176378291255,-0.0022171522658903605,-0.002301593984700845,0.0,0.0,-0.005479553461014368,0.0,0.0017794671511728434,-0.0029283512640255966,0.017094220861852104,0.0013802546540429062,0.0,0.04922696214665221,0.0,0.014981459475418442,0.011894722043484286,-0.0071943512855692756,-0.010378039737209046,0.024292737141482893,0.0,-0.0050126639926000496,-0.009029488595225496,-0.02076198335191965,0.003824151127496638,0.00475506319684866,0.011634243271810429,0.005290976670155054,0.0,0.05129335276230355,0.05365269944475578,0.007117539101680242,-0.0034073256660853033,0.010811761270038803,0.016529327121891684,0.0,-0.005509684423998809,0.003237517028603209
2024-01-23,0.0,0.0,0.008340393352744665,0.00537156291426959,0.0012217041889481608,0.008839813940331936,0.00230159398470073,0.006734123559837655,-0.007326103032476479,0.004112423175846047,0.0050378024322552195,0.0017761234135333416,-0.0029367982495877385,-0.008510638845677862,0.012337304383831297,0.012024191654856261,0.013015412499688916,-0.0008376994579049057,-0.00372435087890663,-0.0033841570673652987,-0.014545685664106495,0.011851926962512756,-0.016129478388200724,0.0,0.005012663992600069,-0.009111527274235434,0.020761983351919557,0.0019064549659291235,0.005676593048749925,0.005243825743502906,0.0052630599966927765,0.0011434666921707535,-0.013245217181139884,-0.015037988491660074,0.0023613202390499397,0.0017051453894994634,-0.016260505742097555,-0.022100403125721948,0.014598843846104199,0.0,0.003293976845041905
2024-01-24,0.0,-0.00930239484982792,0.016474865495675256,0.0017840269130720114,-0.0073529691714535024,0.0010995253307223122,0.004587049455483035,0.0,0.007326103032476488,-0.0013690018894036958,0.007509434468428353,0.007073477741394044,0.0,0.004264373267210102,-0.0027284266059190345,-0.003992020835720842,0.021322701297403202,0.0016749667381507896,0.0037243508789067017,0.003384157067365368,0.003656259971712504,-0.005908405062431975,0.05535003943413161,-0.011299532020990306,0.01159900889846928,0.0022856472605010205,-0.02076198335191965,0.0019030275860572386,0.008454520391115626,0.0031330379101982,0.002621386882454935,0.00796816110337345,0.0417815423001239,-0.0037949477820104884,0.0023555734718834153,-0.0017051453894994868,0.010869275471119847,0.0055710760038304346,0.0,0.02724964907840856,0.0053262999774761465
2024-01-26,0.0,0.0,0.00975620961722752,0.0,0.001229276803037387,0.004385930438048311,0.0,0.006688986924128533,0.00727263459099943,0.002736132174572047,-0.010025163256242454,-0.0008815441779815562,0.008784798463741667,0.014783869021332564,0.004089962081443365,0.0,0.03319804717902351,-0.002513638177111741,0.007407444578671581,0.0016877935058293787,0.025226564221902493,-0.007435069421068217,-0.011605569054783941,0.0,0.001646049773736429,-0.006872911827331339,-0.021202384964176483,0.0018993130018557034,-0.0009357793647703839,0.0,-0.0026213868824549076,0.004524839137374496,0.015228747054820175,-0.007633579193297183,0.0,0.0,0.026667781097326218,0.02739899403479715,0.0,0.010695278476526359,0.001448358073399737
2024-01-29,-0.0064308019895783835,0.015456313555306328,0.006451537894971957,0.0071049519070752855,0.009780001032728677,0.009798660884630472,0.009111697906257174,-0.013423110483966206,-0.007272634590999496,0.020284584738873027,0.007528215262833919,0.0,0.0,0.002094175580211535,-0.0027248545790729993,-0.004007911634972989,-0.0289874653531773,0.0008386714389609665,0.007352977557705211,0.005046265949863507,-0.025226564221902593,0.004467612365854178,0.041910915712289026,0.022472809902459576,0.011447503666737224,0.03833628932239787,0.021202384964176514,-0.003802340587912967,-0.013195334075095303,-0.002087673846559585,0.002621386882454935,0.0011282244570591212,-0.005050587246255592,0.04128151379912974,-0.004716893710933537,-0.0017077435699638735,-0.0159154540980362,-0.010869666912905538,-0.029413692557543714,0.005305014183862537,0.006029786721277777
2024-01-30,0.019170052072151507,0.0,0.0,-0.0017714858844191065,-0.0036563086643126106,0.0010828568587674758,-0.0022701223815774136,0.006734123559837655,-0.007326103032476479,0.0,-0.0050124864750198325,0.0,0.008708372731899264,0.0,0.0,-0.020284555125438645,0.004192927137071648,0.0008376994579049764,-0.0036696813617952124,-0.0016792907671935365,0.003643119077546957,0.014749489447316938,0.007435023577386087,-0.01117327788146925,-0.014742398758362125,-0.011123713840859218,-0.007017630930709526,-0.0019064549659290918,0.0037879395627604057,0.0031299877225539163,-0.010526611076750434,0.0,0.06136884625146692,-0.003683223795079579,-0.009501188503837426,0.0,0.0,0.005449634743989389,0.029413692557543697,-0.026811197893073783,-0.0017436547217388881
2024-01-31,-0.012739250082573074,-0.024846056133933758,0.001606401897041451,-0.007117492935728183,0.0024390659614932212,0.002162082828507939,-0.002275287565026628,0.0,-0.0073800757121448585,0.0040080327207942835,0.0025094157749872845,-0.0026965898726060127,-0.008708372731899271,-0.012631779023076283,0.002724854579072949,-0.0041068925999422495,-0.021142579053508304,0.0008372672802459431,-0.00738011021006173,-0.005054768688499357,-0.0036431190775469023,-0.008823503250870219,-0.0074350235773861335,-0.011299532020990306,0.006578969492867589,-0.011248610291156279,-0.02857333130373802,0.022642501504707303,0.008470738644267289,0.0,0.005277156667018911,0.0,-0.02166132701948432,0.0073530285193360925,0.014218082214771015,-0.003424892056228853,0.0,0.010810910486513952,0.0,-0.005449565356781578,0.00015201651877554112
2024-02-02,0.012739250082573155,-0.003149476748181132,0.0,0.0035650787927092573,-0.007334990793214195,0.008602241706271293,0.009070373813835205,0.0,0.0,-0.0013343679402327985,-0.005025144562801371,-0.009041606658526696,0.0029112252410630826,0.029229782020350523,0.0,0.008196765375204619,-0.04367503508756643,0.000836432474919492,0.025595508938228068,-0.0033841570673652987,0.007272746985282379,0.001475988695895392,-0.011257083525495029,0.0,0.0016381229992155379,0.015712771106631242,0.028573331303737903,0.01297510004612874,0.00746969856157059,0.0020810476051059687,0.0052494544097314915,0.0,-0.042242347913208286,-0.0036698047242563667,-0.009456080055444465,-0.005158988738143588,-0.016172857998350845,-0.005390878317597765,0.0,-0.005479494064943333,0.0023765677892343545
2024-02-05,-0.012739250082573074,-0.019108945032027407,0.0,0.001777683680193956,0.0036742206427728356,-0.0021435439736627337,-0.004524963867231082,0.0,-0.014925682514607849,-0.001335797478659996,0.0,0.009041606658526581,0.0057971474908362205,0.004106756994023266,-0.004089962081443279,0.008130124283895337,-0.027150970765587267,0.0033388851404853024,0.00719427874759336,0.0084389257558646,-0.0036296279077355368,-0.014859222923510478,0.003766458951154834,0.022472809902459576,0.0048979269295523105,-0.015712771106631256,0.007017630930709548,-0.011111091030115917,0.0,-0.00208104760510603,-0.010526611076750434,0.0033763503264800294,-0.05209507352324849,-0.011090522603334036,0.002372338863810994,0.0,0.0,0.010752786566145756,0.0,-0.027857030732059813,-0.0034611189202782564
2024-02-06,0.012739250082573155,0.028528088948714406,-0.003215298231539702,-0.0035587355598311,-0.001223261969910163,-0.0010735569187093803,-0.004545409946603977,0.0,0.0074907360839914896,0.0,0.002515728787814117,-0.005415184675104383,0.0,0.0020471233960764924,0.005449501533803501,0.0,0.00457672058220303,0.010775054619078482,0.0,-0.0016822055332742143,-0.03327477310119115,0.008942002873939583,0.0,0.0,0.004874134262791816,0.009008918459113035,-0.021202384964176483,0.0037173335466759634,0.01385686635152016,0.0020810476051059687,0.0,0.003365340623214066,0.034168857417691066,0.007407298808254375,-0.007134341023137369,-0.005185933181311662,-0.01092859808035582,-0.027101883526084742,-0.02197888027321582,-0.022858044515487206,0.001084551131043997
2024-02-07,-0.00634937913333053,-0.006269667168505881,-0.0016116698293593007,-0.001784026913071924,-0.0012246967009968957,-0.002150577609607872,0.0,-0.00673412355983771,0.0,0.0026701654188926514,0.0,-0.003626421983422284,0.002885944487875449,0.0061161379345692456,-0.006816547979714136,-0.016326889659100122,0.02257425018338433,-0.004130477309908765,0.007142890581625036,-0.020408774203830585,-0.02281472962499352,-0.00894200287393968,-0.003766458951154869,0.011049882919712638,-0.004874134262791894,0.0,0.021202384964176514,0.003703760863080328,-0.01478762080015409,-0.00208104760510603,0.0,-0.0033653406232141128,0.042990167012959636,0.0,0.011862508742887476,0.003460381129672339,-0.022223606615917952,-0.02785704141516461,0.02919914997977187,0.028491891757269232,8.592268198292553e-05
2024-02-08,0.0,0.006269667168505771,0.004826968060898962,-0.003577935816532236,-0.0012262619718657285,-0.0032345632042912738,-0.004566287959653215,0.013423110483966227,0.0,0.003992102709002855,0.0025094157749872845,0.013531891790882962,0.0028777896927805365,-0.022611467949523026,0.002732153948280915,0.012269979201006566,0.02643334765053165,-0.0033168699755782324,0.0,0.0,0.00766276528071909,0.004481183186301495,0.0333982524879175,-0.022223160801181873,-0.001629951353121981,0.0,0.006968726778818784,-0.003703760863080289,-0.0018639107858908687,-0.010471250496718952,-0.00530487110399874,-0.0011241839464591656,-0.009950348649478155,0.014652287835967235,-0.004728167719749989,-0.008673156273847505,0.0,0.0,0.0,-0.005633847241782037,-0.0004957907516025735
2024-02-09,0.01265838177137432,0.0062304462209116784,-0.006441149029732813,0.0,-0.0012277675366951606,0.0,-0.004587049455483059,0.0,0.0,0.0013270737261066353,-0.0025094157749872333,0.00536195235708336,-0.005763734180655899,0.018538271256759793,0.002724854579072949,-0.004073213825801729,0.0086580562302221,0.00827150529181675,0.01061952627951175,0.0051414890051209965,-0.007662765280719058,0.0,-0.007326084533594832,0.011173277881469271,-0.0016326932289724067,-0.0022446032132042155,-0.021053584031241156,0.0,-0.004675033327045614,-0.002107582795682787,0.0,-0.0011254491584690696,0.01242251158148581,0.0036298429432029098,0.002366847480700109,0.0,0.005602654684178451,0.0,0.0,0.0168072059028392,-5.28697989307394e-05
2024-02-13,0.018692188623185974,0.006192024039037734,0.02394367761149553,0.008920698289435255,0.012210176107367741,0.01925192846148863,0.011428624980162777,0.0,0.022141125175237693,0.007926087413470695,0.01496283434802584,0.0062194737519547984,0.002885944487875449,0.0,0.004073374592059488,0.004073213825801848,-0.013015412499688763,0.0008233470553190991,0.007017669433497101,0.0,0.0,0.019188733008130412,0.003669796461164673,0.011049882919712638,0.014598754924572558,0.022223164852950512,0.02797408354594779,0.027449170697051578,0.017650233846550366,0.02087759734507241,0.01321009529829424,0.0011254491584690948,-0.017435062437328237,0.0036165230359030773,0.004716893710933456,0.00867315627384742,0.011110824957530787,0.011236068336475996,0.0,0.00554014040522159,0.012544291228234087
2024-02-14,-0.018692188623185883,-0.02184161417663634,0.004720717925215822,0.0017747304628250359,0.0,-0.004246133271804328,0.0,0.0066445415082477845,0.0,-0.003955190869580227,-0.004962797809710046,-0.0017730232205996756,0.014306395224103423,-0.0020429412418060244,0.009440268688754121,0.0040569104580936675,0.0,0.0008226036300305508,-0.003502772580050126,0.005115007412676474,-0.007722127392821094,-0.010286681966816908,-0.011049857312606317,0.0,-0.011336110342478284,-0.015504298310560752,0.006872757058394241,-0.0018066633899601477,0.024557748337178505,0.0010325198139383238,-0.007905224194295471,0.003369002281828349,-0.0050376779408640784,0.0,0.0023502826287678863,-0.008673156273847505,-0.0055393057346995725,0.0055710760038304346,0.0,-0.011111283610227738,-0.0013330541360778204
2024-02-15,0.00626968413717969,0.0187504730575721,-0.0015710684399230783,-0.005333466022656228,-0.007308187927899628,0.0,-0.002275287565026628,0.006600502468200444,0.0,-0.0013218809529139282,-0.010000036538315785,-0.0017761724163641783,-0.0028449669115715704,-0.0020471233960764968,0.006689021997858752,0.0,0.004357356269466689,0.0008221916225025419,0.0,-0.0034071266693278365,0.007722127392821015,0.010286681966816908,0.011049857312606303,0.0,0.00649344721355316,-0.008968519335607182,-0.006872757058394286,0.0036101635382578385,-0.013568662008893013,0.0,-0.0026488124725522143,0.0044742248579842814,-0.007604643830920937,-0.003616523035903183,-0.0070671763397013344,0.020690332689823083,0.005539305734699593,0.0,0.0,0.016620968034226562,-0.000621348142612196
2024-02-16,-0.0062696841371795604,0.0,0.00783086278881829,0.0017810518796371945,-0.001223261969910163,0.003186347703823475,0.004545409946603947,0.006557579735936319,0.0,0.0053762591748943885,0.0025094157749872845,0.0017761724163640573,0.011331624627326599,0.006128632920092062,0.019802865459443073,-0.004056910458093627,-0.05358431841611892,0.0,0.0,-0.010291681946789739,-0.007722127392821094,0.0058308891916827085,0.01092900164298857,0.05348864257514833,0.0016168547804920024,0.013422852770947128,0.04054581586480209,0.0071813667090835425,0.0153640695711268,0.0010314548163087578,0.00264881247255234,0.0,-0.02838908566852002,0.007220205046060801,0.016413030501501856,-0.010291624364336203,0.0,-0.005571076003830322,0.0,0.027101869286158105,0.0033769869121132506
2024-02-19,-0.00630900263804386,-0.006211253730763727,-0.0015613444975966376,0.001777683680193956,0.002444966158858284,0.0031763440931643076,0.004524963867231079,-0.006557579735936333,0.014492852332528066,-0.013495375822525142,-0.0025094157749872333,-0.0008876019633382001,0.01398616849316943,0.0060915080493545055,0.0,0.020121400995068303,0.00457672058220303,0.0016418965831619414,0.006993039086522108,0.011996559728302629,0.007722127392821015,-0.005830889191682728,-0.0072727135705583715,-0.01047127853950946,0.0,0.0,0.026145413995453122,0.0017872888683856773,0.022173779493054074,0.0,0.002642164197602668,0.009994378643044597,-0.005249300208099334,0.003590646897807402,0.006952407834234134,0.010291624364336307,0.005510126974208556,-0.0056022193437424254,0.0,-0.005361904631748262,0.0032940608838866767
2024-02-20,0.0,0.006211253730763708,0.007782197459904587,0.005314469306243879,0.006086483738951515,0.005271356115544827,0.011223393100908006,0.0,0.007168459678538379,0.00946585871699158,0.012484577303126201,0.0035460489098395444,0.008298845931980846,0.006054318108769426,-0.006557572351369893,0.04670119160317189,0.027028652740763905,0.00082003726160801,0.01039885081188811,0.005097806451257498,0.011472427387421012,0.035897543964508824,-0.0036562880724301475,0.0,0.0,0.0,0.0064307768632918885,0.014184556831014949,0.0026281849327911963,0.0010303920134097735,0.018301058656898895,0.0022075371514106595,0.031090640994845042,0.03521488586631841,0.009195698747803195,0.00849636406192804,0.010928598080355933,0.005602219343742318,-0.01449295887546425,0.16788088718724506,0.010975471002799633
2024-02-21,-0.012739250082573074,0.006172756522480221,-0.004662029751876569,0.0,0.0036342250814730037,0.002100763340686969,0.006674209148027719,0.006557579735936319,0.007117529787772133,-0.005398165726494051,-0.002484540764810441,0.0,-0.002758708792761678,0.0020100903071936815,-0.006600716990649122,0.0,-0.013422954732700157,0.0,-0.0034543749132908913,0.0016935100978815226,-0.003809662106701873,-0.005657693719619787,-0.007353018740064509,0.0,0.0016141650266448863,0.004434808908376947,-0.01290334529838171,0.0017590867886496634,0.0,0.0010293313984639006,-0.0183010586568989,-0.006637168935976371,-0.005115109423791274,-0.035214885866318345,-0.013825302832822893,-0.0016935324996671332,-0.038785132941673996,-0.011236068336476026,0.0,0.0,-0.002052736679591465
2024-02-22,0.006389870949242659,0.02431736511075356,-0.004683866114792936,-0.001768252958999747,0.002415374896035983,-0.0010496556824908128,-0.006674209148027685,-0.006557579735936333,0.02105350059411112,0.006743096520700652,0.0024845407648103708,0.011438756006977514,0.016438812111009102,-0.002010090307193591,0.0,-0.0076338318664213815,-0.032039385989584265,-0.0024619338447700095,0.0,0.0,0.03007758719759433,0.007067182753151325,0.032670756555781603,0.0,-0.003231019807136811,-0.004434808908376994,-0.013072020463053216,-0.014159543454491575,-0.006143179300312418,0.0,0.0052630599966927765,-0.002222137578353665,-0.03125259799223598,-0.010810851943868107,-0.006984660432404937,0.0016935324996670885,0.0,0.022347288940057084,0.0,0.044451772374977855,-0.0044611303868887404
2024-02-23,0.0,-0.009049760987489015,0.0031250429043615567,0.0017682529589998109,0.004813442180606484,0.0010496556824907137,0.0,0.0,0.013793263288157383,0.0080321650022366,-0.009975161528139103,-0.01676264602626968,-0.008185555649515763,-0.024440989086176756,-0.006644576117424001,0.015209726837013915,0.1387503117723975,-0.0041169392152548894,0.0,0.0,-0.03390163010944264,-0.021353099569855535,0.01769964059659854,-0.0105821542989372,-0.0048660678768263224,-0.01567781116423495,0.00655736979432248,0.005333374941555182,0.0,0.006153837155350947,-0.007905224194295471,0.004439348207626017,0.0615579370507838,0.0036165230359030773,0.00233340181873298,-0.006791218672428554,-0.011364728489057617,-0.028012989831373715,0.0,-0.03090753311056437,0.0023395571621050697
2024-02-26,0.0,-0.04335042099567965,0.0031153074270933575,-0.001768252958999747,-0.009650228474587335,-0.002100763340686945,-0.004474349197932726,-0.0266681544604143,-0.027779626266422993,0.0,0.002503070700032584,-0.010733482431875762,-0.01101952452620722,-0.014538229983336709,0.0013325086983657908,-0.01138552649787007,0.01207252254244581,0.0032947475927522173,-0.017452411838566145,0.018441391688185038,0.0,0.005738866008228818,-0.01413459673686497,-0.02150616168837504,0.006482922657318315,-0.046197411788468375,0.025807930509202496,0.007067081724286856,0.0,0.001021967793055169,-0.0026488124725522143,-0.006666668094353347,0.00990102693136117,-0.010889238810880726,0.011587832256202402,0.0,-0.023121497208340346,-0.058496250278406256,-0.007326154677196168,-0.045879615672696133,-0.0009752349457013064
2024-02-27,0.0,-0.006349362704714298,0.003105545535214495,0.005295606192541758,0.006042351896584852,0.0,0.002239737139923811,-0.03436754440542509,0.020906776197839618,-0.006688901325129384,0.004987550063295899,0.0008988627249230662,-0.011142089517057833,0.02275188338737393,-0.0013325086983657936,0.011385526497870018,0.08065789495671095,-0.0008226036300305642,0.02777948544086619,0.0,-0.003838722368870777,-0.007178797544717481,0.014134596736864853,0.0,0.0016141650266448863,0.01641302509663202,0.018928002638627043,0.0052678198429700245,0.014854023753706334,0.0010210312895921954,0.01578974927371845,0.006666668094353363,0.0219254289032504,0.039360935099013554,0.004597495650105895,0.013536442207898831,0.0,-0.006042275410780165,0.021819113552660353,0.027779592821508034,0.007210997737805992
2024-02-28,0.006349379133330451,-0.01605176789199854,-0.0031055455352144946,-0.014184585012689046,0.004807718777021664,0.0,-0.008988781042899184,0.0,-0.05675275561252386,-0.0026881944713138947,-0.004987550063296012,-0.0036004000904939584,0.0166670663745332,-0.018576430575689813,0.01061011988814648,0.0,-0.026169652503540537,0.018753169429882574,-0.017271549500897154,0.0016597804320100024,-0.015504254445274528,-0.013053107369546037,-0.021277439479829643,-0.010929048048326593,0.0,-0.004662054933891896,-0.018928002638627046,-0.04111389611149001,-0.006962707626435965,0.0010198831083552127,-0.015789749273718474,-0.002217210629272299,-0.03431709054048835,-0.01413442735220042,-0.006904465207616694,-0.016949331167362195,-0.017699560667042254,0.0,0.0,0.0,-0.008510633445032648
2024-02-29,0.018809150676894863,0.02556071788907549,0.0046547091197601176,0.0,0.019002892476074607,0.002100763340686969,-0.006795086248808544,0.0,0.014492852332528066,0.005369181922654949,-0.0050124864750198325,0.009869917610430393,-0.019472131875073385,-0.006269628391895607,0.0026351732199266556,0.022388887620308256,0.011299593287780275,0.008846045603945982,0.0,0.0033113190432059875,-0.019724422005070682,0.02166147220195773,0.003577798883231055,-0.022223160801181873,-0.008097087683963203,0.011614487118877017,-0.0063899345420901504,0.02700429919351122,-0.0026234941238779835,0.005083765022798789,-0.013351406825030322,-0.004449457465080977,-0.015075750996176402,-0.010733586925774736,0.004608509363695474,-0.0068611745558549595,-0.011977127691588233,-0.02454109715542226,-0.044124750242026674,-0.041964360902590404,0.003777801776955699
2024-03-01,0.006192040584334697,-0.019108945032027407,-0.018750528820964677,0.0017840269130720114,-0.009456308176882363,-0.008429780198593743,-0.009132500918601726,-0.00701766784383457,-0.007220217741528678,-0.005369181922655008,0.005012486475019772,-0.016201910278371107,0.008391701111483438,-0.021187213060569823,-0.009253152698633712,-0.011131838119960354,-0.026567149320590108,-0.012082343511426112,-0.0246925776563202,-0.009967034290771394,0.015810577625055295,-0.010050372761953287,0.0,0.011173277881469271,-0.0016273793367267437,0.002306856684353813,0.00638993454209018,0.0035461535109094617,-0.018559836997645997,-0.006103648131153896,-0.01081090449630867,-0.006711293518029079,-0.007623843932703445,-0.010850047989263699,-0.011560917197929618,0.020443581199768416,0.0,0.0,-0.015151849974747215,0.023530678705435105,-0.008687606539485622
2024-03-04,-0.018692188623185883,-0.016207868399757967,0.017201365236418915,0.0017810518796371945,-0.007151396007123065,0.01574817951015867,-0.01385706129983919,0.0,-0.029413759766237085,0.005369181922654949,0.017348730471577044,0.012624052649739655,-0.0027894164983638782,0.004273484915977031,-0.0013288962295741685,-0.018832944470940496,0.02656714932059022,-0.019640601824337085,0.017699538569798022,-0.013445456872629657,-0.019802739044917833,-0.0072411047704719405,0.01769964059659854,0.011049882919712638,-0.014766506189868508,0.004597691228345996,-0.012820711405382098,-0.008888933266915566,-0.0008925441040891351,-0.0010210312895921959,0.002713720889522223,0.0055960041246313095,0.005089015251477773,-0.018349127935919803,-0.002328454864457518,0.005046237789267117,-0.006041360781191514,-0.006230509167756976,0.04478364134130963,0.0,0.0008124031552975136
2024-03-05,0.00626968413717969,0.019418090623111603,0.012326884729042519,-0.003565078792709242,-0.002395188292069143,0.0031202993229311787,0.00464045067183359,-0.007067069318464628,0.0,0.0,-0.02739901937885227,-0.018996487520246626,0.008344870404478384,0.04175978711217827,-0.003997459701064066,-0.0038096315272775766,-0.01890418693082413,-0.012474146994197665,0.006993039086522108,0.008424706425176622,-0.012072511217747295,-0.0029111581392799652,0.003502521989727835,-0.022223160801181873,-0.0016543005557062213,-0.02320298720415979,-0.006472568435089764,-0.0035779666490837474,-0.0062696335894240895,-0.008205136346870045,-0.01915246592077119,0.004454411623969358,0.002534828681225605,0.0,-0.007017399297342928,-0.005046237789267155,0.0,0.012422513508291315,0.0,-0.009345910624352704,-0.0014888513518234207
2024-03-06,-0.0062696841371795604,-0.006430864716830862,-0.003067612567939406,0.0017840269130720114,-0.003603542487028955,0.001037786866143093,-0.004640450671833598,0.007067069318464498,0.007434946430616314,-0.009415001750538988,0.010050288907275117,-0.0009137379367794354,-0.005555453906114357,-0.014418339701357929,0.001334215521198819,0.011385526497870018,-0.015385003302877617,0.01247414699419772,-0.010507935939969015,-0.005046265949863355,0.0,0.0144719193752048,-0.014084651618278826,0.0,-0.01333352757282448,0.0023447185097789282,-0.01967284556036333,0.0,-0.009025222290146816,0.002057496745957685,-0.008321722255901364,-0.0066890802683011,-0.028243166710836935,-0.007434934437129754,-0.018958021523749854,0.005046237789267117,-0.01219622676858943,-0.012422513508291292,0.0,0.004683931482514571,-0.0035652562104633973
2024-03-07,-0.00630900263804386,0.0,0.0015349825643668693,0.0035587355598310525,-0.0036168251898370638,0.0062047757036047535,0.0,0.0,-0.0074349464306163226,0.0026990777585230463,0.0,0.000913737936779489,0.0,0.014418339701357783,0.0,0.00380936046408304,0.0038685220991912348,0.010686478416807635,0.0035148968534468726,0.0016847696493956833,-0.01632676354535959,-0.002877648535911411,0.03484676915196528,-0.011299532020990306,0.006689151316183271,0.007001288596695977,-0.006644512292231604,0.0,0.00722668244258232,0.0,-0.0027894913161272436,-0.004484374549021808,-0.0026076003241688275,0.0037244757288280904,0.02364201900235991,0.0,0.0,-0.006269647494226981,0.0,-0.014118012835850565,0.0028167397115496763
2024-03-08,-0.01917005207215149,0.0032206424934773624,0.019742520089335813,0.0017747304628250359,0.0,0.005141493094676711,-0.0023282003893443774,-0.007067069318464628,0.007434946430616314,-0.002699077758523116,0.011313778602396192,0.006372434870506908,0.0,0.012195199097193368,0.0,0.011342387401544236,-0.03536716760644029,-0.002456019017569707,0.010471537326889671,0.0,-0.008264596260823402,-0.018909608196682158,-0.006872835503909967,0.011299532020990195,0.00498749845981509,0.016147982008880523,0.006688945385386782,0.010695441755811963,-0.00632058353846765,0.0020534869366793094,-0.011363778941788952,0.007834332586751314,-0.04267315117971617,0.014760327327590387,-0.014118021299011439,0.0,-0.006152894238971734,-0.006309128058056819,0.0,0.02342033788469805,0.002620570785719589
2024-03-11,0.006430801989578305,0.0,0.0030029597760232824,0.0017714858844191514,-0.0036297029967406634,0.0071537414391832175,0.0023282003893444086,0.0,0.0,0.0053907506220905125,-0.005012451668239671,0.0027185828422790353,0.008321721970828143,0.029852935861331645,0.0,0.0,0.003992067949445088,-0.011541771253976027,0.006920352571520508,0.001682205533274254,0.008264596260823522,0.013129348756611772,-0.003454298276397968,0.0,0.008257560212390462,-0.004587264566830209,0.0,-0.0035524521219202957,-0.004134994002854281,0.0040941526642332355,0.01418462339938012,0.005627614530097685,0.0,0.0072992593166311456,0.018779877982201862,0.006689132120388071,0.006152894238971822,0.018809284720040818,0.0,0.009216702514104459,0.0031446714888337707
2024-03-12,0.006389870949242659,-0.0032206424934772227,0.007468182082623494,0.0017682529589998109,-0.0012128136835282495,0.0010178303615758554,0.002322979354155596,0.0,-0.0074349464306163226,-0.0013449307942065263,0.010000029195761167,0.0018082912836245057,0.005509684714421374,-0.015810510354344567,0.0,0.0,0.0,0.0033113118547381986,0.003442299519768149,0.02617290635161557,0.048202013808024594,0.010167023454235397,0.013745918861316141,0.0,0.006557479747916034,0.013698791841065703,-0.01342284695105905,0.021127477194683063,0.0,0.0,0.022285012476542836,0.002242161722964322,-0.0027284856753760803,0.035718062267238795,0.016148106582037244,-0.0016681696531209735,0.018237587549780793,0.018462017330477525,0.0,0.00457663377604158,0.006356419905005271
2024-03-13,0.01265838177137432,0.012820637528427745,-0.002980499687324032,-0.005314469306243801,-0.004866270290070563,0.010449377496473289,0.0023723514767955904,-0.007117564294415602,0.0,0.0013449307942064892,-0.022642513567139973,-0.014558909830505234,-0.0027509759216598354,-0.0019940573603501634,0.005405467580319807,0.0,0.0,-0.008298829378792836,-0.003442299519768183,-0.005012536545241324,0.0,-0.016023584597917667,0.010186781182081795,0.022223160801181956,0.0016326932289722805,-0.01830707709813081,0.0,0.005212807687235137,-0.021406156085917664,-0.012332981718678797,-0.025105782954805447,-0.0011205683723401853,0.0027284856753761926,-0.01769956711354179,-0.020809963265227764,0.0,-0.006041360781191514,0.012121355235724926,0.0,0.0,-0.010625189039643549
2024-03-14,-0.00630900263804386,0.003841367921840115,0.0,-0.0017776836801938428,0.0,0.003113606002079435,0.002366922752676948,0.007117564294415512,0.0,-0.002691672863567494,0.015151850786176544,0.007305949913188465,-0.013869847261953743,0.005970181537177059,0.010723920032056378,0.014925594755178342,0.003976194689069325,-0.0016679149007397308,0.003442299519768149,0.0033443642941145915,0.019418098825289904,0.008771884547399222,0.0,-0.01117335870249314,-0.004906098575645862,0.013761632072650064,0.006733814879028674,0.0017317637325767329,0.0037558789664568137,0.008865720505679275,0.014025389629153829,-0.0011215933506240933,-0.019257816979711302,0.010657325984136727,0.010544572121726109,0.0050209233632589065,0.0,-0.006042275410780165,0.0,0.004555783586774565,0.0036471253506453766
2024-03-15,0.018809150676894863,-0.012862228981930061,0.025279036896205122,0.0,0.01468825024561392,0.006198388795016227,0.009411816757531655,-0.007117564294415602,0.0,0.0053762591748943885,0.0025030852534417163,0.000909582588268448,0.0,-0.007968223108351234,-0.006689084314592859,-0.007434950963714897,0.03509114997392883,-0.0033446699949108887,-0.003442299519768183,0.08171077219314093,-0.011605572957753944,0.004357399583285229,0.020067602314695843,0.0,-0.0032840744012425675,-0.011454775388296186,-0.013513720935838074,0.003454193074471538,-0.0018762761099996622,0.005178616159128087,-0.00558669007890525,-0.0011230850996539468,0.021979013013405654,-0.0035398999292524168,0.02758815624318986,-0.010067245369087357,0.006041360781191469,-0.037041253817406306,0.0,0.013544239264413489,0.005864522929917512
2024-03-18,0.012345898545191069,0.003231282369769388,0.0060331071084818375,0.008857485014833364,0.0024270681162878146,0.004111053753698667,0.004673019381072956,0.007117564294415512,0.014815022142761128,0.004013483789069538,-0.005012451668239671,0.000908664062001476,-0.00560228461311961,-0.004008099683322912,0.0013414995372886668,-0.011257163240739373,0.05225083940548201,0.0,0.0,-0.07671475517828051,-0.015686665306566934,-0.0058139988967014404,0.037802386428090924,0.0,0.0016434259403178403,0.0,0.01351372093583819,0.0,0.0065513738842715805,0.0,-0.014104595553016963,-0.0011241152119485188,0.06317887824832409,-0.014285873219317624,-0.0068260582612389605,-0.0033782527569770665,-0.0182375875497809,0.0062696474942270245,0.0,0.008928566477574522,0.0005215299808145105
2024-03-19,-0.018576362446862577,0.0032205519520444145,-0.0060331071084818505,0.0,-0.0036429393856070745,-0.010309442548714803,-0.00233371877529578,0.0,0.0,-0.005354806423289049,0.0,-0.0036397130716276545,0.0,-0.012121288054763802,0.018592862108984136,-0.003780657825115183,-0.01096906853933824,0.0008372672802459431,-0.010398850811888067,0.0,0.0,-0.007315285233982997,0.06856268330621645,0.0,-0.008244108355882298,-0.006936476588499631,0.0,-0.008657957713943726,0.013895371553137201,0.0041236701678030886,-0.008559081786119986,-0.013590176165561848,-0.007682541207767032,0.010733586925774717,-0.030129734505247415,-0.0016935397945838722,0.006116663149304084,-0.006269647494226981,0.0,-0.017937683227502138,-0.00560257954178842
2024-03-20,0.006230463901671522,0.0,-0.019863163762177963,-0.005305070871814378,0.0024301416597375543,-0.008324590140457982,-0.009389845564654987,0.0,-0.0073800757121448585,0.0013413226342196105,0.0,0.004547552212770847,-0.011299540265831956,-0.006230516690551563,-0.010582135746490168,-0.01142891026234394,-0.0073801018894689785,-0.005033610656596911,-0.010850010603994677,-0.010016855238091269,0.053859264587441474,0.002932422185271222,-0.024391601207259864,0.0,-0.0033166696714918074,0.006936476588499685,0.0,0.0,0.002756190615179875,-0.006192006573675364,0.0057143108838489986,0.007949982237163278,-0.0025739765637424568,0.003552286293542972,-0.004716932333167064,0.0016935397945838627,0.04179761275910743,0.07859027239630323,0.0,0.0,-0.005953062699681465
2024-03-21,0.0,0.022258516033840558,0.010744455330309434,0.0035397388434188675,-0.0012142703904183126,-0.00209202072236279,-0.0047281945513307595,0.0,-0.0074349464306163226,-0.0013413226342195638,0.014962854197772697,0.011727607187646255,0.011299540265831947,0.018576390054917184,0.0013289506928625809,0.0038241342221283225,0.00369681336759288,-0.007598108326013406,0.010850010603994781,0.00835440456063943,-0.003752296698126993,0.0058394623621280265,0.06858138106375837,0.0,0.0016597918746657108,0.013730139242512703,-0.006733814879028659,0.003472000906895627,0.0009171097036889536,0.0,0.0,-0.004535172179346234,0.005141408347718167,0.014337247618291868,0.025672402671262487,-0.006791248942501118,-0.023670150341842142,-0.053744285864519056,0.0,0.017937683227502083,0.0036526720602661194
2024-03-22,-0.006230463901671452,0.021773688552711622,0.0,-0.0035397388434188198,0.009673620542826096,0.004179674029157198,0.0047281945513307335,0.0,0.014815022142761128,0.0013413226342196105,0.0,0.004474303090724879,0.01117328594309252,-0.010277493224440952,0.0,-0.003824134222128415,0.0,-0.0008477786854472379,0.0,0.003322229295346893,0.0,-0.01171315110840192,0.005747124300953261,0.0,-0.0016597918746656794,-0.016036995926866537,0.006733814879028674,0.0017317637325767329,-0.000917109703688962,0.006192006573675324,0.0,-0.002275322402247375,-0.007722091430288284,0.0035523298251378737,0.01373014297143798,0.0,-0.012047898797979845,-0.02484598653178412,0.0,0.0044346751154081465,0.0006355668241918854
2024-03-25,-0.0062696841371795604,-0.012383974023218749,-0.007662753724858964,-0.0035524141430189476,0.0012025876578785383,0.003123330831584256,0.0,0.0,0.014598737623476035,-0.012137732740149721,-0.017478660229215858,0.0,0.019257845035976613,-0.00829889683047629,0.007936551797038746,0.0,-0.022388979338870744,0.0008477786854472131,0.0,0.0016569413649244855,0.0037522966981270245,-0.0014738470807256997,0.01704595226232891,-0.011299473643708459,0.0016597918746657108,0.004608285257065137,-0.006733814879028659,-0.005203764639472209,-0.0027561906151798133,-0.003091157344018627,-0.011461538342432001,0.0,-0.0025873602430933704,-0.007117416881340634,-0.032335343112527545,0.0,-0.01219622676858943,0.0,-0.02963179136656231,0.0,-0.0031494089217460543
2024-03-26,-0.00630900263804386,0.0062112349552466166,0.0,0.003552414143018955,-0.016970151636198628,0.007250168007284588,0.002355647614556416,0.0,0.03559088828917087,0.004062395806732285,0.010025281538539547,-0.0026822150613067916,0.008141270157308684,-0.004175419008431771,0.015686600467519792,-0.0038387108668449244,-0.02677027011059124,-0.0008477786854472379,-0.0072201818181831445,-0.0016569413649244315,0.0258793573255172,0.00734753582699969,-0.0028210398369765918,-0.011428754993539602,0.012474053593637225,0.009153346815584796,0.0,-0.0017408067803396463,0.0009195419148621995,0.0,-0.020379237364413258,0.0022753224022474096,-0.028911297078811963,-0.007168531712927104,0.004684033714840903,0.0,0.006116663149304084,0.012500156661983971,-0.015151849974747215,0.0,0.0005721822670473893
2024-03-27,0.0,-0.021909995277303466,0.007662753724858949,0.0,0.0024420105286455844,-0.0041365620052051695,-0.009456318238385355,0.0,0.02076208280093687,0.008075336933417342,-0.015075706440422939,-0.0017920880294179683,-0.005420165943056972,-0.012631785984922948,-0.007812610394013656,0.0,0.01156076710519428,0.0008477786854472131,-0.010928969481789348,-0.0033222292953468025,0.003643119077546957,-0.005873688746273979,-0.011363584340460066,0.01142875499353958,-0.003311153591224861,-0.009153346815584856,0.013422846951058932,0.0035650919629127533,-0.012020211078791537,-0.00103251282378457,-0.008862664858725845,-0.003414810057817139,0.007968150759957588,-0.032909640932567506,-0.016490400653232585,0.0017022498752922522,-0.006116663149304004,-0.006230509167756976,0.015151849974747136,-0.004434675115408126,-0.005096144850136581
2024-03-29,0.0,0.021909995277303473,0.013646947679021396,0.005305070871814342,0.010915845395521612,0.004136562005205194,0.002372476072498254,0.0,0.013605681875464019,-0.0013413226342195638,0.007566230933326523,0.006258397819176786,0.0027137198950651004,-0.0042463396584225994,0.002610854524963558,0.0,0.0076338089251677356,0.0016934722100526356,-0.0036697899225542107,0.004979170660271158,0.0,-0.011851902507869475,0.0,0.0,0.0033111535912248085,-0.009237905161210942,-0.006689032072030263,0.012378673098885096,0.0037139315456458373,0.0010325128237845971,0.0,0.004550650158963083,0.023530506561947703,0.0,-0.004761977977922181,0.0033954592726250263,0.006116663149304084,0.0,0.02230563668936625,0.017621584500581326,0.0035673721942327727
2024-04-01,-0.00634937913333053,-0.0187504968819218,0.0030075554400188728,0.005276975938932479,0.01437148360402441,0.002061826789811022,0.0047281945513307335,-0.007220379713607243,0.006734003546440658,-0.0026881944713138947,0.0,0.0062194737519547984,-0.0027137198950650267,0.008474724133292958,-0.0013045409751950982,-0.003853607284697836,0.011342220895115293,-0.0008464796855197365,0.0,-1.7390436337651238e-07,-0.022059768540553918,0.005943509600301438,-0.00860845238584568,-0.011428754993539602,0.004946505453908435,0.011534167816845568,0.0,0.0,0.010142928233463301,0.007197998565574946,0.01472787169682569,0.03567826892821445,0.010282884978218696,-0.01121503836721969,0.011862450728804388,0.0,0.0,0.0,0.0,0.013015489501280376,0.0051622458989074894
2024-04-02,0.006349379133330451,0.006289206281747944,0.0,0.00524937466038931,0.004744859406036533,0.0020575844056612354,-0.00236127179865394,0.0,-0.020339685421904813,0.0013449307942064892,0.0,0.00969600861899406,0.008119166282115292,-0.00422838447487029,0.00909685954700035,0.034159049479741334,-0.01515179362259977,0.008431780351478096,0.0,0.018197458833103444,0.047195652799942416,-0.001482661272383965,-0.020379061904145023,0.01142875499353958,0.0,-0.004597691228345909,0.013333618130192534,0.005258414995437377,0.021779481032367223,0.0020469545498346653,0.01162813404595758,-0.023269949259389168,0.015228747054820175,0.003752273572764896,0.007050592995132422,0.010118114557389537,0.01812746241726524,0.030771606323179285,0.0,0.0043010506964739886,0.0025678913535900623
2024-04-03,-0.00634937913333053,-0.003139658884565752,-0.015128891220527395,-0.012291682627717413,-0.010707861778313503,-0.011369579202756913,-0.016686950531896803,0.02150630731243842,-0.01379326328815728,0.0013432636771073738,-0.002515806031443146,-0.0008775646108125031,-0.008119166282115274,-0.002120915905842854,0.002584071944283049,0.0037243352522394082,0.0,0.00752826372200412,-0.0036832113365797463,-0.013201426758017538,-0.01788957764454139,0.0,-0.011834637286597277,-0.011428754993539602,-0.006600711782883725,0.002301428572711265,-0.020067433009221227,-0.012313168486405858,-0.011738399631327444,-0.012345802345066442,-0.011628134045957613,0.008928779639507823,0.0025156354746002146,-0.015094616190324421,-0.004694969004629036,0.006689038901709384,-0.0060065380167883785,-0.006079079824944871,-0.02230563668936619,0.01702156539091185,-0.007118331819948957
2024-04-04,0.0,-0.0031495473971822306,0.013626203641837566,0.00528637496298761,0.004773169919765023,0.007250168007284588,0.011947551706721685,0.0,0.006920413219573926,0.0013413226342196105,0.007528257699682794,0.0,0.008119166282115292,0.0,0.00643084740491249,0.018416709258984226,0.015151793622599698,0.004987517524054694,0.0036832113365796314,0.01647481628064411,-0.0036166787071114266,0.0014826612723840065,0.011834637286597269,0.0,0.001654206328975489,0.03390148041402093,0.0,0.01754434524078781,-0.007292563890746822,0.0072202726056272365,0.01162813404595758,0.0,0.010000162981197153,-0.007633569740117056,-0.004716932333167064,0.0016652157993807515,0.0,0.006079079824944813,0.0,0.0,0.010504088470231456
2024-04-05,0.0,-0.0031594983953816356,-0.0030119224549971487,0.00700530766472972,0.0,-0.005173242715815739,-0.007151388191325165,0.007067200294976374,-0.006920413219574003,-0.002684586311326829,0.012422547199411202,0.0017543597771669586,0.0,-0.002125423752579701,0.0,-0.014706093547508875,-0.01897602982028318,0.004137379636080779,-0.0036832113365797463,0.0,0.007220324172245759,0.014706147928096562,0.01459878796587522,0.0,0.0,0.013245290197902718,0.020067433009221293,0.0017375430960763255,0.002741080990332416,-0.003088082090042182,0.02567887220608973,0.0011106131284482476,-0.0024906347058766534,0.026466529918811637,0.0,0.003322378502867394,0.006006538016788339,0.012048332847096856,0.02230563668936625,0.008403558809653872,0.0012932388729442728
2024-04-08,0.0,0.0,0.0015070545936682305,0.0,0.00711742754706474,0.005173242715815798,0.002389608245081192,-0.007067200294976444,0.0,0.0013432636771073738,-0.004950478470043334,0.008726102947307498,0.010723948550465014,-0.0021298439883358604,0.00128114109250384,0.011049844949732468,0.015209503005396932,0.01149445563965641,-0.003696923466849412,0.0016326003893521897,0.007168476855048983,-0.008797755020528514,0.002894313409170933,0.01142875499353958,0.008230473911434711,0.0,-0.006644586058162199,0.024014786384034953,-0.005489598500625547,0.0010304916066759822,0.005617929071986065,-0.002222461089966557,0.0024906347058766135,-0.011257122195080897,-0.007117503580332629,0.009901054841353491,0.0,-0.012048332847096723,0.014598843846104199,-0.012631864762823079,0.0030366837332570437
2024-04-09,0.01265838177137432,0.006309045792563939,-0.010598129879686039,0.001743685819298247,-0.005927595094552675,-0.006211221796190409,0.0,0.0,-0.006968819512779608,0.0,0.0,-0.000869262155031351,0.013245225834723937,-0.002134496949776296,-0.0012811410925038368,0.010928981591003093,-0.0075756940802291966,0.0,-0.007434909770372398,0.0,-0.007168476855049074,-0.0029498695933169315,-0.011628072267703122,0.0,-0.0065789994625666355,0.0,0.0,-0.011935262106680595,-0.004597716899535342,-0.004127925724881362,-0.014104595553016963,0.004439650268566132,-0.007490715780507988,-0.01138548832635072,0.0023783391721138715,0.009804043765773826,0.0,0.006042275410780233,0.0,-0.017094310134216542,-0.004156094952267078
2024-04-12,0.0,-0.0031495473971822306,0.006069890632533006,0.005212888702703653,0.0,0.0020746597909852053,-0.0023896082450812033,0.0,-0.0070175434654860145,0.0026809874513412245,0.004950478470043309,-0.009611200569442967,-0.007926106242268291,-0.01290333671813975,-0.001282851813361333,0.0,-0.011472535117250333,0.003259905298096232,-0.011257147231541495,-0.009836081466922757,-0.021819008410106578,-0.01039353923270567,0.0145140327968022,0.011299473643708494,0.004938443743154601,-0.011025370026535681,-0.006689032072030263,0.00342468559176132,0.0,0.006185516208247604,-0.0056979569183491325,-0.002217189178599538,-0.01769951385424852,-0.019268332067550336,-0.007151683333258492,0.0016244554267393733,-0.0060065380167883785,-0.012121355235724976,0.0,0.0,-0.001591194334393437
2024-04-15,-0.019048252720616964,-0.022329520588702776,-0.004548837507038514,-0.005212888702703541,-0.008358219710448435,0.0,-0.014458056676141804,-0.00711759783876226,-0.021353127082156073,0.0,0.0,0.00525396131176469,-0.0187420684819789,-0.01746767297801572,-0.003858459348750201,0.003616676025774276,0.0,-0.006530603968406362,-0.011385413611481723,-0.004954604063550944,-0.018553420072938868,0.014815160096557181,-0.029241829120262866,-0.011299473643708459,-0.009901071783247346,-0.015642772942314163,-0.006733814879028659,-0.00858371718720512,0.004597716899535373,0.0,-0.011494248806709788,-0.004449411414342308,-0.0025543158758609625,-0.02362318257059394,-0.024214087666849415,0.0016222952722097046,-0.02439048178875272,-0.018462017330477417,0.0,-0.008658107368871935,-0.005501754312053402
2024-04-16,-0.012903308599196776,-0.003231282369769486,-0.015314326255139411,-0.00699306047968774,-0.008428606849622863,-0.00728021870011855,-0.0048661806457918665,-0.014388709473676101,0.0,-0.014835040639646727,-0.004950478470043334,0.0,-0.005420165943056972,-0.008849716302191148,0.003858459348750322,-0.018215422387929413,-0.04725285251233521,0.006530603968406406,-0.0076629016391535545,-0.006644586409738163,-0.015094598935699538,0.0,-0.027069347164826188,0.0,0.011541627502659585,0.002249652793217448,0.006733814879028674,-0.010398782237378303,0.0009171097036889536,-0.008255886619516527,0.002885896480355801,0.002226950324375857,-0.023287024910884652,-0.003991940604427755,0.02898743182799383,-0.011410287616316699,0.0,-0.006230509167756976,0.0,0.021506157034638096,-0.0048935635083747295
2024-04-17,0.006472506609618479,0.01286222898193003,0.007686396361053233,0.003502742348766397,0.0,0.002085476430121847,0.012121401380183352,-0.0072726957139081045,0.014285989466310555,0.006770418373473311,-0.012484520397607593,-0.010535672594440068,0.018843114832580173,-0.00222472055966552,0.0012828518133613336,0.003669764771151858,0.008032166091974557,0.011282966792361132,0.0038387411967109575,0.021435271940211855,0.01509459893569957,0.004401937475739542,0.021116967464721064,-0.011428754993539602,-0.0016405557194121105,-0.006764315245908689,0.0066890320720303246,0.003478289555467971,-0.000917109703688962,-0.0010367948400385038,-0.002885896480355758,0.0011118479615182188,0.020726231362954445,0.039220636886051485,-0.011976106469352621,0.008163536917367473,0.01834912100756125,0.030771606323179285,0.0,0.004246260468450301,0.0035247540039187535
2024-04-18,0.006430801989578305,0.015848121373724277,0.0091464275243245,0.0018262945201216912,-0.0036342991422080003,0.007265217570961946,-0.002412668528176607,0.0,-0.014285989466310626,0.006724957449051694,0.0,0.0017638204915793056,0.002663131109985724,0.0,0.0038387775946446528,0.01454565761677742,0.023716510326942584,0.0,0.0038241604424426776,-0.006546626091948526,0.007462707862510232,0.0014631383024057217,0.0029805096296256187,0.01142875499353958,0.0,-0.0022651733493168538,-0.006689032072030263,0.006920492681910413,0.0,0.005173258083584674,0.011494248806709653,0.005540200687915495,0.022814623278039767,-0.0194180996308537,-0.014563310552943994,0.025683552493792415,-0.006079563619285341,0.006042275410780233,-0.014598843846104223,-0.004246260468450375,0.0028134297561018284
2024-04-19,-0.012903308599196776,-0.04173968045070691,-0.004562756656555463,0.0,0.006049642098254925,-0.0020704753009651226,0.0024126685281766593,-0.007326074905927072,-0.021818955365004673,0.001339664817121534,0.0025093664147978934,0.0070236265157935,0.005305010382920109,-0.008948483724527976,0.02272825859990492,0.003603642803087529,0.015504176093418134,0.008097188335042575,-0.015384876695635886,-0.003289455374974195,-0.022557306798209685,-0.0014631383024056978,-0.008968605787225957,-0.011428754993539602,0.0049139351373393425,0.011274091808429693,-0.020339377271439092,0.0,-0.00644264066045102,0.006172788872544547,0.0,0.0,0.0074907157805080326,0.0,-0.012300317524884842,0.007892572972311376,-0.012269557388275858,-0.02439136822566821,-0.014814848711439524,0.016878125231273494,0.0018173592965541453
2024-04-22,0.006472506609618479,-0.003284011309628004,0.009104870519897886,0.007272793073172773,0.006013263893575876,0.009283289975182931,0.01197616847580773,0.0,0.007326103032476488,0.0,0.007490662780963352,0.0017482255870671995,0.007905151794247287,0.017817822939029743,-0.0012492634936210432,0.01073356425630183,0.02656714932059022,0.005629367614564397,0.01156071625319329,0.0049300915549438315,0.0,-0.002932422185271259,-0.003007474878530327,0.01142875499353958,0.00488998607525982,0.00223969183204318,0.020339377271439106,0.003442280557504114,-0.0055555786060765425,0.001025209693030631,0.005697956918349033,0.0022075144774243074,0.00990102693136117,0.02708091798737441,0.017178253048197475,0.0015710898838335076,-0.012423580741020061,0.006153825529266037,0.0,0.01659787389808138,0.007737020193710089
2024-04-23,0.012820672938821099,0.0032840113096281025,0.007524453597019703,0.0018100617875546098,0.0,0.008179996421439217,0.0023780556572678144,0.028987480093511406,-0.007326103032476479,-0.002680987451341169,-0.0024905536886649115,-0.006132385667101688,0.0052355731167073654,0.0022050976473548946,-0.016383463181191226,0.01061938772474847,0.003738272849521427,0.013540623174581847,0.0038241604424426776,0.0,0.018832868520809017,0.002932422185271222,0.003007474878530327,0.0,0.014528024341180137,-0.01578386481173725,0.0066890320720303246,0.006849303574255664,0.0027815487889501613,0.0010241597144722084,-0.011428641947997814,-0.0033132162127420856,-0.0074165185593758325,-0.007662818356520541,-0.009779909075493313,0.0015687401332574924,0.030772701748581238,0.036148568206292954,0.00743481228432799,-0.008264552628659669,0.0013136161934546192
2024-04-24,0.018928065908553966,0.019481164416866356,0.0,-0.0018100617875545877,0.0,-0.0020387072940423654,0.009456318238385355,-0.007168329760068808,0.007326103032476488,0.0013413226342196105,0.009925523360554562,0.005258566428215372,-0.013140724910954743,0.008771866574666427,0.003804764748385864,-0.007067142355162571,0.011131786366238669,-0.0007914816450351629,0.011385413611481762,0.004905989911978679,0.0,0.007294015446784331,0.020803243073823176,0.011299473643708494,-0.006430839165727909,0.00904991697327253,0.013245227883030198,0.011874608681315374,0.009216670477577392,-0.0020493694075027326,0.022728365228148417,-0.003323885824149358,0.012330420512601343,0.048790254963752576,0.004901973552180619,-0.0047132768655443035,0.006041360781191469,0.005899683648376182,0.0,0.008264552628659662,0.006281277568788576
2024-04-25,0.012422504486006403,-0.016207902545871226,0.0014980235702062793,-0.0018130484363860786,0.004784650189235849,-0.0020429816808645827,-0.004716919413210352,0.00716832976006889,-0.007326103032476479,0.0,-0.004950478470043334,0.0017468755842927482,0.010526467183689521,-0.017621582876857632,0.0,-0.007117442545678608,0.02189867042687526,0.005527010699543683,-0.011385413611481723,-0.0032679557663926675,-0.003738269585109422,-0.017595630858606097,0.0029367427231962073,0.01117328975197621,0.008032147041011158,0.0,0.0,0.0,0.0018332816050954336,-0.002053365496574081,0.0,-0.0011106131284482942,0.009756313583854172,-0.0036698462469479773,0.002441910500497169,0.014073591031214524,0.0,-0.017804651721950185,-0.03774034597834599,-0.016597873898081414,-0.0014200398361843012
2024-04-26,0.12188988118506333,-0.009852187608422722,-0.010534251153768314,-0.001816736424886172,0.004761927118156989,0.001022067289699635,-0.00473939882517503,0.0,0.007326103032476488,0.0,0.004950478470043309,0.003484182912271828,-0.015831477566609783,-0.00222472055966552,-0.0012667357126119562,0.0035651971760929228,0.08971532357434442,0.001573560214109704,-0.0076629016391535545,0.0,0.0,0.01614107777394964,0.0174423191809489,0.021978953185428522,0.003195021803640841,-0.0022549583932878875,0.013072082670933512,0.005046304707998876,0.0,-0.010330552358882965,0.005602045542746989,0.0011106131284482476,0.07028653899072822,0.010969096250312078,0.019324162360655015,0.0,-0.006041360781191514,-0.006006057436316584,0.022814745716091402,0.012474084164287096,0.003759077903223368
2024-04-29,-0.005479527635976248,0.0292703034387713,0.0,-0.0054694019915412576,-0.00715135996922144,-0.004094222162699659,-0.007151388191325165,0.007117597838762177,0.014492852332528066,-0.0013413226342195638,0.012269996298892078,0.008658194014686198,0.015831477566609797,0.011074436861856711,0.007575796817051969,-0.01073356425630177,0.05458826964972637,-0.00236123849913997,0.011472493573133546,0.0032679557663926797,0.04037242848304537,0.0029069935172293965,0.005747124300953261,-0.010929059413796056,0.01582306488771674,0.015677811164235,0.01929332794155772,0.0,0.0009152359051976497,0.006211128982912583,0.01662105648108832,0.0,0.08039066849336353,0.018018517362415044,0.0,0.0015517018578018453,0.04154804923810128,0.06416195116972272,0.007490787977926726,0.004123789733794433,0.004750121248151844
2024-04-30,0.02710196374368638,-0.00966204760629112,0.0,0.00546940199154131,0.0,-0.0020534693480374145,-0.014458056676141804,0.0,0.007168459678538379,0.0013413226342196105,-0.007343842522482667,-0.0025896047987112895,0.0,-0.004415068498212725,0.0012571155907548448,0.007168367080208856,-0.03174875336653025,0.002361238499140048,0.0037950359070411453,0.009740358710600288,0.007168476855048983,-0.016093991706356933,0.008559330955613866,0.010929059413796073,-0.0062993374427034125,-0.0066889049324821955,-0.0063899220303660605,0.0033501111079593127,-0.007346234409828399,-0.004136463243546134,0.008208030212160319,-0.0011106131284482942,-0.040474046943303865,0.01065726451034227,-0.007202762308208114,-0.004661891696598795,-0.011695534876434483,-0.005665700891316536,0.0,-0.008264552628659669,-0.004236060235106685
2024-05-02,-0.03261168210967191,0.006451834321813891,0.004528239247152848,-0.0054694019915412576,0.010707861778313538,0.005125624221037537,-0.0048661806457918665,-0.00711759783876226,-0.0071684596785383855,0.015957840310157432,0.009780037633853433,0.004312144715331872,0.007822630078224525,-0.006659368363643893,0.005012521737610597,0.0,0.01916998097906244,0.005488136226168202,-0.011428788283464004,-0.008110334533512639,-0.007168476855049074,0.016093991706356944,0.02247278490349245,0.0,0.0,0.0022345714971422274,0.06213186390386078,0.005004216616310865,0.003679863084745693,-0.003113722374664809,-0.0027286265656498707,-0.004454366762444432,0.0021715841441310346,0.014035309442907639,-0.009685375029631361,0.016988572650932232,0.011695534876434469,-0.011428690330293952,-0.007490787977926693,0.0,0.0027437961991578367
2024-05-03,0.01643870710152143,0.003210213284477212,0.0015048678613289418,-0.005499580745844558,0.008250163869005725,0.00204298168086456,0.0048661806457918075,0.014184798133738671,-0.007220217741528678,0.013106313101143342,-0.004878031939899225,-0.004312144715331912,0.0025940486930871526,0.0022247205596655096,0.018576392406960747,0.02469257273541053,0.031155143683127072,0.0031225544110542714,0.0038241604424426776,0.0209516034212299,0.04570220115541145,-0.001452440432572929,-0.013986163596777386,0.021506183693859548,-0.006339037094255524,0.00011324077584111151,0.011976114163922393,0.024651953627196223,0.0036663713250826356,0.005184092785933739,-0.01652940451163425,0.009994567450359848,0.038302462799172925,0.0034782848944041743,-0.004877935523312576,0.0015304437437888218,0.017291497110061043,0.028330459558086562,0.0,-0.004157980129405504,0.005861366511758029
2024-05-06,-0.005449461099559751,0.01904830274936336,0.014925740287717756,0.00732597452548524,0.003514891477944426,0.003056395423900154,0.01923138921019935,0.0,0.007220217741528658,0.0026008018804651754,-0.014778637940406746,-0.0017301655170543705,-0.002594048693087239,-0.00222472055966552,-0.0012277906189265438,-0.017575130189731916,0.024243519049921912,-0.0023410323000209233,-0.0038241604424425874,-0.0015961176477819522,-0.0034423802866743007,0.0,0.013986163596777307,0.02105338856769053,0.0015885887740149714,0.0022598257573308196,0.011834610508080141,0.004858344325699614,-0.009191158170744106,0.0,-0.00278153880693984,0.0022075144774243074,0.024743473038647632,-0.010471361853494628,0.004877935523312556,0.006097347234679419,0.005698508789350271,0.011111220603581226,0.0,-0.004175341140016229,0.004894956636319593
2024-05-07,0.005449461099559864,0.009389714529492851,0.008849636386141951,0.0036430082119007163,0.02426451120424383,0.0010169801906214943,0.0023780556572678144,-0.007067200294976444,0.0,0.009049838555278883,0.012330515365453706,0.0008655882876511997,-0.0026007952864941096,0.0,0.004902079401882755,0.0035399568799750654,0.002989573901555212,0.0023410323000209498,0.0,0.0,-0.0034541862120170243,0.004351007827260119,-0.008368189220367863,0.010362841014205258,0.0015859915130172406,0.011223610547633657,0.0403511100850335,0.00804507120531197,0.010105751794035719,0.01844314658689769,0.0027815388069399004,0.0011019325039448634,-0.006128606262561395,0.020834209597170784,-0.0024360250228154462,-0.0015207992557103333,-0.005698508789350245,-0.011111220603581115,0.029631791366562438,0.036965130623646515,0.005176319840678346
2024-05-08,0.06826808586830255,0.0031103619439183175,-0.010332273222084104,-0.003643008211900616,-0.005724012574451783,-0.004073375614521571,-0.002378055657267753,-0.00711759783876226,0.0,0.017857623309558816,0.0,0.003454182028114448,-0.01574830197542004,0.0022247205596655096,0.002442025694312777,-0.007092202249560701,0.014815111938003183,0.0007790245896372536,0.0038241604424426776,-0.014481379153926823,0.006896566498691247,0.010079258245904332,0.0027970933678067795,-0.010362841014205357,-0.0015859915130171452,0.03077148284716858,0.005633854614970744,-0.006430937085144492,-0.003663111133584694,0.0,0.0,0.0022003425475816685,0.01424235609974335,-0.006896619391104533,0.007290469613959518,0.00455580944776327,0.0,0.02755003786971119,0.0,0.016000325470554785,-0.000579395109935901
2024-05-09,0.0,-0.04121042682906571,0.0014826368359421233,0.0018232619415629607,0.0,0.004073375614521565,-0.007168538896453374,-0.007168329760068808,-0.007220217741528678,0.0,-0.009852181565288706,-0.012142376926957885,0.0,0.0044346478039784705,-0.003665374741075784,0.0,0.0029368939302352646,0.0007785419484474184,0.0,0.0016194652422573627,-0.00689656649869127,0.00286124675092254,-0.008415067744216399,0.0,0.0,-0.00869557834330768,0.005602219874974778,0.0032207207697328806,-0.015719358105354696,-0.005089116619785662,-0.01963590074010927,0.003291179403015053,0.0040321208308861,-0.020979822689883666,-0.007290469613959534,-0.010662801170521265,-0.005729688148893192,-0.005449634743989274,0.0,-0.011976104475319146,-0.0022021608160462287
2024-05-10,0.0,-0.0097560682240573,0.002958536033001107,0.0018197462703376274,0.006864917210718418,0.0030439897902202685,0.002395206362395867,0.0,0.0,-0.001265097783540715,0.0,-0.011408728939846574,0.0,0.006615314386573927,-0.003678730355119741,0.007092202249560698,-0.0029368939302352585,0.0038835820571742905,0.0038095919339801707,-0.001619465242257418,0.03735567859177303,-0.012940504996827055,-0.014184624177436614,0.0,0.003169549165412557,-0.013187088974182037,0.0055710815294121524,-0.003220720769732844,0.0,0.0,0.019635900740109204,-0.011013367312833592,0.0,-0.01065726451034218,0.0024360250228153556,0.0030581019103721368,0.022727344883350882,0.03753786955369064,0.0,-0.0040242209952355825,-0.0003435013449580611
2024-05-13,0.01010108316588726,0.009756068224057378,0.0044215360309499034,0.0018167364248861278,0.010209986712068408,0.0,0.0,0.0,0.007220217741528658,0.006309283615282302,0.0,-0.004422851384439833,0.0026420231192639085,0.04512040937445823,0.0,0.0,-0.0029454714633466344,0.0,0.03364801348284461,0.0,0.0,-0.002898567394687085,0.0,-0.02105338856769057,-0.0015835576523954384,0.0022099974252815405,-0.01680715601935754,0.0,-0.005607301837234316,0.0,0.002773968394492347,0.0033167647594771438,-0.010111152248229425,0.01065726451034227,-0.007325950329009857,-0.0030581019103720366,0.0,0.015666140993201585,0.0,0.0,0.0013984295973840156
2024-05-14,-0.015190210272923844,0.0,-0.0014715683352206775,-0.001816736424886172,-0.012492982050557917,0.0010127522674708142,-0.002395206362395942,0.02135312789380747,0.007168459678538379,0.005018804727820905,0.01230030414024179,-0.004442409797099393,-0.007947033502184082,-0.01268530462855168,0.004902079401882755,0.0035271854751876756,0.03763107508253191,0.0,-0.007380134803429124,0.0016194652422573627,-0.013422914103149533,0.011544126372657317,0.002853025032488558,0.0,-0.006359270637789876,0.004405284318757782,0.0,0.0032207207697328806,-0.016060732612523578,-0.006141303971937082,0.013755436117141808,0.0,0.024097592371324982,-0.0035398476290015722,-0.0024539587464834627,0.0,-0.028491540028695472,-0.005194845737411357,0.0,0.0,0.00185114732661289
2024-05-15,0.04976157242223927,0.01286222898193003,-0.0014739755691967225,-0.003643008211900616,-0.005730807942895468,0.0,-0.004807629579354441,0.007017510767449038,0.0,0.011201070399641962,-0.00736204921134729,0.0,0.005305010382920109,0.002125423752579774,0.007308131866638305,0.0,0.030771669351767394,0.0,-0.0037105451656892574,0.0016167626717341899,0.25506112908093903,-0.023223004437285887,-0.03184053932247933,0.0,-0.006400127208398568,-0.024472977364147594,0.011236074489945395,-0.003220720769732844,-0.006689100419448006,-0.0030848002702935006,-0.01652940451163425,-0.001104366378609486,0.01964698168871844,0.0035398476290015644,0.0,0.006106991722757814,0.22198724423870628,0.2719337542265582,-0.007326154677196168,-0.012170447441051014,-0.0016515638470002056
2024-05-16,0.0,0.0031896531070152805,0.0014739755691967468,0.0018232619415629607,0.003442236550317407,0.0040404593927510475,0.009592444186831568,0.006968795973060491,0.0,0.01839409463775486,0.002460043517393179,0.0026679032720952883,0.005277084341818156,-0.002125423752579701,0.0,0.007017642242788067,0.005494446999123718,0.0038684967702469686,0.007407468632538779,0.0,-0.04552327211401422,0.013129284130684479,0.0058650291073429,0.010582164228427988,-0.003215411145248492,0.0022497726150509916,0.01111122662106221,0.020750931535013093,0.0009582130413264304,-0.0010304916066759975,0.0055402631698013285,0.0011043663786094746,0.007751798395648946,0.003527361294494267,-0.0073983439727041,0.00455580944776327,-0.06701149583185334,-0.04879014032763799,0.007326154677196242,0.01217044744105097,0.00490304121701642
2024-05-17,0.009661838185793319,0.009508920869526902,0.0029411326574113107,0.0018197462703376274,0.0034306620948008474,0.0,0.0,0.020619105259736363,0.007117529787772133,-0.003651825743735042,-0.009876632246452723,-0.005342943296469057,-0.002635061222554212,0.0063627667986012925,0.0036342298088914773,0.0,0.04552325573622391,0.0,0.0073530012591339015,0.0,0.0,0.01438866632545821,0.03730710936008449,0.10008335901939382,0.009615538353647196,0.00448430347945318,0.027249749488614142,-0.004750555982639622,0.0009574994821688837,0.00616665727964688,0.02724976146562634,0.004405423150341434,0.03974042437191464,0.0,0.004938284794129002,-0.001516298162435468,-0.0250635293793902,0.0,0.0,-0.004040380381936573,0.0034141735221276358
2024-05-20,-0.019418185355032938,0.012539261926675146,0.004395621888741515,0.005439846648826801,-0.002285721703777323,0.00703167720264185,0.0,0.07216243693895426,0.0,0.006079030353211651,0.0,0.001784094728451929,0.0026350612225541714,0.012605247612864308,0.0012083753049840992,-0.010544827717975762,-0.0026212641804050614,0.0023137635152226947,0.00729914069597784,0.011245151239935169,0.0,0.012775185369223051,0.02777954336690039,0.028170965617361845,0.0063592706377898845,0.0022348039959254598,-0.01626048558131984,0.014184576400862282,0.013308202749450567,0.0,0.018642278366334475,0.005479372005266051,0.0,0.02090671649903711,0.02433192946135881,-0.0030395112853278984,-0.005089504455534671,-0.00836819497463854,0.0,0.0,0.006707548235700652
2024-05-21,0.0,0.012383974023218785,0.0,-0.007259592919164371,-0.0045871769413409445,0.0,0.0,-0.006349086038326066,-0.007117529787772167,0.0060424864636451706,-0.027674795317463783,-0.03815164517406882,-0.007926106242268291,-0.010493290278172576,0.003616831086984704,-0.003539956879974941,0.0026212641804050987,-0.002313763515222625,-0.0072991406959778396,0.03608223599293303,-0.016575003713540336,-0.00849860705150064,0.00273593775639675,-0.009302382996353576,-0.006359270637789876,-0.004474384977656682,0.0,0.0,-0.022923677196460768,-0.005136165672970839,0.0026350178161466315,0.0,-0.0018570370797681291,-0.003454255103647822,-0.024331929461358853,-0.019985374534893213,-0.015424468056657432,0.0,0.007272689168908085,-0.008130067059114354,-0.0033296749650827506
2024-05-23,0.019418185355032827,-0.006172739067972039,0.005830907939117569,0.005449531131609874,0.0011488860706665794,0.0,0.0023837242889762334,0.0,0.014184667403617537,0.021454790954120482,0.01519027491985625,0.011965171574042038,0.010554173694697404,-0.002111957334691604,0.01670660816934145,0.02451976446091694,0.015584719962924733,-0.011650677665526868,0.00729914069597784,0.009202540005296737,-0.031119959444502198,-0.015770944175947658,0.024292714997489463,-0.009389847587286592,-0.0031950218036409066,-0.01354419705824911,0.010869741673265739,0.024730960021493404,-0.013618910099635156,0.009226104242230658,-0.010582128392848859,0.0010921904618759488,0.0,-0.0034662283525716386,0.0,0.006192074060632302,-0.01566618969391429,0.01666704330548406,-0.014598843846104223,0.0081300670591143,0.00436143358568254
2024-05-24,-0.019418185355032938,0.06298923791119747,0.0,-0.0036297848612721778,0.0022933504796508603,-0.0010015951988075092,-0.007168538896453374,-0.012820748403020176,-0.043172082447160656,0.008220896764881783,0.0,0.015433845677025848,-0.007905151794247325,0.004219463704197474,-0.010707956020325532,0.020548684643063718,-0.052922363206684725,0.0,0.0,-0.007662943700185041,-0.029156534168102162,0.001443978994704986,0.0026630765279060985,-0.01904817695749605,0.003195021803640841,-0.011428730440704244,-0.021859005580560198,0.0,-0.025795124596857393,-0.010256595848906576,-0.01338699930422005,0.0010909988831835215,-0.0833007283304955,-0.0034782848944042407,-0.0024660621386100473,-0.004640372202830348,-0.010581651983066235,-0.06840279455443034,-0.007380036427111472,0.012072593686722652,-0.006021128375317626
2024-05-27,0.028987684698746675,-0.008759082938729543,0.0029027925893296445,0.0018167364248861278,0.0011449403910233807,0.0010015951988075742,-0.00963861117222287,0.02547911874907547,-0.0073800757121448585,-0.002341939515682214,-0.007566230933326568,-0.009959462875235255,0.0026420231192639085,0.004201629588776753,0.0011954369527555928,-0.041528492224005724,0.008119084983716216,-0.004698445490837098,0.003629828785811663,0.0,-0.0239532731773833,-0.008695679045223377,-0.002663076527906071,0.0,0.003184690350757847,-0.00460829361554116,0.010989263907294444,0.009118513536565426,0.0030106509629232716,0.0,-0.005405356968537217,-0.0010909988831835193,0.002018192632010807,-0.006993076959090364,0.007380080063668468,0.00464037220283042,-0.016086129114259946,-0.026907385249894476,0.0073800364271115896,0.019802679823320027,-0.0006980358797271799
2024-05-28,-0.01923133752950715,-0.0029368022990006915,0.0014480475361272572,-0.001816736424886172,0.0034266263400439816,0.0,-0.002424239141523045,0.006269557769412472,0.007380075712144713,-0.0035232863155622773,-0.005076253438052154,0.0,0.0026350612225541714,0.01456858139067829,0.0,0.010544827717975814,-0.005405347486895847,0.00391692337980386,0.0072201818181831644,-0.009273496931491236,-0.0030349358246075215,-0.010241399837867399,-0.013423010647786488,-0.009661961890838193,-0.014411859195409854,0.0,-0.010989263907294435,0.0030212496523453303,-0.020243638995796006,-0.004132190515585033,-0.005434805075018435,-0.0010921904618759735,0.00803208612453258,-0.0035148711893230678,-0.019802704631222304,-0.0015443994077273334,-0.005420530999060994,-0.009132533672796215,0.0,-0.01581068740999509,-0.0015151549504185628
2024-05-29,0.009661838185793319,0.002936802299000813,-0.00580552007604561,-0.003643008211900616,-0.00457156673106752,-0.00904992035589743,-0.009756156846314652,-0.012578842077141626,-0.014815022142761104,0.005865225831244507,-0.01538496602414352,-0.028612872876534596,0.0,-0.012474315838908099,-0.008398351815433339,-0.02120222714362938,0.039845846005118916,-0.0015650034837123667,-0.0072201818181831445,-0.006230590694276035,-0.024616585765988165,-0.01034759429170325,-0.02185879125886478,-0.00975604440797426,-0.001614152883021734,-0.02100434925212094,0.010989263907294444,-0.004535187577843283,-0.0030722040606181627,-0.001035614013889381,-0.008208030212160345,-0.0010934977778868612,0.048790272782439546,-0.03584606069031247,-0.035627203439016875,-0.009316936922890057,-0.027549550012095303,-0.01851903849463394,0.0,0.011881340336849918,-0.0065007483793436864
2024-05-30,0.01904805363535514,-0.014771325864600103,-0.004376227988528905,0.0,0.0022885713925780015,0.0,0.0,0.0,0.01134224008799,-0.005865225831244529,0.0,0.004670652004712239,0.018253398624324284,0.014538220031193854,-0.002412568373323057,-0.007168367080208887,-0.015748345681032647,-0.0007834834839679738,0.014388791070680855,-0.022117744672277603,-0.0031200835718525302,-0.00297605948670068,0.0,0.009756044407974312,0.0,0.004706001366581274,-7.058092226624249e-08,-0.0015163113876939343,-0.004111009453007294,-0.0020746657393664377,0.005479403646510542,-0.004385874227379137,-0.03488736741784969,0.01088927432338669,0.007742079565889486,-0.0015612782479828198,-0.005602654684178566,-0.009389792262812804,-0.007380036427111472,-0.040165948872617055,-0.0006791889775934448
2024-05-31,0.03704146134325159,-0.033286090039895744,0.0,0.0018232619415629607,-0.02781183373084066,0.0030257853367328933,0.004889976200522822,0.06136899015898135,0.007490616380545181,-0.0011771112613876353,-0.013004113889893958,-0.028357238969192324,0.0,-0.018731041045987884,0.007220376416121951,0.0,-0.05157180347278867,0.0,-0.05505974228036756,-0.00801936272187213,-0.018927976147136576,0.0,-0.03371101839157213,-0.060017889851313254,0.0,-0.0023501724185664677,-0.0055097345808445665,-0.010679128413263237,0.019378506397571684,0.0,-0.00823054999292265,0.003291179403015053,-0.03206693395831522,0.010772160562089312,-0.020779981753947987,-0.015748217215541337,-0.005632928245400146,-0.00947879685633897,0.007604708557906169,-0.02070472780599033,-0.004736090069113991
2024-06-04,0.0,0.01526755872908698,0.021692721106878258,0.0036364826952236845,0.017472709647829182,0.01300671278799866,0.012121401380183352,-0.05505970585125216,0.014815163506947051,0.004700397576949997,0.007822782694967844,0.01616777422143042,-0.0025873370111409674,0.006282709782913728,0.030698710034849676,0.007168367080208856,0.0,0.0007834834839679656,0.0,0.014388769802630525,0.012658374238208082,0.0029760594867006573,0.008534771347102345,0.04040949779944886,0.0,0.04598501892087873,0.0,-0.0046117999247872405,-0.02247300247892583,0.01135776214581038,0.024760623786252527,-0.002193104795667182,0.014156049810720567,0.02469257395324985,0.015625127413785515,0.0047505950514321205,0.005632928245400067,-0.009569389394279646,0.022472810450085545,0.0329247502417099,0.011656112049709668
2024-06-05,-0.009132587312355748,0.03278985717540892,-0.014409480958206393,-0.0036364826952237288,-0.009280835547461574,-0.007984172967641638,-0.004830981592868416,0.0,-0.007380052193276721,-0.004700397576949908,0.0,-0.0047282606761652685,0.0,-0.008385783908666847,-0.011695840405634515,-0.01801839190539206,0.0,-0.029402212800220276,-0.003780785770460313,-0.0031796323806313038,0.006269601908928685,0.0014847888412165857,0.00282881299335782,0.029270353942702394,-0.0016167625855779226,-0.0022497726150508997,-0.005540188655551445,0.021342427303587774,-0.02510607863072255,-0.00721272599517497,-0.008185537923063516,-0.0010980746073477954,0.002005947693329903,-0.02469257395324989,0.005154854340162489,0.010997622164109088,0.005602654684178451,0.0,0.0,-0.004056771303513783,-0.004261882485914639
2024-06-06,-0.03738742832253708,-0.0029368022990006915,0.008670595940549496,0.0018197462703376274,0.0,0.0,0.0,0.0,0.014706037985443766,0.018670164265558807,0.007762061467588958,-0.002847513162136746,0.0025873370111409153,-0.008456806750218834,0.0,-0.007299275594681782,0.008321851607140029,0.0064308730648929445,0.0,0.0015910385450352445,-0.003129848970153679,0.0,0.01680720343375397,0.05608952740464671,0.009661754634327616,-0.02508672600172175,0.048790303501408075,0.032643701999163006,-0.021622451689009746,0.004127925724881523,0.0,0.0043858742273791,0.015904936454264718,-0.018018517362414933,-0.005154854340162609,0.0031203506791711764,0.022100805540036482,0.01904818625061873,-0.0074349025916837065,0.020121357403561357,0.0038470112863590415
2024-06-07,0.02817101657964323,0.020202605433734908,0.0014378699342297578,0.005439846648826801,-0.003502460871547947,0.002002081051767513,-0.004854305689466587,0.006269557769412472,0.007272797457057337,-0.0011563869694605055,0.005141371877392367,0.005687132359028752,0.0,-0.002125423752579701,0.009367651242531468,0.007299275594681894,0.008253101552278175,0.005593319390923741,0.003780785770460274,0.00158859383559607,0.06669132978452835,-0.014947963215882935,-0.013986163596777386,0.02690742596099332,0.0,0.0023067426339385376,0.0,0.004370106093043054,0.01518493724205338,-0.0010304916066759975,0.002735917002548138,0.0,-0.0019742643366930444,0.018018517362415044,-0.015625127413785474,0.0015561902694605514,0.042786861436026696,0.05505986017946066,0.007434902591683578,-0.01606458610004764,0.0019365313226076672
2024-06-10,-0.018692462288001813,0.005780341439181025,-0.002877654962719913,0.0,0.006992875796337434,-0.0010004858529599544,0.0,0.0,-0.021978835442501267,-0.004640414750800887,-0.010309379360287658,-0.014279132742157209,0.010282920052557633,-0.004264340938112233,0.0,0.0,-0.013793346691280729,0.006354316688294484,-0.011385413611481723,-0.0015885938355960408,-0.008836602474543164,0.010487114887965549,0.0,-0.008888938591405425,0.0016013078752833317,-0.00693637097413296,0.020943135459840438,-0.0029112311124000053,-0.026173819443077992,0.0,-0.005479482095081562,0.005455570598009825,0.0,0.00711741688134063,0.007843148823501584,-0.0015561902694606476,-0.021165258965617065,-0.018018495749217666,-0.0074349025916837065,0.012072593686722652,-0.002159494597684602
2024-06-11,0.009389847810716915,0.0028777250462915876,-0.007230810912059533,0.0,-0.0023254698272068353,-0.0010015951988075092,-0.007326090298371189,-0.0062695577694124385,0.007380052193276692,0.0034822080154768738,-0.0051947890168657,-0.01351370860344423,0.0,0.002134496949776422,0.004651213702458826,-0.037041234748868355,0.0027738905911657776,-0.018378509144111328,-0.015384876695635886,0.04659238083713519,0.002954242984259353,-0.01804569299624299,0.033244087082124396,0.008888938591405523,0.0,-0.014018891963911647,-0.005194824156904602,0.00581393707899732,-0.023477694708458733,-0.0010313412859282354,0.008208075419252017,-0.005455570598009811,9.799248199039031e-08,-0.007117416881340634,-0.007843148823501657,0.0,0.005333802114970026,-0.009132533672796215,0.0,0.04688344350974342,-0.0017855738693417554
2024-06-12,0.018519026220178966,0.0879687216034292,0.0,-0.007259592919164371,0.0023254698272068036,-0.002005989835775572,-0.004914005619167379,-0.025479118749075463,0.014598783249224524,0.013809241517636284,-0.007843168167145975,0.01829594920156076,0.010178190896950778,0.002129843988335906,-0.01284292120472313,-0.007575867952268243,-0.005555497059303296,0.0040241714183868,-0.007782169457851615,0.016554031961851807,0.0146415598936165,-0.0015186108701567894,0.018893856269543787,-0.02690742596099341,-0.004811558005508069,-0.0023558289480149065,0.015504208151373123,0.005780330507017334,0.0011304144464889703,-0.004136463243546134,-0.0027285933241704484,-0.008791297377720688,0.0,0.0,-0.0079052188353067,-0.0015590724311882525,-0.010694898843282157,0.0,0.0,-0.013526680519451797,-0.001577448817814982
2024-06-13,0.044850625826131967,0.023408166211516545,-0.0014523322095541984,0.007259592919164286,-0.0034904149247896392,-0.004024092168058659,0.004914005619167343,0.019169834441346265,0.00722019457121889,0.005697887692315672,-0.005263141620424189,-0.009587558477733666,0.005050476028750904,-0.0021298439883358604,0.004689198072650365,-0.023077967191865813,0.0027816064681374787,-0.00968527931577231,0.003898705364781488,-0.030305393746104553,0.0314761113827103,-0.0015208447752804413,-0.013459143991498154,0.018018487369587957,0.008006579809148947,-0.004728192183455806,0.0,0.018558766134610962,0.012352592984579134,-0.003113722374664809,0.0027285933241703916,0.002224667630772875,0.025516497389341662,-0.010772160562089305,-0.017508835877055606,-0.015723454885087296,0.026526355693929117,0.06224222714685465,0.007434902591683578,0.0,0.0007580287989954211
2024-06-14,-0.08223805414866904,-0.015544360804383064,0.005797105455675204,0.0,0.0,0.002014070247385815,0.0,-0.01916983444134628,0.0,0.0034033783359737565,-0.005291055700015948,-0.012603274237610181,-0.012631452891818854,0.0,-0.014268965836169625,-0.01568664542477795,0.01652935847084946,0.007272707454525801,-0.003898705364781418,0.0030722595030020297,0.01120457935201821,-0.001523237164910812,0.029374678373197655,-0.003662986409379955,-0.0031950218036409066,0.0,0.0,-0.00425234040223848,0.0,-0.0020811424773271307,-0.010959045673706312,-0.019069558077575748,0.02298951822469878,0.007194318172736934,0.010810961774712248,-0.0015860405784368253,-0.0105259533084253,0.008583791501463366,-0.0074349025916837065,-0.027615066079970507,-0.0017716284497291952
2024-06-18,0.018868402102358312,-0.007863805407133526,-0.013091048599105572,0.0,-0.004672799158403983,-0.0010065280639083895,-0.004914005619167379,0.006430833883998903,0.0071685271710075415,-0.003403378335973738,0.01055419732044018,-0.013752762319906998,-0.00526313317351141,0.014815148616887508,0.009535353699136289,0.011787966556132404,-0.04470021573641424,-0.0016115995571402474,0.007782169457851714,0.04351781624747581,-0.011204579352018245,-0.00765110872856243,-0.01324528161258067,-0.03738754054552385,0.006379712154398574,0.018779977227910832,0.0,-0.004270426743152391,-0.007842958790586857,0.0,0.0027509702544543956,0.013498467222863878,-0.04058528011507833,-0.014440674973062664,0.0,0.009478613550747972,0.005276148440844541,0.0,0.0,0.0,-0.0007406005873563801
2024-06-19,-0.009389847810716917,-0.02127731933887478,-0.005873719341840055,-0.00543984664882671,0.0011703382868560944,0.0010065280639083628,-0.0049382723663975595,0.02531784263448898,-0.0071685271710075155,-0.0022752133736035672,-0.015873330122424235,0.003948712602837158,-0.007947073078761307,-0.01268530462855168,0.0011853822971069434,0.015504235058475379,0.022599816068285882,0.0,-0.0116961342375212,-0.011817054464317918,-0.03438735219497062,0.0015348509796915628,0.0,-0.009569453236476361,-0.007981020029682033,-0.004662003690043434,-0.005141406631274772,-0.011477896624537466,-0.02275402938426368,-0.0010423054549325507,-0.00827593413881957,-0.002237109956237118,-0.009910883899454019,-0.010969096250312171,0.0,0.009389954343964375,-0.0159154540980362,-0.025975526943964804,0.0,-0.004008077259524876,-0.003955166690535096
2024-06-20,-0.01904805363535519,-0.008097213505833067,-0.007391140564672695,0.003629784861272067,0.005830876422079296,-0.0010065280639083895,-0.002478246262473112,0.02469264555031589,-0.007220194571218864,0.0011382537611491265,0.0,-0.001972257374885003,0.0,-0.0021298439883358604,0.0011841631980636666,-0.027292201614607933,-0.019746784467514267,0.0,-0.00392914019435276,-0.0044676275400554015,0.011594312554114139,0.0,-0.008032179052829488,0.01904808500172713,-0.004819208674722781,0.004662003690043494,0.0,-0.004338432871699968,-0.002304231401017761,0.0,-0.01676007387054864,-0.0022421258403743705,0.005958407188023515,-0.02607210203393332,-0.0026918720567650806,0.004661891696598755,-0.010752326999289883,0.017391735442501336,0.0,-0.01619461193862768,-0.004448021228578721
2024-06-21,-0.029270346413308744,0.0,0.007391140564672632,0.0,0.009259350665421022,-0.007074424140085218,-0.007472065764099759,0.0,0.0,0.007931938326423166,-0.005347644850754713,0.019550864849960655,0.0053050151265490895,0.01691370407991118,0.009422795781122336,0.011787966556132404,0.01974678446751418,0.0,0.02334724948835636,0.0014914538976612479,-0.014513981612412644,-0.009245027882568747,0.008032179052829413,-0.009478631765250751,-0.0048425459596046615,0.0,-0.015584685602159075,-0.005813937078997326,0.009184817222668023,0.0,-0.00848671232921384,0.0055959168215677394,0.0059228236707308275,-0.015209407723730556,-0.027324080933772022,0.0,-0.016349129079416873,-0.026202308224163903,0.0,-0.024794697783396286,-0.0014576833274395507
2024-06-24,-0.014962853921799928,-0.0108992493141885,-0.016333099971161783,0.0,-0.0174322149059011,0.0020264225638569095,0.007472065764099638,-0.05001048818480492,-0.014598783249224494,-0.012492866406284263,0.0053476448507546355,-0.010705633924456467,-0.0079681138460487,0.004184154319890038,-0.003522983638656919,0.0038986788686455687,-0.03989130080786912,-0.00809718833504256,-0.019418109294003498,0.0029761736423942354,-0.07590901530086763,0.016884522796350422,-0.013423010647786488,-0.009569453236476361,0.019231363438024656,0.0,-0.0052493629656298335,0.0,-0.002288292491272115,-0.0010432850998744565,0.008486712329213737,0.023167002525447743,-0.040165944697336246,0.0,-0.01114215249595602,0.0015490712469884902,-0.027856534861318068,-0.05455895741732449,-0.015037907858401891,0.0,-0.0004465121038197354
2024-06-25,0.04423320033510871,0.0,0.0,-0.005449531131609871,0.008172864240479936,0.0030317929143202195,-0.007472065764099759,-0.006430833883998928,0.0,0.010233078074761925,-0.005347644850754713,0.02607583102339949,0.005319124176835615,-0.010493290278172576,0.005865147677436184,0.01160555618982997,-0.044583911433390154,-0.00407334676171363,0.0,-0.0029761736423942024,0.02799559703017502,-0.012251363433519286,-0.027399021876222965,-0.029270389224891443,-0.0031796271584829785,-0.011695956096440153,0.010471247047690594,0.020202630909954507,-0.015003190957618573,0.0,-0.01704591744470268,-0.016492863227248904,-0.04398614818424989,-0.0076924911351528655,-0.005618088340150048,0.004633206114153333,-0.017094416637950714,0.009302443613933417,-0.022989565738391587,0.004175326694699931,-0.0026960490807871745
2024-06-26,-0.019418185355032938,0.008185519729581748,0.011904878630613623,0.0,0.01156073613704636,0.00503275864648944,0.002496940861698741,0.02547911874907547,0.007325985792167103,0.0022597883315223916,-0.008075404518034478,-0.014402625839174173,-0.007989401721135058,-0.00422838447487029,0.0,0.015267621129188886,0.029942408696395792,-0.008196745031952713,-0.00392914019435276,0.007423930229723998,0.00611629134415336,0.004611868519737518,0.005540230617358114,0.03883984246136787,-0.0015936519662897962,0.0023501724185664677,0.0,-0.0057306426443266036,-0.003494566283692151,0.006243660566760488,0.011396094996789088,0.0033204962062911587,0.029538012436863874,0.0038535921760123474,-0.002820816192822952,0.004611726239293262,0.01142819693824333,0.009216594880700589,0.03802747359679338,0.0,0.0035071620866877202
2024-06-27,-0.05026171286295322,-0.002721045941534875,0.0014782536448188022,0.0018197462703376274,-0.005763721053016402,0.0,-0.002496940861698672,0.012738988123167067,-0.0073259857921670665,-0.001129138577947839,-0.0027063811473161253,-0.007767009682356733,0.007989401721135166,-0.010649636099595858,0.0,-0.01142891026234394,0.0,0.0,0.003929140194352764,0.002954193033204767,-0.009188447255360752,-0.02957413375064736,-0.01390841983772606,-0.038839842461367756,0.00159365196628989,-0.014184726431738631,-0.010471247047690613,0.001435760807227873,0.0069769020015575086,0.0,-0.022923634585169023,-0.006652054850620135,-0.0020811662038245117,-0.023347298412862375,-0.01997221933666491,-0.001534580416243391,-0.017192392083588033,-0.01851903849463394,0.0,0.008298816402834731,-0.0037847766409561437
2024-06-28,0.050261712862953174,0.008141093245126843,0.0044215360309499034,0.0018167364248861278,-0.0011566228427603172,0.0,0.004987532050909173,-0.019169902031619685,0.0,-0.0011306497535744592,0.0027063811473161388,0.005830831977311524,0.005291047621425239,0.008528720193753114,-0.003515154046854158,0.0038241342221283225,0.017544224327349544,0.0,0.0,-0.002954193033204762,0.009188447255360827,-0.0031645755583467805,0.011142141293551695,0.009852298796531092,0.003179627158483003,0.004750532881701481,0.02083404856778883,-0.011544223639606018,0.010374772616182781,-0.004158070011953433,0.02292363458516909,-0.008938497475437533,0.004158010148663677,0.027186197372002913,0.05875826758141892,0.0015345804162433206,0.01149388329423767,0.02765157216743002,0.0,-0.012474143097534515,0.0032440821542757525
2024-07-01,-0.024815014980075874,-0.002706317718985147,0.004402151006619311,-0.001816736424886172,-0.001158080880795702,0.0010036053962596324,0.0024845337131906868,-0.012987156950228921,-0.014815163506947022,0.004514598392910115,0.008075404518034473,-0.007782022434046101,-0.010610171798260893,-0.006389764690691957,0.0,-0.003824134222128415,0.0480998655537951,0.007380119809766129,0.0,0.002954193033204767,0.021116849216942953,-0.006359274716691097,0.02732408530342399,0.0,0.0,0.004728192183455871,-0.026111112823033973,0.0158391054767049,-0.0011475792140628338,0.008298815271753402,0.014064971481751119,-0.003372758313685515,0.01646127705407193,0.018975912357676587,0.002713717382046767,-0.006153631397604653,0.011364728489057634,0.018018495749217624,0.0,0.012474143097534496,0.005087368497926166
2024-07-02,0.0,0.029374532844707837,0.007293943143430294,0.0018167364248861278,0.00462429829404646,0.00200397963832358,0.002478246262473145,-0.006557511718664872,0.007435111313670321,0.0,-0.016216552459114207,-0.00489479701668753,0.005319124176835615,-0.006430748758344347,0.004683969790923119,0.007633700135191002,0.002758654553154444,0.0,-0.00787398417484649,-0.002954193033204762,-0.008995510340890063,-0.004796196314873883,0.031832892357829844,0.0,0.0,-0.004728192183455806,0.026111112823034053,0.0,-0.009227193402120023,0.0,-0.02259982571609904,-0.0022549961234230704,0.03015313577508036,-0.018975912357676716,-0.041499765626800765,-0.004640372202830348,-0.005666219699707299,0.0,0.0,0.008230512501898529,-0.00015017410982269796
2024-07-03,0.024815014980075763,0.020834204058142625,0.01156079808433364,0.0018130484363859465,0.0,0.00299856658382275,0.002472249255845263,0.013072044184067875,0.014706037985443766,0.024473159844659982,0.010840224354429159,0.008793476664980612,-0.0026560254573359237,0.004291793255283368,0.038950841600924165,0.003795210127153039,0.04576835061136524,-0.0024540148206274566,0.003944843980493675,0.008836678279784453,-0.009077313958821314,0.006389750834924533,0.03085086728519463,0.028987543664836742,0.004750448320240506,0.007084021131470769,-0.020834048567788883,0.01277528374453348,0.008078538118944597,-0.0010335800084926802,0.008534854234347833,0.012339220955729488,0.04831847966641481,0.007633569740117054,0.027857001432261518,0.007721921291586639,0.016901802629285884,0.008888889500676855,0.0,0.004090042183963226,0.010805254914453255
2024-07-04,0.009756347169239498,-0.012970398651009147,0.005730739769778658,0.0,0.0,0.007952212988824125,0.0,-0.006514532465402982,-0.01470603798544375,-0.004405326696994025,-0.0026990764133493,-0.013712250793815106,0.013210206252272828,0.004273452452837351,-0.006764223457748641,-0.015267621129188799,0.0026280879435772865,-0.0008193667579867401,-0.003944843980493658,0.002928240798235916,0.02698820900199084,-0.003189652509806261,0.0,-0.019231366411652146,0.0,0.0,0.02083404856778883,0.0042222707656486185,-0.009237908648580075,-0.00414503615063535,-0.022923634585169023,0.0033388601327023794,0.0037664827954768648,-0.02307798241028746,-0.005509749928840421,0.006135203406535652,0.022100805540036482,0.05173575124894618,0.0,-0.0040900421839632824,0.0008849151336588252
2024-07-05,0.0,0.0026075861499871675,-0.00716860970400854,-0.0018130484363860786,-0.0011541896575901313,-0.005958223354490205,-0.002472249255845279,0.03215705898184855,0.007380052193276692,0.0,0.005390752041181045,0.006947835333849312,0.005235577568253836,-0.006417100396882897,-0.006810526543105686,0.011472411002035856,-0.010554180420226822,0.004090006800800737,-0.00396046742692368,-0.004395621201032449,0.00589978411797939,0.0015960979897557883,-0.0025349405300197454,-0.009756177253184676,-0.0015808991548278675,-0.004717040200161555,0.0,-0.0014053473104240234,0.012680225769388643,-0.003120199112625452,-0.0029028436783551433,-0.0011118291758857063,-0.017062119521889997,-0.015686586135778856,-0.01952643531059824,0.0,0.0054487444720587265,0.0,0.0,0.0,-0.003550430453972441
2024-07-09,-0.019608508227515337,0.02061921025924901,0.0028735206822292215,0.005429705595890839,-0.0011554049129003212,0.0019900215506775546,0.01717836828393613,0.0,0.0,0.004405326696994143,-0.005390752041181113,-0.013944381543734235,-0.0026142960102283003,-0.019502138787866323,-0.003422617645416022,0.011342387401544236,-0.016043113659411856,-0.000816625222186561,-0.0079680964776833,0.001467380402796457,0.0,-0.008006488108269086,0.0,0.00975617725318458,-0.0031695491654125975,-0.019093680735932067,0.0,0.013966664176596606,-0.008050664988912874,0.0031201991126255362,-0.002911068186242654,-0.0055771910744556695,-0.007677486653865782,0.003944801433946203,0.0056180883401500195,-0.001530443743788759,0.0,0.008368194974638579,0.0,0.004090042183963226,0.0021082553738418293
2024-07-10,0.009852161058275903,0.007623991850989974,0.017070310163435475,-0.001806595371950316,-0.0057970150840300156,-0.00398401118501137,0.0072726187541584325,0.031155037016199746,0.0,0.008752517571861601,-0.00542003825022539,0.004003989870704695,0.015584687569113192,-0.006586267461182534,-0.009184967009523825,-0.00754717727439114,0.01604311365941194,0.002448007371250063,-0.0040079843710019375,0.017442265468722375,-0.011834582366574392,-0.008070948310636329,-0.002541258456989164,-0.009756177253184676,0.0,0.014354345102767174,-0.005167977363193649,-0.0013879352728658457,-0.006952525968705651,-0.007295522772290871,0.008708428281463912,0.0,0.005763704716750134,-0.019881488127353675,0.005586487551439184,0.0,-0.016438725054564424,-0.025317846497957312,-0.007490779030869333,0.008130038869020367,0.0024498656633733587
2024-07-11,-0.00985216105827586,0.012578766408424771,0.0,0.007207173361203054,0.004640392241269567,0.00398401118501145,-0.0048425522062148655,-0.006153807330107078,0.007325985792167103,0.02368255679828172,0.0027136571029092132,-0.013072169835356886,-0.005167999613321921,-0.0022050976473548837,-0.008106555634472566,0.026169570644849344,0.010554180420226792,-0.015606055808235363,0.011976080848685256,0.011461444160455355,0.020619360314210515,-0.0032469340209102505,0.04234756663032168,0.028987543664836742,0.006329006740016172,0.00473933563316492,0.0,0.01379328009130056,-0.0058309156505499185,0.0031330182047327715,0.020029118168302825,0.004464124358392527,-0.013500687218902576,-0.012121327307886553,0.0,0.03165304481887506,0.005510126974208556,0.03361669482880288,0.0,-0.004056757265763204,0.002924568016560994
2024-07-12,-0.009950318412409499,-0.012578766408424783,0.00562580601214357,0.005371471390060526,0.0034662174132509,-0.0019900215506775945,-0.0024300665479435463,0.006153807330107085,0.0,0.0,0.0,0.0020223369862685005,0.0,0.010976964222021336,0.0046403784382742334,0.014652321929134285,-0.021220874259543818,-0.006644590553236231,0.003960467426923763,-0.008583762879556055,-0.008784777947636156,-0.006525179050475607,0.0,-0.009569453236476361,-0.0015785584197756059,-0.004739335633164951,0.005167977363193635,-0.009635311107394599,-0.014134462002989838,-0.0010432850998744565,-0.002836889881300206,0.0143729938269778,-0.03960923767125452,-0.004073243134939266,0.002781726231968899,-0.005952389452370635,0.0,-0.016667043305484082,-0.007547128827532561,-0.028867979386653416,-0.002504449832065845
2024-07-15,0.00995031841240958,0.012578766408424771,0.0069880401731801265,0.015943724008182118,0.003454126482525945,0.009910740751139816,0.004854305689466644,-0.012345718610229112,0.0,0.023134536384103718,0.00809713318849725,0.003025655769812753,0.005167999613321995,0.025863484059601278,0.00346617719619836,0.007246382022095634,-0.008075441345307318,0.007471961727050132,0.023438559534436736,0.010007278526825106,0.017493197123104095,-0.008217014114789646,0.009708665589327734,0.009569453236476452,0.0015785584197756546,0.0,0.01025651435613748,0.0013821802403989805,0.0,0.007280455406799021,0.0028368898813000993,0.007654623142167757,-0.0040485889299604425,0.032131257136233264,0.02197892992837262,-0.0029895342701479997,0.005479853608297027,0.024897488718018442,0.007547128827532514,-0.016878169958716164,0.0066237762055994425
2024-07-16,-0.009950318412409499,-0.002503152114195982,-0.004186886064670274,-0.005286284272563536,0.0,-0.00395251739664965,0.0,-0.006230572912017978,-0.0073259857921670665,0.03171629909049563,-0.005390752041181113,0.008024177079275501,0.0025740511962604974,0.012685304628551618,-0.0011541579249472586,-0.033030453530224636,-0.005420063458503844,0.00905729568455714,0.003853533934413354,0.0056737374083357765,-0.017493197123104133,-0.016639403093375603,-0.004842550567496868,0.0,0.0015760704999020136,0.011806548251892925,0.05460402100307867,-0.0013821802403990052,-0.0011868926609836963,-0.010416857310388649,-0.01714317972176363,-0.013158146684143987,0.006066852662406322,0.007874000215954904,-0.021978929928372696,-0.0029984983905418294,-0.005479853608297053,-0.00823044541253434,0.0,0.02521156479129645,-0.0023711597651463515
2024-07-17,0.04879016416943204,-0.005025117450364902,-0.0013997094976221627,0.003527356393291505,0.0011488860706665794,-0.0019822388811758227,0.009638611172222903,0.01242248419213998,0.014598783249224524,0.01697492095739298,0.024033237870789297,0.024668274618315375,0.03038206272177708,0.010449325728417825,0.005757157034158476,0.0037243352522394082,-0.02197895918374454,-0.002462070822450429,0.007662901639153626,0.00845077332256661,0.017493197123104095,0.011676671385511619,0.004842550567496862,-0.009569453236476361,0.0,0.009345783677873793,0.033257150420315434,0.00276245269518129,0.0,-0.0031461613092242987,0.01714317972176354,0.0022050453988750334,-0.0020182637324457635,0.0,0.027399020356394153,0.014903382746528448,0.016349129079416862,0.016393800894476434,0.0,0.0,0.004651076416427432
2024-07-18,-0.048790164169432056,-0.017789506417770454,0.0013997094976221968,0.0035149578713614886,-0.010386853284596645,0.0019822388811757347,0.019002912792106606,-0.0061919112801220415,-0.007272797457057453,-0.018991066174245983,0.010498727547372749,0.018349097818020174,0.012391708313608828,-0.00208108570519207,-0.01038655339955331,-0.003724335252239486,0.0,0.0024620708224504305,0.0038095919339801707,-0.001403609650697852,0.014347387118907689,0.0016569269782363946,-0.012150751123428135,-0.029270389224891443,-0.0015760704999020477,0.0,0.0,-0.004146546002305366,0.002372440739832721,-0.0021031347665611544,0.019635961065435678,0.019629838248395322,-0.03077155909054505,0.015564507454841508,0.008075447981932313,0.004428044819622768,0.005391230270977826,0.00809715744677624,0.0,-0.020965214321463796,0.00016528350118244264
2024-07-19,-0.015113618675277668,-0.012903453046651034,0.0,0.0,0.0,0.0,-0.002355647614556391,-0.012500209378333849,-0.0073259857921670665,-0.0010095465651118619,0.005208317272369588,0.028303827463073188,0.0,0.006230516690551532,0.003474144961658522,-0.01503782106585447,-0.0055710411972788015,0.004090006800800737,-0.0038095919339801443,0.0014036096506979331,-0.02597547535267415,0.00330580472962761,0.00487816236930647,0.019608476049715613,-0.0015785584197756059,0.04546228452233818,0.0,0.0,-0.0011855480788491005,0.0010521746218971726,0.008298899137391865,-0.017429531753294623,0.0,0.015326060875269935,-0.005376448692006652,-0.013343394905461462,-0.01081176127003869,-0.016260512928718288,0.0,0.01680714618358339,0.0016756508674810266
2024-07-22,-0.005089127107036748,-0.007822663731405558,-0.004204792661498081,-0.0017560299920895588,-0.003486239376064804,-0.00396820180381268,-0.011862450570072902,0.018692120658455914,-0.007380052193276721,0.008048186559284753,0.00259405398469346,-0.0065329358820140565,0.0,-0.016701830839530373,-0.016317495959903717,-0.003795210127153024,-0.028330486701174808,-0.006552077623251183,-0.019268340788706054,-0.014124510730902361,-0.005865108889337623,-0.009950380970456134,0.0024300381866249306,-0.019608476049715703,-0.011119844923333962,-0.006688918218446459,-0.028437856823982435,0.0,-0.0011868926609836963,0.0,-0.027934860202827625,-0.0110499262870285,-0.010471299867295366,-0.03876456854606631,-0.002698999289925656,-0.005988032660689899,-0.005448744472058792,0.0,0.0,-0.016807146183583328,-0.008887319091640734
2024-07-23,0.005089127107036711,0.0,0.011173428468646445,0.0,0.0034862393760647886,0.003968201803812708,0.0023837242889762334,0.01834920711890454,0.007380052193276692,0.0010014582050602147,0.005168007482895338,-0.024645771629480243,-0.002466075226320956,0.0021030741257532085,0.010520349654114478,0.00757586795226821,0.044951424703903946,-0.000821995588028176,0.003883464093070221,-0.005706186992175955,0.0,0.021435388067532053,0.038100073450836165,-0.009950333253757828,0.007955388116110703,0.011123619525604143,-0.03423309544293291,0.0,0.0,-0.0021053485688551036,0.014064971481751119,0.003327749233168542,0.029047685440230817,-0.011928537039242851,0.005390871346690664,-0.0045145630174751854,0.010869275471119847,0.016260512928718374,-0.007547128827532561,0.025105962586417882,0.004680631238923789
2024-07-24,0.025063937087687057,-0.007884538178266372,0.0,-0.0017589278792719488,-0.0023227689231162495,0.0019782114962751097,-0.004773332534057532,0.0,-0.007380052193276721,-0.007031569790598351,-0.018205964666906996,0.0019174407308851454,0.0,-0.008438964970129078,-0.004661951310657422,-0.003780657825115183,-0.016620938002729155,0.0016435119150207094,-0.0038834640930702014,-0.010064759050761476,-0.002945541133719941,-0.0181075811580927,-0.011751121792616526,-0.010050338302587954,-0.009554292441430804,-0.002214779324770125,0.009901021555478668,-0.0027738756767818483,0.0035565225703260398,-0.004224041457701837,-0.00841514903383758,0.003316825159884265,-0.020661994966301986,-0.004008149654164556,-0.0026918720567650806,0.0015069363768184327,-0.016349129079416873,-0.024490958341252672,0.0,-0.016666976266028807,-0.005254094984601821
2024-07-25,-0.014962853921799928,-0.024033144262852923,-0.0013898326294126675,0.0035149578713614886,-0.0011634704529485925,0.0019743059003746277,0.007151388191325199,0.0,-0.022472972948797226,-0.006066694542107872,0.0,-0.012530175295511604,0.0,-0.010649636099595858,0.005824096367390648,-0.01142891026234394,0.0,0.0016405544954579577,-0.003898705364781418,-0.005797155755124756,-0.008889041232854422,-0.0016625191680050685,0.0,0.0,0.0015989043253202728,-0.004444669472386963,-0.004938098067534042,-0.028170936103488746,0.011764832093647558,0.00842999004734288,-0.005649822447913649,-0.0033168251598842346,-0.014721508923014638,-0.024391278482788284,0.0026918720567651157,-0.004528413832551313,0.0,-0.016667043305484082,0.0,-0.0042106951864173126,-0.003683175674368905
2024-07-26,0.005012535509390436,0.0,-0.0027855488057107083,-0.0017560299920895588,0.0011634704529486263,0.0,0.0,0.0,-0.007604639609292989,-0.007124820006092266,-0.007905170065711543,0.0009693115916861506,0.0024660752263209523,0.0,0.001160856287397293,-0.01156083319250351,-0.0056022516532104214,-0.05129325665181465,0.003898705364781488,0.002902816490820475,0.005934798248595106,-0.005004122677588346,0.004716917308840696,0.0,0.0,-0.00894847420790022,0.014742175025535735,0.0014276356652803176,0.0035026646143457227,0.0,0.0,-0.004439578409054288,0.0,-0.016597988448256037,-0.0026918720567650806,-0.004548791254138253,0.0,0.01666704330548406,0.0,0.004210695186417369,-0.0014250349594533466
2024-07-29,0.0,0.005390895786847958,0.009715475770500505,0.0017560299920895712,0.005797015084029978,0.005899637585468563,0.007100670623828992,0.0,0.0,0.01419913135641853,0.005277028702100817,0.002902891118151621,0.004913980518637092,0.006403296441173211,0.005783554290341999,0.0,0.0,-0.029774517479614657,0.003883464093070221,0.01866528530724169,-0.011904881616586179,-0.013468200399145027,0.025552967366004504,0.0,0.0015961174783207393,0.01560792300505726,0.01932436067324856,0.005689883647611345,0.0069686757164069,0.003143190231833633,0.002828937862426796,0.01216175546291433,0.006335818449085924,0.020704687231538975,0.013387137724970952,0.0030350101920531155,-0.005510126974208544,-0.042200486330266435,0.0,-0.008438986320389148,0.007215642087076186
2024-07-30,-0.010050323161414531,0.016000281701211917,-0.00415211589238363,-0.007042314264653009,-0.0057970150840300156,-0.011834393863293886,-0.014252058815154093,0.0,0.007604639609293074,-0.013178141327025645,0.002628141363610612,0.008657972585673778,0.009756168912415701,-0.006403296441173303,-0.0011541579249472586,0.015384967414631932,-0.043048186498071205,-0.03620294833830759,-0.0038834640930702014,-0.008571574697404548,-0.049089598632173916,0.0016933204412954367,-0.011534146484758619,0.010050338302587955,-0.008006579809149083,-0.01336320050733544,-0.004796363743796045,0.0,0.0011566274519664197,0.004175323659665281,0.0,-0.0110499262870285,-0.029916761037992692,-0.012371256750132079,0.0,0.012048319925835054,-0.0055393057346995725,-0.062242227146854616,-0.007604708557906062,0.06559729077962353,-0.007798659755564951
2024-07-31,0.0,0.0,0.030056880061591726,0.008795075845124192,0.0,0.013793335238576817,0.007151388191325199,0.0,0.015037861635126805,-0.024794527025158938,0.0026211205043502714,0.009533010207616866,0.0,0.01276606323977445,0.014899898730382003,-0.00766284508897324,0.0,0.0009211220875707776,0.01160543914955255,0.0,-0.0417396512562886,-0.018787753800595608,-0.004651100088970837,0.0,0.012779858933921721,0.0022395809817312325,0.00956964864273438,-0.0014194569044588257,0.02511548101192214,0.0041580700119534155,-0.0028289378624267994,0.011049926287028418,0.01078748535598576,-0.004157925793627493,0.01058208637564771,0.0,0.0,-0.05661898176415532,0.0,0.007905192607414856,0.008420104267812914
2024-08-01,0.020000641573824144,0.0,0.0,0.0017498846244104185,0.009259350665421022,0.003906303406504215,0.011806614515634096,0.00604225685194904,-0.007490616380545146,0.007295500099360476,-0.007884262124774348,0.0018957259800547587,0.007255242796828706,-0.019210734235346617,-0.0011381561504948017,0.0038387108668447847,-0.008836611737300902,0.0036763918335298773,-0.011605439149552586,0.0,-0.016529314032582034,-0.003454252095993344,-0.03317835286392032,-0.010050338302587954,0.003169549165412557,-0.0022395809817312537,-0.004773284898938356,0.001419456904458822,-0.02858956795586147,0.005173258083584674,-0.014265545954894635,-0.017738946537369894,0.008547166351469942,0.0,-0.01324521506215614,-0.001498235036081441,-0.0168071021524099,0.0,-0.02316710972516827,0.003929332970769819,-0.0008123196875271065
2024-08-02,-0.04040955180467736,-0.05436121180129261,-0.004045868128027358,-0.0017498846244104471,-0.005777039304947205,-0.0019512966262483847,0.004683901672849944,-0.030583375250975684,-0.030536787987901937,-0.008342134957873323,0.0,-0.0018957259800547932,-0.012121398528114303,-0.0262024516957351,-0.014916993983623361,-0.01156083319250351,-0.03922072196633166,0.013667711022109562,-0.023623233685873022,-0.010093710609837063,-0.05833551711839169,-0.006944507168788727,-0.02934192512407966,-0.010152373963085886,-0.01113785009382634,-0.0044944951127727254,-0.019324360673248515,-0.009978772418302502,0.02066665473894033,0.0010313412859281291,-0.0057635722134081815,0.0011179293956294013,-0.045709916739630624,-0.021053531790493428,-0.0053475603464559155,-0.0030028909257491564,-0.02865622559911861,-0.04976142741895493,0.03077181828307446,-0.04000529908552835,-0.008160000133815421
2024-08-05,-0.1619126973314499,-0.09057280868021102,-0.054142354656963106,-0.015887336244237986,-0.015178443621902335,-0.03376680306620118,-0.035675721914427874,-0.006230572912017978,-0.06402179070793408,-0.052671933331039505,-0.02403323787078921,-0.02789994477194336,-0.04489525775614833,-0.07104935378431071,-0.034100915534557824,-0.06402162426693993,-0.09684983634649671,-0.013667711022109567,-0.05739280191481943,-0.0628009627449762,-0.13201804892386032,-0.07598592980418759,-0.10729236083875304,-0.07410792457531465,-0.029222784157174084,-0.034367634674166044,-0.04489531766995923,-0.05901406782984565,-0.020666654738940287,-0.025053325154856254,-0.05954156820143717,-0.0056024170250824745,-0.12057077268003594,-0.06595789461470118,-0.060792312823180907,-0.03831891846462904,-0.06608966757044313,-0.10196497584121336,0.0,-0.08072328788333595,-0.04739209744884757
2024-08-06,0.07020424705676169,0.03898548869717611,0.026743364280405357,0.0,0.028987676341370266,0.020000699928544273,0.01680715006867626,-0.012578745493952702,0.0,0.008791104504287476,0.010752801602333493,0.04390025593103391,0.03262518883006039,0.021152381093204192,0.025975419507136104,0.020450588408572855,0.026757430285027917,-0.004597513921100499,0.03727148008371852,0.04082200738058957,0.0663010054371098,0.04950596070951684,0.03794487843455726,0.0,0.022802267607167984,0.04333651476459545,0.015190250794030859,0.03582467796516564,0.04313931489500133,0.014690655773390016,0.03614854467329984,0.005602417025082574,0.010000022028336579,0.022472637105795532,0.019746704003752568,0.01857624597620489,0.024541618332341857,0.03333647146219811,-0.015267597859334243,0.04752506174502795,0.024373831778022464
2024-08-07,0.0056338109383464,0.0,0.017894360766528943,0.014134574663766766,-0.01729154407994178,0.0039525173966495734,0.009478726281096726,-0.006349251196299001,0.0,0.006543148940174317,0.0,-0.029372079212145668,0.009828082354879874,0.01156083847028291,-0.009367565010529948,0.020040622895372513,0.057708355903589185,-0.006472606831784033,0.012121352922067547,0.029199119164431544,0.0333981761991207,-0.030883447230146816,0.0339901902065426,0.02173992575650795,0.001608958544498018,-0.006719107475378544,0.03457126321916876,0.021755761132991956,-0.021337050422201447,0.0103626693814662,0.00883675999880176,-0.002237109956237118,0.08348116778281582,0.013245420528418287,0.019364521114339832,0.004590779264270428,0.018018488472779662,0.02162245347905145,0.00766288930142812,0.029108183954344682,0.011041517755307715
2024-08-08,-0.005633810938346338,0.0,-0.004100956583182393,-0.0035149578713615827,-0.00817286424047997,0.0,-0.0047281945513307595,0.012658360223935818,0.0,0.012959020711420953,0.0,0.004796197162974376,-0.014778552719887079,-0.004608355747175639,-0.008269357637635985,0.01183446769884888,-0.003120086253862775,0.000927248108384381,-0.008064589733515473,-0.011577478728181777,-0.01841664946300706,0.0091827561434282,0.007682503541942576,-0.01081085305226003,-0.004834741918524788,-0.011299474560527248,0.0,0.004294881837098683,0.01016387618957701,0.0,0.0058478352478716035,0.0011191805606075463,-0.03256101604931219,0.025975524548610022,0.008185549295134764,0.0,0.0059337988749420985,0.005333311453724483,-0.00766288930142821,-0.0333364750883165,-0.0009364382705683895
2024-08-09,0.03333651802381594,0.04879009075317046,0.0,-0.00529571142984203,-0.0035232680209484053,0.001970415695779216,0.0047281945513307335,0.02484592798856297,0.0244909424640904,0.01596634716478749,-0.0026773970842991148,-0.0019156040176629796,0.014778552719886998,0.016037067274795713,0.008269357637635866,0.0,0.012422433806108937,0.014719636610335513,0.01606455864254897,-0.0014566930096749442,0.00740733748823199,0.0,0.03509139288071754,0.032088256988160035,0.004834741918524916,0.01801858203590577,0.014458164330008152,-0.004294881837098841,-0.007896339132908796,-0.01349263461678962,-0.002919642982890837,0.0,0.027973852042406162,0.0,-0.00818554929513471,0.00760469926014927,0.01759576189037966,0.021053399876705067,0.0,0.025105962586417882,0.003558872992199708
2024-08-12,0.0,0.0,0.008185530205349116,0.0,0.011696132261428493,0.003929221889689432,0.004705943891805126,-0.006153807330107078,0.039530848243843675,0.0010554719506905138,0.013315804907467322,0.0,0.0024419865712079257,0.004535206683028015,0.005865147677436184,0.003913832531328719,0.02137488249994705,0.004555840302580547,-0.007999968909033347,0.014472014718228208,-0.003696719195549208,-0.01659014244130003,0.009803968981826736,0.0,0.004811558005508121,0.00445411422252105,0.02830375243534912,0.0,0.009019255612933604,0.016580716706831873,0.034486127295084476,0.0011179293956294013,0.02497292093137988,0.008510517690558992,0.03234783200342171,0.0,0.005797613815823334,-0.026386711330429538,0.0,0.03252324388401427,0.006625653831147769
2024-08-13,-0.010989246001961623,0.008368323086778272,0.008119216240161166,0.005295711429841907,0.0,0.0,0.0,-0.025001229686092686,-0.015625301692653956,0.0021073892366150586,0.0,-0.0038425413123766884,-0.002441986571208043,-0.009091075207008763,0.009313218486938958,-0.003913832531328819,0.012012147941080274,-0.009132604268415941,0.00400798437100202,-0.013015321708553263,-0.0224729075470369,0.01841672712398285,0.02171372154150999,-0.021277403935899983,0.004788673769930741,0.015435945925373,-0.02353046753641071,-0.002873585987852859,0.028763091629159656,0.0,0.0,0.016621017141740402,-0.0226767086710297,0.012631821844032049,0.01055416466638883,0.0,-0.01749314869225766,-0.03261163600119229,0.0,0.0,0.0017784987517231385
2024-08-14,0.0,0.0,-0.0013487421928498175,0.0017589278792721,0.009259350665421022,0.0,-0.00943413844313596,0.0,0.00784321869267961,0.015666075993646802,0.0,0.012434389636235629,0.021766186318399456,0.0181001344762143,-0.0011594500880819144,0.027080912678777592,0.01775200586823868,-0.010142872644500098,0.007968096477683291,0.004357314928136709,0.0,-0.005489611146715492,0.0,0.010695291890250246,0.001591038384468006,0.00871474475782817,0.0,-0.004325847100778078,0.060303804588997895,0.002053365496574184,0.0,-0.015504336116784126,0.015927526696101278,0.004175504687779414,0.007843143834522696,0.013544204224887132,0.0,0.016438817266130182,0.0,0.015873276916606126,0.0017567169294598593
2024-08-15,0.0,-0.03390156602138722,0.016064712352926395,0.0017560299920895712,-0.00693658174230492,-0.0019626810980038238,0.011778739510208615,0.012578745493952652,-0.00784321869267957,-0.020943229036043096,0.013140755992660102,-0.0028558187774858925,-0.004796078076714613,-0.006749258800347127,0.005783554290341999,0.00380956591306244,0.01455632260057701,-0.01682292965379476,0.0079053114074173,-0.001450430546961893,0.0,-0.027908651084093197,-0.00478474174934787,-0.010695291890250296,0.0015885887740149714,-0.015300867846053225,-0.004773284898938356,0.0,-0.026002483929988898,0.003072164242865165,-0.00851064089182377,0.0044544098297556465,-0.0067950431328288015,-0.025317844222370555,-0.010471277390632562,-0.0014958842990520963,0.0,0.0,-0.039220701837711494,-0.019881354176131013,0.00036583739265371763
2024-08-16,0.010989246001961776,0.019915271311023334,0.017116816610900653,0.006992972098729692,0.0,0.007827925879791,0.004673019381072956,0.0,0.015625301692653974,0.004223904210400452,0.005208317272369588,0.0009528778862902402,0.002400944730334082,-0.002259800468858424,-0.0069444105777393215,0.00757586795226821,0.008633104797241331,-0.004723548796224057,0.0,0.001450430546961967,0.01876228925435427,0.060402559689341426,0.004784741749347927,0.0,0.0,0.017467545787499615,0.00952371110487908,0.0014440539664726695,-0.008465629625498966,0.0,0.0056817030293968935,0.003327749233168542,-0.009132483563272474,0.008510517690558992,-0.010582086375647767,0.002989534270148152,0.023257343837602366,0.03208823480970118,0.0,0.0,0.006772114167333845
2024-08-19,0.01626043227550991,-0.022792996357314976,0.0396725128465372,0.03087719318655378,0.03421095784915186,0.03260120453126895,0.05664017138448927,0.00623057291201783,0.0,0.017755119482686432,-0.01570704481974231,0.004750532187153032,0.02837073794481273,-0.004535206683027912,0.009248558580106888,0.01125716324073934,-0.005747137951034471,-0.004746193625464031,-0.003944843980493658,0.0,0.03290972062053527,-0.02518113379494872,0.0,0.010695291890250246,-0.004773279124772725,-0.01526738557345037,-0.0047504262059406745,0.002881793134305417,0.009518881336015778,0.027233258034214326,0.002828937862426796,0.005521870558759324,-0.037387649429295795,0.02922981029228817,-0.0434851573712907,0.0,0.028329999567529452,0.04124300133520366,0.00796828406215295,0.004008077259524887,0.015156390445738145
2024-08-20,-0.027249678277471635,-0.01159428957783016,-0.015170929213620628,0.0,0.01777829459344156,0.0,0.0282321204897328,0.0,-0.015625301692653956,-0.009538962298221959,-0.0026420284452873923,-0.019139247505363187,0.038861935567780906,-0.02298954999790297,-0.00461355733105093,-0.022642597106070122,-0.09993183368026559,-0.010521465023934305,-0.00396046742692368,0.0,-0.014493071157528228,-0.00182316366358401,-0.04141879054564642,0.0,0.007942828290185455,0.013100707632003914,0.023530467536410762,0.00716846782495152,-0.02020262124715431,0.0009946215604745609,0.0,0.0011009275401798646,-0.08441728830234597,0.00819670803996233,-0.01398630212355828,-0.004487769306229462,-0.005602654684178566,0.010050330998445116,0.03125241777555864,0.0,-0.0036032156508657384
2024-08-21,0.01643870710152143,0.014472014624121947,0.005082524034095396,-0.003384113529064534,-0.0110744545393872,-0.007575785736540918,-0.00860218708599731,0.0,0.00784321869267961,0.011646467027497567,-0.002649027254728661,-0.001934324135115454,0.0,0.01614805465614492,-0.0011567678675148882,0.00380956591306244,-0.025807865354579757,-0.0009618071975076352,-0.0079680964776833,-0.008733699170969347,0.0,0.014492900106501054,0.0074350455635557,0.0210534145714931,0.0,-0.021930768700813504,-0.042761916765357184,-0.0071684678249516,0.05841066416663658,0.006934074073336254,-0.0028289378624267994,0.0065787770211264114,-0.028911279646981657,-0.016461266006811425,-0.0056496844912213035,-0.018154784149902937,0.005602654684178451,-0.005012509216596632,0.0,0.0,-0.004545382309037533
2024-08-22,0.021506247356699367,0.011428724352015007,0.0,0.0033841135290644422,0.0077648974584654746,-0.007633719299887757,-0.008676827241499731,-0.006230572912017978,0.007782082999974313,-0.009518892400149446,0.01317531782479032,0.026744731677015462,-0.006749192240389292,0.004566155569774787,-0.00580393610229753,-0.007633700135190927,0.022618111913674285,-0.008700001271271325,0.003991984538031384,0.007283268624007346,0.003643119077546957,0.04225993465698771,0.007380053627524491,-0.010471302525843334,0.0,0.015401868298952189,0.009661800586211989,-0.0028817931343055312,0.029942434449166843,-0.003956438592648837,0.025176301229894515,-0.0054793980662057006,0.11332856794932776,-0.004157925793627493,0.0,0.010630415486978205,-0.005602654684178566,0.01496277582438928,0.0,-0.012072650329132148,0.0038694748452347467
2024-08-23,-0.05465841554172899,-0.0495007138397365,0.0,0.0016877718468108712,0.0,0.0,-0.01315817463969532,-0.006269636466315945,0.0,-0.017149256174624494,-0.007884262124774348,0.0,-0.006795053538273381,-0.004566155569774905,0.0,0.007633700135191002,-0.016103516228934328,-0.009756226414289134,0.0,-0.005822319415419792,0.0,-0.015638972360434215,-0.014815099191080238,-0.010582112045649773,0.001580899154827775,0.010857792098930218,0.0,-0.010152369950697309,-0.0029543962404025874,0.0,-0.01111132974814341,0.005479398066205723,-0.016806881611931248,0.008298742617552096,0.0028288682983984037,0.001509542290989092,-0.028491540028695472,-0.030152964116116947,-0.03125241777555856,-0.02045059355488218,-0.0036126504789605034
2024-08-26,0.011173287264302747,0.005952376638004929,0.0,0.0,0.0022076256092107573,0.00953312932403438,-0.004424661456622108,0.0,0.0,0.009682529442104461,0.0,0.01124664301672929,0.002270190345077714,-0.009195571933037711,0.0011635576640231843,0.011342387401544236,-0.016366925861779753,-0.009852270198955751,0.003976111939651975,-0.013225868286608156,-0.02952247640306408,0.0034965247108796464,0.024571184025967415,-0.021506144942510307,-0.0031644568072232825,0.0021575486723909424,0.004796363743796091,0.014471988265627692,0.006879752659237953,-0.003972257041162016,0.0055709895836844135,-0.0054793980662057006,-0.022032895349407635,0.0041237411429243505,-0.002828868298398373,-0.003021477455732817,-0.01749314869225766,-0.020619339569534448,0.0,0.0,0.0019665751298652365
2024-08-27,0.0,0.0,0.005056958515303985,-0.0016877718468108845,0.00220265002688196,0.01506598095910185,0.0370008845924588,0.0,-0.015625301692653956,-0.004291898040641259,0.013106309787570125,-0.01218963721108756,-0.004545430680430496,-0.0023120503093306257,0.0023230013441306496,-0.042232865993384223,-0.02675743028502791,-0.010750590257078838,0.003960467426923763,0.011764919078020413,-0.003752296698126993,0.015584723402521958,-0.009756084834887142,-0.021978978461038072,-0.0015859915130171452,-0.0130153407713212,0.0,0.0,0.0232343661960176,0.0029805941629618077,0.04348524052180795,-0.0022003064951006744,-0.03526807783470758,0.004106698783282978,0.022409925327327364,0.0,0.0,0.0,0.00790509907054536,0.040491328193205584,0.008100357623127016
2024-08-28,0.005540173819205329,-0.08351051483933156,0.05519481484293744,0.03974033103170789,0.01960852391106874,0.014842658060914204,0.02531776034906372,0.0062696364663159514,-0.03200269708381584,0.0010748667370090647,0.028243285689293948,0.026072208328981765,0.0135748888173891,0.02739905567519211,-0.003486559008153867,-0.044095210860374906,-0.03800113417843462,-0.001803148458165051,0.015686654319297444,-0.008810726044815701,-0.07006752761258637,0.045347798486227546,-0.04255957015976773,0.021978978461038197,0.0015859915130172406,0.004357074580475982,-0.004796363743796045,0.005730642644326683,-0.0019156267854044593,0.0455726780455081,0.021053402022494137,0.007679704561306399,-0.03390155167568134,0.008163252391618673,0.038048089972234654,-0.016781341895353345,-0.035932077980952194,-0.03713949789657531,0.023347318705013175,-0.04879014459604014,0.013794204637397216
2024-08-29,0.002024550990547422,-0.019544603489383205,-0.04640631025441633,-0.008149953006350632,-0.004324453553124174,-0.01671343884458361,-0.021053369670729755,-0.006269636466315945,-0.03306082597265872,-0.008630244600868581,-0.0025348737242722784,-0.001839918100337328,-0.0022497610520750004,-0.029716696414320815,-0.016432169210604686,-0.004106821897599811,-0.03220307247654299,0.008585490183335555,-0.019647121746221085,-0.01037812326292884,-0.012170662975714733,-0.035091246815947184,0.020253731154825587,-0.0331522820861243,-0.0031745802870321994,-0.002176108760147569,-0.01854618196786684,-0.004294881837098841,0.01333325839681215,0.008494624175576369,0.007782029074123977,0.0054495378049926714,-0.029611854046644487,0.03200281543524027,0.02110891789540511,-0.004625948496483558,-0.0436211497232299,-0.010869666912905538,0.007782192341631116,-0.012578855049611494,-0.01303191136661534
2024-08-30,0.005602226520565318,0.03554492438603237,0.024692561641192882,0.003267991550863923,0.012917439970252123,0.009319697325225734,0.025211372110788145,0.0,-0.01694964732849222,0.0010829038891621958,0.020101133853360178,0.001839918100337249,-0.029716321030588903,0.0023176407391285936,-0.007125980807948915,0.020367173757439717,0.05310982842660346,0.0522868495709169,0.0,0.007423930229723998,0.00813011187535274,0.005176874042815163,0.02719580881799855,0.04396313513838435,-0.0031846903507577276,-0.0021809658203284493,0.014670325044246008,0.04899509766117833,-0.0028422347178358146,-0.002823596292402517,-0.0025872642684140637,-0.006543018145934195,0.058372006221907254,0.003929198782008649,0.010389615683945948,0.004625948496483556,0.0,0.005449634743989389,0.0,-0.004228291133971848,0.015154760163430253
2024-09-02,0.0,0.025079591170025426,0.012121498350560114,-0.003267991550863947,0.014862092206623935,-0.0018569839563950235,-0.01462917232070824,0.0062696364663159514,-0.034786079736799855,0.001081842573234306,-0.004987577527521641,-0.010161561745705488,0.0,-0.006968748786821635,0.0011912160232691715,0.016000391301685964,0.04054606378313909,-0.016167726207442577,0.0,0.008836678279784453,0.004040551100361971,-0.013865030581450844,0.007290499054497345,0.0,0.01267835636469081,0.0,0.009661835202461513,-0.0054795054943057794,-0.024977223338049095,0.001883218283693595,0.00258726426841414,0.0010934803409414974,0.03045920748470844,-0.01980253725519768,-0.01300400746669831,0.007662861573118742,0.012659477649875708,0.021506130188786502,0.0,0.0,-0.00036348480654819967
2024-09-03,-0.011236084554540117,-0.012461017910206752,-0.0060424156186591,-0.006568108528873673,-0.004223882996890564,-0.0055919325851613464,0.01047116988064977,-0.006269636466315945,-0.02690748140749959,0.0,-0.02275696055780696,-0.0065208576319894865,0.004629487919584806,0.002328316373045051,0.002378245167943257,-0.020040622895372576,0.006600679164437988,0.017225376012842245,0.0,-0.008836678279784517,0.0510915203564636,-0.022948927799728562,0.012033830223472729,0.0,0.004713285298677931,-0.002185844355966785,-0.004819248764183192,0.023083129156741374,0.003921747470734084,-0.007554246166867443,-0.005181307113884791,-0.0010934803409415974,-0.012578782206860073,0.0,-0.02652666309435013,0.0,0.018692114685078528,0.0314162443353366,0.0,-0.012793320064456626,-0.0009180271583900718
2024-09-04,0.02234732101777486,-0.038343610336257786,-0.00486026677446893,-0.006611623999985123,0.007380235637624756,0.009302557718377163,-0.008368234058971703,0.0,0.0269074814074996,-0.006507794617620995,-0.007702211233292036,-0.00562332428418357,-0.0046294879195849245,-0.011696056210497343,-0.014354370668413762,0.0,-0.013245216951300338,-0.014333770603105844,-0.011976080848685355,-0.002962946154476837,-0.01544429532662462,-0.02166152612590742,-0.016888252442764068,-0.01081085305226003,0.0015661201953827194,0.010881422699274522,-0.00970886228199716,0.0,-0.01082172322741579,0.003784256395866006,-0.005263137739038066,0.004405281884981653,-0.015306421282675545,-0.004008149654164556,0.00803213698169742,-0.013835711617716955,-0.012423580741020061,-0.02083413971442175,0.0,-0.026088370803887893,-0.0038304467664834765
2024-09-05,0.01098919975998737,-0.03648828529715825,0.00121733225327284,0.01644772407972276,0.006282653089038988,0.0,-0.0021029358216781194,0.012500209378333899,-0.017857598243304077,0.004343048155224579,0.010256445203003135,0.001878019830751722,-0.011668838835460948,0.004694897857457174,0.007202847931009601,-0.004056949522881392,-0.10536052485168743,-0.008699945228991176,-0.016194746201662544,0.0014826090390800226,0.0,0.021661526125907483,-0.027128671549247498,-0.01092907270424795,0.007794324233677954,-0.019672669892208235,-0.0048900097257920366,-0.005383563202764514,0.0029628905774311516,-0.00853490300754954,0.015707033296561684,-0.009939287507596787,-0.052782699577919055,0.0,0.0013448360075904563,0.028987604841870653,0.024693138129295994,0.02083413971442186,-0.023530463993969446,-0.004415079742711768,-0.0032503456131251648
2024-09-06,0.0,0.02666839798756484,-0.007326057451727708,0.0,-0.0010443894232852846,0.0,0.0,-0.018809318405970638,0.01785759824330419,-0.01528396990685536,0.01015244478304403,-0.0018780198307516002,0.004683934967745152,-0.014151222740163909,-0.044451821865125744,-0.004073255725190756,-0.08096905034903205,-0.013685448858508725,0.0,-0.005943593114327278,-0.03162323027312898,-0.00357784076927402,-0.015113713459290991,-0.011049905756790109,0.0245411379653658,0.002205124104708712,0.00489000972579189,-0.006770486214697213,-0.03308562445077137,0.004750646611683402,-0.007822611006529777,-0.0022222736820313254,-0.04716546844243012,-0.020284579699505246,-0.01626037768548504,0.0074906602319787085,-0.01846205471305647,-0.031416244335336456,-0.007968222527011171,0.008810644040837414,-0.007052568686297826
2024-09-09,-0.00547950464202863,-0.023295599649914882,0.014598703677479133,0.012966116758350028,-0.014737041500452063,0.009216620514783303,0.01047116988064977,0.0,-0.0360398974667944,0.012028536410018062,-0.03337926872600564,-0.011342221805239071,0.00466198004404907,-0.009546541258663546,0.016280934249658985,-0.008547120926512289,-0.040989313248949916,0.010768540004790715,-0.00819658493884002,-0.013503611989667591,-0.004023994756709985,-0.01991013510563147,0.005063409686879311,0.0,0.01801843524268962,-0.008849822837147785,-0.029704983791739574,-0.005449574244973929,-0.01748118946527288,-0.007611846174672259,-0.013175407276450859,0.0022222736820312486,-0.043548318376629425,-0.00823043992620739,0.013568620966060036,0.004467501707081612,0.0,-0.021506130188786596,0.023716494179349595,-0.035718141603212426,-0.0009865037158574984
2024-09-10,0.005479504642028685,0.0033612932705186396,0.025046093120843552,0.015974766613152717,0.01159731274310158,0.0036629549199901166,0.0231345556356881,0.0,-0.00921670344761589,0.014031624295723136,0.012970378739958455,0.0056871915658583865,0.020714117088941504,0.0071684512932596225,-0.01628093424965897,-0.012959124892046316,0.012474215856492055,-0.006839263084382389,0.004106637377285161,0.017551081347057882,0.0,-0.007339522363813862,0.007547089668454821,0.0,0.020619410705561846,0.008849822837147718,0.005012502032576987,0.0013651276838218293,-0.010427650864115652,0.01704577077938752,0.010554122725457044,-0.001110575968711409,0.002963111176076246,0.040491281776418656,-0.002699021833980934,0.00818157817637782,0.0,-0.005449634743989274,0.0,0.022472838413945248,0.005350503997707935
2024-09-11,-0.00547950464202863,-0.01563059106152818,-0.026254403376984384,-0.012759315163872591,0.0020943546083565636,0.0028128684648537827,-0.023134664916509368,-0.006349251196299001,-0.0186921131277998,0.009599904090775664,-0.005168007482895325,-0.01715963303502872,-0.013761705345690003,-0.019231400721408283,-0.011428629389350603,-0.017544320576967355,-0.0082988994072199,-0.014815120458450114,-0.012371284315604364,0.006033160348013928,-0.03696517475418601,-0.01484256309809198,-0.017699553044545565,0.0,-0.01616491420951891,-0.01107457032714717,-0.010050320372753462,0.0027248171657594284,-0.02547899703885864,0.009345949085930933,0.0,-0.0011116977133198546,0.005899649212663023,-0.020040659083096116,0.01608613227773585,0.0,-0.018809323522209247,-0.022100403125721948,-0.007843135139013569,-0.036202883994915225,-0.012454095856621111
2024-09-12,-0.016620931581193574,0.0270286746568014,-0.008500484180315626,0.0016037698333890092,0.008333297517655306,-0.0037522523115024776,-0.010695150459363811,0.0,0.009389789410296662,-0.0010620922526406108,-0.00259405398469349,0.0019213171145532253,-0.01395361686783241,0.0072552535048815755,0.0050956025897225575,0.017544320576967278,0.028749443017145934,-0.004987500642765061,0.0041408614934871895,-0.0015048811110775807,0.012474099897673266,0.01851896803679044,0.012674493958420777,0.005633812421074211,-0.014925675867809695,0.002224747489999303,0.0,-0.001361410493920649,0.008565407144300938,-0.014051786562861544,0.010443895557523572,-0.00669660658951841,0.04035129552356745,0.004040327756401886,-0.008010687004009502,0.005908347578600836,-0.006349771487964195,0.02210040312572202,-0.007905136513324862,0.004597659721407056,-0.0009090544784384579
2024-09-13,0.00557101634388436,0.013245227839681102,0.02859117232262189,0.009569494936067147,0.0010367034272322456,0.0,0.010695150459363784,0.006349251196299036,0.0,0.0,0.00259405398469346,-0.002883265281618412,0.007001205124580893,0.014354237181930494,0.021371116435188978,0.008657901155612215,0.03187518488346179,0.012916260198072854,0.012320370383672148,0.00899550294934145,0.0,0.009132578263205696,0.029778782370022835,0.0,0.019360273256857935,0.008849822837147718,-0.010152355667336603,0.006788802049285933,0.016913589894557834,0.0,-0.0026007659233927213,0.006696606589518496,0.03333642026759171,0.008032218830152732,-0.008075445273726382,-0.0014737905966986835,0.006349771487964263,0.0,0.0,0.018182347620640086,0.00841222630704748
2024-09-17,0.03278992227390084,-0.03005245283198512,0.024214274016144594,0.0016247702972255816,0.005167984933924299,0.0018778860793949308,0.0,0.0,-0.00938978941029664,0.012671684575474547,0.02077996094542702,0.009578570858749729,0.011560682794289491,0.0,0.008668599330624338,0.0,0.007812534055075763,0.002957083982733868,-0.012631727198150504,-0.001493565954273639,0.2604552319494274,0.014440674267541215,0.012150751123428222,0.011173290180334477,0.039050448141076,0.013129042024667938,0.0,0.0027027240547245744,0.019720312653360068,0.0,0.012936910627001183,-0.0011130480923213502,-0.02489762065565232,0.0,0.01608613227773585,0.041176014034342984,0.1631521109034837,0.21985940526647893,0.01574827165233842,-0.004514743189490792,0.0073151302920126315
2024-09-18,0.0265267463495863,0.020135035994875816,-0.0035949920287465568,0.006472553918661542,-0.0020637784416498747,0.0018743662321074185,0.0021255464121848295,0.0063091090276368375,0.009389789410296662,0.013549022375365944,-0.015544332584345512,-0.010541445261153009,0.011428674630004765,-0.009685305300185323,0.0,0.02553359281061192,-0.035647362488066214,0.0009838064371045924,0.0,0.002985056808308798,-0.009600174854552505,-0.010810886549926665,0.004842704298845753,0.021978951350272665,0.008474697075890446,0.0,0.0050890939843082125,-0.00541277262738674,-0.010330482292649911,0.0,0.0,-0.008948696844006943,-0.011267655812417189,0.00796811249654143,-0.002663082673672934,-0.006389791493533332,-0.027250486324603185,-0.06336953019898717,0.0,-0.032186681802657865,-0.0022196747524243035
2024-09-19,0.0,0.0294618942776784,-0.004813515417076358,0.003220506397612714,-0.004140909919506569,-0.0037522523115024776,-0.0042554013695150945,0.012500209378333899,0.009302323717503258,0.01234586233990876,0.0026075057806699744,-0.0028943921707668173,0.00904988742996112,0.009685305300185224,0.0036924589839564346,-0.004210779677765791,0.04725285251233509,0.004904257076956691,0.0,-0.0014914908540351447,-0.01948110216352804,0.0215061467411995,0.05635294942279453,0.010810905654593712,0.005610067592003782,0.004338503762831665,0.020101084171782135,-0.006807287832284364,-0.005205647295156067,-0.004728087127784568,0.027885225397788364,0.003365138346809957,0.04161488123563414,0.003960424542701353,0.013245188450984118,0.008510715154050077,-0.028012627586816836,-0.028437978513431442,0.0,0.00930229342338653,0.003042511972658582
2024-09-20,-0.010526488142000507,0.0,0.0179323209823036,0.004811523048531213,0.007235193600443311,-0.0037664831654445853,0.002129854957330374,-0.006230572912017978,0.0,-0.010277692482136792,-0.002607505780670024,0.0,0.006734042145284854,-0.004830897161447979,0.009780061492289435,-0.008474578322219182,0.04512049705822646,-0.003921417563769737,0.0,0.005952434964885763,0.03226096321592457,-0.03060539529690432,0.002280484743635208,-0.010810905654593653,-0.007017688477968647,0.02141405243332307,0.0,0.0,-0.010493413215552588,-0.0009484039962809843,-0.020202711240633008,0.002237188624416042,0.03995205101171497,-0.011928537039242851,-0.034809358251244094,-0.004246251939824935,0.016901802629285884,0.0560895506808616,0.0,-0.0046403301678257765,0.0019013053695370236
2024-09-23,-0.03774026524417756,0.0,-0.011919038319485402,0.0015988794559412482,-0.008272972897125423,0.009389692523735036,0.0,-0.012578745493952702,0.0,-0.010384208712227543,-0.0026143877089124055,-0.010684994382499534,0.0066889979818849235,-0.0024242584124637414,-0.004878168909259309,0.008474578322219272,0.0,-0.0108643393725324,-0.008510748224581328,-0.02099028921730865,-0.022472933837625924,0.007285957203962228,-0.04662846592435622,0.0,0.0014076208859647877,-0.008510781959310978,-0.010000004148577268,0.0068072878322843694,-0.0497398205268176,0.0028423222677044927,0.0025477562732097864,0.0033463698727810402,0.007802316436746603,0.0,0.01353189874960295,-0.01069534685404889,-0.022600311418636172,-0.009132533672796215,-0.015748271652338497,0.009259454394540557,-0.0021114409642051905
2024-09-24,-0.01104991523730915,-0.03947856893185659,-0.006013282662818215,0.006369402591596341,0.008272972897125402,0.0037313481575043787,-0.004264255880770577,0.01880931840597068,0.07145900032251352,0.027793896117704393,0.0,0.011650658411033363,-0.002224735927995023,0.0024242584124638793,-0.00613124012535334,-0.021322813132846133,-0.014815074888114683,0.005940609439507256,0.004264428189382916,0.0015140720661451078,-0.008650933099590854,0.0018132913517425581,0.025914426139024057,0.0,0.0,0.004264607789162292,0.04423309483791989,0.020148509460145157,0.013216062283087554,0.00660070590415279,0.0025412817033148264,-0.00334636987278115,0.017972306251868634,0.00796811249654143,0.0,-0.010810975096678782,-0.005729688148893192,0.0,-0.016000350616748527,0.009174277673897445,0.003039839148590911
2024-09-25,0.0,-0.023770196987317395,-0.0012069449272964924,-0.019231394599928866,-0.0010305052392867507,-0.003731348157504342,-0.010741211964834798,-0.006230572912017978,0.017094307707850448,0.0,0.007822682418564545,0.0,-0.02024819162913604,0.0,0.001229347542323185,0.04220044001412588,-0.007490666157745907,0.010800336148889665,0.0,0.006033160348013928,-0.10718372013416169,0.026811271055011708,-0.009345901174564466,-0.021978951350272766,0.004210395581079021,0.03758263515186289,0.04235936240517494,-0.0013306818308420367,-0.01543603355309679,0.010285249515069948,-0.0050890379765245585,0.0033463698727810402,-0.010230268250814922,-0.011976262150706143,0.008032271050657045,0.0021715864697515823,-0.04706849741807764,-0.0962280426732313,0.023905487130073334,-0.009174277673897467,0.0018003801592050815
2024-09-26,-0.005571016343884444,0.013651835646619745,0.0,0.0,0.03544674636845076,-0.003745323278895649,0.008602135645105093,-0.006269636466315945,-0.02575241595542682,-0.004069224817679923,-0.013072052687046885,-0.0009656640285339176,-0.011428674630004777,0.0,-0.006161525173616042,0.012320677273439877,-0.03442024603663476,0.02507347755298296,0.008474685052442721,-0.007547232414158981,0.03936109838983919,0.010526384063917413,0.004683811975162329,0.0,0.001399672010924529,-0.027000601158881254,-0.009259252048883237,-0.006680100173934354,0.0,0.0018586193792342045,0.012674298103291343,0.0022247458056413143,-0.015544354437800344,0.011976262150706124,0.0,0.0043290765749911765,0.006006538016788339,0.02985294887010388,0.0,-0.013921417650101556,-0.0012318347740134846
2024-09-27,0.00557101634388436,-0.017094286704109906,-0.004842589632755688,-0.013029493822876367,-0.006989564201819367,-0.015123064462308277,-0.017279022448880625,0.0062696364663159514,-0.04445177256802651,-0.0061349495982073125,-0.007926087132049902,-0.008733685914810413,-0.011560682794289612,-0.0024242584124637414,0.0,-0.004090119553235645,-0.03162316515600566,0.0,-0.004228365017244336,0.012048411769127828,-0.028471667554130994,-0.0070053207167298905,-0.007033970519705753,-0.011173290180334456,0.013282275418139028,0.01255244130982434,-0.023530551155647627,-0.000681844526386175,-0.006688819972693053,0.013831512895602662,-0.010126541830081569,0.0022198072966364644,-0.048137635598154496,0.019647010678480164,-0.008032271050657062,-0.006500663044742833,-0.012047898797979845,-0.01980261787165873,0.0,0.013921417650101495,-0.006741904059605044
2024-09-30,-0.01117324286444969,0.0,-0.023328260350238755,0.01302949382287649,-0.03258943125969085,-0.0019066281345046403,-0.006557404963254192,0.00623057291201783,0.018018599940440447,-0.023872424905637676,-0.0026560514221758472,0.000974228237032994,0.03428900590633046,0.026348813545574397,-0.03650498400744326,0.00816326333004227,0.008000036709359018,-0.009569372898325412,0.025105986599005082,0.005970050872953532,0.007194208006012796,-0.008826187660999794,-0.01183459385406365,0.011173290180334477,-0.00557113193839574,-0.004166558107087706,0.009478789854335425,-0.015120539030110193,-0.0011191270739101763,-0.012903353208536953,0.005076056772133184,-0.0022198072966364115,0.0027359798188748455,-0.019647010678480195,0.0,0.01724185873650264,0.006041360781191469,0.0,-0.007905136513324862,-0.009259454394540666,-0.006757312892972398
2024-10-01,0.005602226520565318,0.033901511696413776,0.004956604017439235,0.006451589503859973,-0.00207243926809704,0.005708914272760579,0.010905203674055994,0.006269577499476355,-0.027151015999735274,0.013562945384304317,-0.005333360821621915,0.022148172995987425,-0.011299648482036179,0.007067152424830679,0.01652921979588,0.004056829586041397,0.0,0.005752575234621538,0.008230554756695293,0.001487055221357268,0.04554206562577044,0.027973918471254744,0.011834593854063552,0.011049891497366392,0.011111263745536342,-0.008385883202736638,-0.01904834905497946,-0.0027739288266609486,0.025429642624308305,-0.008383937758354448,-0.005076056772133187,-0.0011116977133198546,0.013568662777197649,-0.007968112496541552,0.005362009554082258,-0.0064308836398238875,0.02381115358047535,0.0392206946667208,0.01574827165233842,-0.023530595732354335,0.004526060041347502
2024-10-02,-0.005602226520565272,-0.003338839224110174,-0.013690269784245875,-0.017843092983526695,-0.010427652126011957,-0.007619184583489749,-0.017505892181007666,0.0,-0.01851902716511904,-0.0010366593764663233,0.0,0.004750532187153032,-0.029990562548875232,-0.023754114988037228,-0.0037902324141618517,-0.008129973362848136,-0.02012133766937677,0.008567436786787654,-0.02070470845234955,-0.021021730734225537,-0.04196423391256634,-0.017391837457236364,-0.02864157873369697,-0.011049891497366387,0.0,-0.010582033992981667,-0.01452811104618035,-0.006968638890101647,-0.006571599320841406,-0.0037487903938762286,-0.012804324521924383,0.0011116977133198975,-0.02179916191371318,-0.008196776652923211,0.0,0.010695346854048953,-0.023811153580475346,-0.029270428058927985,-0.015748271652338497,0.014184833482692501,-0.010365086986252534
2024-10-03,-0.01129949620813232,-0.023689835432691347,0.0012523555934088467,0.006525348552498739,-0.0010487707238912,0.007619184583489634,0.008791308828731076,0.0,0.0,-0.012526286007838056,0.0,0.0,0.009324128948247487,0.00479620179806288,-0.006349110322399413,-0.008196930677190383,-0.00816340575757375,-0.0009482041516167423,0.0,0.0,0.0106572384253407,0.01220592993542692,0.019185088584437498,0.0,0.0,0.0,0.004866275843718724,-0.0013996166775645195,-0.014388797314817644,0.0,-0.0025806307187752646,-0.005571115678422431,-0.016667121519136824,0.004106786696387962,-0.00805376627350717,0.0021253282793082546,0.0,0.0,0.0,0.004683798994100898,0.0013654898466153786
2024-10-04,0.016901722728697555,-0.013793323314045243,-0.008799539452471939,0.006482958654200772,0.0010487707238911763,-0.0038022861382558913,-0.00879130882873098,0.0,-0.00938978941029664,0.00314628563873885,-0.005361891335314995,-0.009523835602153436,0.009237758970622994,-0.009615398774230368,-0.01929337609588812,-0.008264461801344228,0.0,-0.0038024349714671237,-0.012631832903350888,-0.02302488931267051,-0.017825660444635284,0.005185907521809345,-0.009546653153725649,0.0,-0.002766262993393202,-0.002129867528901742,-0.009756285569510779,0.0,0.0,-0.0009393004291389665,-0.058527319306112664,-0.006726408576701271,0.011142245587166994,-0.004106786696387974,-0.02455787818792588,-0.004255286682330043,0.006006538016788339,0.0,0.0,0.0276514632310715,-0.007079355418472248
2024-10-07,0.00557101634388436,0.034133134319240574,0.005037757644899803,-0.004858274539447072,-0.0042018064507902,0.0,0.0066006885069518646,0.0,0.0,0.0031364175650816783,0.005361891335315091,0.004773303415000532,-0.011560682794289612,0.014388706780175523,0.010336177438880233,0.04065597875508656,0.004089931684747086,0.0,0.02096527060467183,0.013878389562411953,0.03186101964775154,0.005159068625646936,0.007168549448921437,-0.022472834779709076,0.0,0.0021298675289018122,0.019418120771972285,-0.021232199149380324,0.02640408282082048,-0.013245270787259796,0.018996522210282505,-0.011312366040440778,-0.011142245587166937,-0.008264413357577974,0.013717736157747674,0.0021299584030219205,-0.0060065380167883785,0.038839817453207574,-0.02409751653277735,0.02690749756237493,0.0032585907713446357
2024-10-08,0.0,-0.023770196987317395,0.0,0.006472553918661542,-0.001053081098347271,-0.0019066281345046403,0.002190620321779118,0.0,0.01869211312779965,-0.012605236113037028,-0.005361891335314995,0.0038022674750804513,0.011560682794289491,-0.004773308005945121,-0.022093198285784054,-0.007999995992276512,-0.004089931684747112,0.009478741825546255,-0.01673690558742739,-0.0015325571477474598,0.0,-0.005159068625646985,0.014184752398607156,0.0,0.0041465301929468614,-0.002129867528901742,0.023754142797760704,0.014204793983811278,-0.026404082820820386,0.0,0.0,0.003407178370688943,0.027626135308856343,-0.004158121109369487,-0.02482888754314896,-0.0021299584030218415,0.011977127691588261,0.0,0.008097165916028938,0.004415079742711781,0.0002017518380870303
2024-10-09,0.005540220119350377,-0.017331737553336647,0.00875538414803528,0.0,0.007349242157494244,0.00190662813450469,0.0,-0.006269577499476337,-0.03774034824959161,-0.0010577067192272588,0.002684506081765473,-0.004755145361370729,0.0,-0.014458052780430799,0.013054975815786643,-0.012121446507468646,0.0,-0.009478741825546403,-0.004228365017244336,0.00459079922920823,0.01039873729213552,-0.03509133789325356,0.0023445343688643636,0.011299544599374666,-0.004146530192946942,-0.019376514497104223,0.018605219607414188,0.016783622020772215,-0.0011156151093914325,0.004750646611683402,-0.018996522210282488,-0.004545450564669187,-0.008207980417829622,0.0,-0.014064960400774464,0.0021299584030219205,0.0059337988749420985,0.0,-0.008097165916028864,-0.031322577305086814,-0.0004341565081451814
2024-10-10,0.03261161728658959,0.010435029987967822,0.006207446055425152,0.003220506397612714,0.006256447828238361,0.003802286138255833,0.0,0.006269577499476355,0.028438024532088477,0.015748471469958548,0.0026773852535496787,0.006650871341425631,0.0,0.007255155573911785,0.011605544067686652,0.016129392843667458,0.024292675477505424,-0.012458194009158714,0.004228365017244343,0.0015254650644271242,0.003442438398371392,0.0017840878320331665,0.0,-0.022728229523506522,0.005524961944029718,0.008658266190845124,0.0,-0.002777781415774663,0.011099038665806622,0.0,0.008185603859309418,-0.0022805547412029555,0.013642776403786479,0.0,0.016854396854909637,-0.004264463214225081,0.0,-0.019231354150369678,0.0,-0.004555767907072557,0.0036814347920442825
2024-10-11,-0.016172908346742138,-0.02097974794169985,0.017178309690814703,0.004811523048531213,-0.01044933734499816,0.0018957846507057924,-0.058575299486634945,-0.012578710729077474,0.009302323717503258,0.008298680074533183,0.007989412243797823,-0.004746118042392088,0.0,-0.01456327297987585,0.0012811933442162427,-0.024292656173709733,-0.020202743792758382,0.008641396345454834,-0.008474685052442687,-0.001525465064427103,0.027120216539538847,0.0035587419865476897,0.023149224603804953,-0.011560811248108578,-0.0013784317510827353,-0.006486440369459831,0.004597673071468234,0.005547868131217048,-0.007756268622972761,0.0,-0.008185603859309358,0.005691722320250449,0.0027063615977428457,0.0041581211093695645,-0.008391618707014718,-0.0021389667452858716,0.029157570851547365,0.028710151006708623,-0.016393818696548323,-0.013793401900612307,-0.004513622057918697
2024-10-14,-0.027549945403082345,-0.01065736125625902,0.0036430127265160987,0.0031949529775912953,-0.0031563526407343335,-0.0018957846507057434,0.01839129555433411,0.0,0.00921670344761581,-0.00829868007453325,0.0,0.017916611567875287,0.029447283025801872,-0.019753726026404704,-0.0051348502413614714,0.00816326333004227,0.004073474072826694,-0.020280632822145,-0.03463540526030323,-0.004590799229208246,0.0,-0.0017778314561630658,-0.004587127683589377,0.0,0.0,-0.0021718258213853313,-0.009216700671350286,0.0013821362497674545,0.01873324170221645,0.0,0.002735962934910249,0.004529777106459276,0.005390848634876373,-0.004158121109369487,0.013947116080604538,-0.002143655880207606,-0.01156180896116786,0.009389792262812904,0.024490984612577153,0.03189347283397839,0.001828690334058255
2024-10-15,0.00557101634388436,-0.010772075520263566,0.0,0.001593614528309801,0.0052548875491374575,0.011320778324052264,0.02029371801146042,0.0,0.009132416059294813,0.0031202132598103015,0.0,0.0046620370674543355,0.006674229053669274,-0.010025207417208234,-0.01818219762436812,-0.016393821050246605,-0.06291393418177818,0.03357617231139514,-0.017778254505514183,0.0030627691576831143,0.009983391266706417,0.0035524210595810446,0.022728181997722908,0.022989496172240335,0.002754832100992998,0.02575255619615456,-0.004640224449001225,0.0027586243616241936,-0.010976973079243639,0.009433924604715413,0.024292681364231485,0.0,-0.04959694113937206,0.0041581211093695645,0.005525014046682002,0.008547085839718586,-0.011695534876434483,-0.018868589119151784,0.0,-0.02727434860726341,0.003312441681946702
2024-10-16,0.0,-0.01821546396267991,-0.01219534520125744,0.001591078961225776,-0.0063091868648206375,-0.00564436924483944,-0.004474245435209243,0.006309133229601146,0.018018599940440447,-0.0031202132598103587,-0.0026560514221758472,-0.021627583156877083,0.006629755519531053,0.01995078488370175,0.0013097202067783476,-0.01666684720351398,-0.004338344597697106,0.0,0.04386664855635162,-0.010761064081521221,-0.003316680823552447,-0.005333331589965792,-0.013574872326906313,-0.011428684924131786,-0.009675231107687438,-0.023580730374769293,0.013856925120351419,-0.004140760611391703,0.0,-0.004705837476930744,0.013245213260015466,0.006756936680338512,0.002820806918792655,-0.012526380628118422,-0.016667115950227518,0.0,-0.017804615563686954,-0.009569389394279646,-0.008097165916028864,-0.013921417650101556,-0.005704508164605123
2024-10-17,-0.005571016343884444,0.032552716480366575,0.001226312901405204,0.02975947749272974,0.0042106519564173335,0.0075187354769469346,0.017778334294777338,-0.006309133229601156,-0.027151015999735274,0.0,0.0026560514221757254,0.00946076275265035,-0.0177783471903348,-0.014925680011690087,-0.005249407617335597,0.01666684720351404,-0.021978945093152076,-0.014251906121679482,-0.021692752802004302,0.010761064081521327,0.013201549277580098,0.01240045114713258,0.018059258355426246,0.0,0.0,0.015069948415458367,0.009132528301216199,0.013736419853791789,-0.007756268622972761,-0.006625697288678402,-0.02666821973755626,0.0,-0.008486544454470031,-0.012685174613969528,0.0027971680758205547,0.006362686801887804,0.0,0.0,0.0,-0.009389755570903283,0.005381655206450723
2024-10-18,0.016620931581193463,0.007092184258835888,-0.0012263129014052185,-0.009302408715253228,-0.0021032715423869586,-0.0018743662321075358,0.006586197061272436,0.006309133229601146,-0.00921670344761589,-0.0010421675436442768,0.0026490154966731924,0.006569724584292126,-0.0022445972966265845,0.014925680011690071,0.0078637802815798,0.0,0.026317289690849052,-0.004796208602192218,0.017391641459013642,-0.001530212009935742,-0.006579070666046942,-0.008841709160584866,0.0,0.0,-0.0013899267078882449,0.008510781959310886,0.004535235020832563,0.001363362132726589,-0.004459397819730683,0.0047370464748817745,0.008075364418706077,-0.009019432955870816,0.0,0.02105343413271845,0.005571043079852229,0.01260509388885828,0.0,0.0,0.0,0.009389755570903177,0.002768151308588302
2024-10-21,-0.019472148711549137,0.010544717953732083,0.006116326867232461,-0.0015589183796444527,-0.004219319557506734,0.0,0.0,-0.012658324486461812,-0.0186921131277998,-0.0010433610940500419,0.0,-0.009398519829426171,0.015607845230913632,0.004926148294376047,0.005208262613921363,-0.004140715205094823,-0.030771692248228722,-0.016481182530464326,0.0,0.001530212009935758,0.022839478646980674,0.010600777264417783,-0.0022397338149771208,0.0,0.0013899267078882032,0.0021164526734884148,-0.01366776332204886,-0.0027285165340119348,0.022100177429495136,-0.002839436313987993,-0.005376324067592052,0.009019432955870852,-0.025900728432157124,0.0,-0.008368211155672899,0.0,0.011904388549741825,0.00956938939427977,-0.008163364530003393,-0.004683798994100955,-0.00018831566968474816
2024-10-22,-0.005633830989796832,-0.0035025659335652074,-0.004890013965827338,0.0,0.010515480616653711,-0.0037595017028541258,-0.004385937114874702,0.0,-0.019048235121791914,-0.01049328042551104,0.0,-0.005681900875687374,0.006615248980768981,-0.009876622442167166,-0.0026007740462533377,0.0,-0.013483285149718922,0.011661935719496861,-0.008658122398411294,0.0060976171548640596,0.016000387833332026,-0.007054655025243554,0.004474245350611888,-0.023256839595909927,0.004158024178178058,0.02298963087518053,0.0,-0.012371265452506407,-0.018753795184284962,0.003784256395866006,0.029218570233594053,-0.006756936680338507,-0.008784829555732803,0.012422534466947495,0.008368211155672895,0.0,0.005900227013945061,0.009478796856338963,0.0,0.0,-0.001909857317511214
2024-10-23,0.011236099661721781,0.003502565933565317,0.002448123472857575,0.012403336482092235,0.013506629055574529,0.0,0.0,0.0,0.009569380951116245,-0.013807957455718218,-0.005305066918849022,0.0047371249340290925,0.010929049939801224,0.0024782087959209936,0.0026007740462533234,-0.008333440720223448,0.004514732974398255,0.008658097611072712,0.00433843155537106,-0.006097617154864178,0.0,0.0,0.004454423674187827,0.0,-0.0027700942138528385,-0.012474254414611502,0.01366776332204884,-0.0027700867154423765,0.0011130155745203932,0.008462771244188278,-0.010526551085872518,-0.0022624962755323106,0.011696039763191236,-0.012422534466947561,-0.005571043079852222,-0.004184068500735637,-0.017804615563686954,0.0,0.0,-0.004705956576802246,-0.0006150963751963192
2024-10-24,0.0,-0.007017442968323387,-0.0061313264543976075,-0.006182355845842552,-0.01560098366393102,-0.0037734917146059334,-0.006615243114594236,0.0,0.0,-0.016172866349013715,0.0,-0.0037878649819734845,0.0,-0.00496269721190641,-0.01438859320966733,0.0,-0.041385241361102464,-0.01836690838762872,-0.008695656821575196,-0.0061349476964197396,0.0,-0.030550478183662508,-0.00892866902479977,-0.035932045997938575,0.02736144773099734,-0.004192869747914897,0.009009112961019122,-0.00416960620417925,0.0,-0.006575999756880524,0.005277160238720694,0.0,-0.06609011182899005,0.0,-0.0027971680758206406,-0.0042016485116791345,-0.02424412556656924,0.0,-0.00823045416654501,0.0,-0.005681585588327901
2024-10-25,-0.011236099661721921,-0.007067211893623441,-0.0012307765724016103,-0.006220980636249798,-0.007364490718320957,-0.0037877849065922993,-0.02463739714677428,-0.019293260881876828,0.01886864358097221,-0.023090713882841632,0.0,0.0009482647120726896,0.0,-0.007490717447913554,-0.017276226880071726,-0.016878049278180624,-0.07808843845039475,-0.022694641382048818,-0.004376293794398165,-0.0030816459126426264,-0.009569478729489251,0.0,0.0,-0.012270080925744142,0.012072622234713316,0.006282783639426908,0.0,0.0013918247884045336,-0.014566145607295104,0.0,-0.03480939676299699,-0.0022672808309268434,-0.07076907088820726,-0.021053434132718395,-0.03419135114571279,-0.004219376876443431,-0.006152894238971734,0.0,0.0,-0.019048226290961933,-0.00857092030539737
2024-10-28,-0.005665681082837767,0.007067211893623365,-0.012391675137238647,-0.007830838326020184,0.0031626842675306108,-0.013371787784008615,0.011274046020193735,0.0,0.009302323717503258,-0.033939927195554415,0.0053050669188490175,0.020638812425454744,-0.021978865076389135,0.0,0.006680134093345824,0.016878049278180696,0.0050632981381457266,0.02756079100726763,-0.008810689497248532,0.00308164591264272,-0.0032102849868418247,0.014492997664792404,-0.031893334500255985,-0.050643760532955946,-0.018843085861015057,-0.006282783639426929,0.004474130567737383,-0.026781004707658658,0.015677691731806456,-0.017110586010775582,-0.013717692949087246,-0.012564525625813842,0.01980262729617973,-0.004264513173075831,0.0057803605830709925,0.01260509388885828,-0.006192497324780641,0.0,0.0,0.009569349385071734,-0.00485020204442681
2024-10-29,-0.01719236943985478,0.0,0.008690230368650515,0.007830838326020207,-0.008456517232668942,0.005752603200518808,0.0,0.006472477752732108,-0.0093023237175032,0.025001338375582074,0.007905201251689985,0.004631620299091045,0.0022199098923353262,0.0,0.0026594311494217496,0.024794833198758075,0.010050328331251534,-0.029558793039315526,0.013186983291646576,0.0015373475500145444,-0.006451654176357508,-0.001800146245767117,0.004618909546613818,0.0,-0.009556485903165709,0.0,-0.018018478549589125,0.004276595476045876,-0.0011115461245113684,0.0004893194658686754,0.048527089712084255,0.001148849666282852,0.022618088587772364,-0.012903311174390192,0.005747212684092892,0.0041667358886694926,0.018462054713056366,0.009389792262812904,-0.008298857678059341,0.004750669549323903,0.002858420173359311
2024-10-30,-0.03529786380967566,0.013986243189736982,-0.012437914190836964,0.0,0.009693010657368056,0.003816898445233735,-0.009009115277398397,-0.019544570507628325,-0.018868643580972264,0.013378042406311724,-0.010554216748363224,-0.01115247793108055,-0.024692837449466314,-0.010075651518752097,-0.0013287973053725634,-0.054521117287565764,-0.005012600451735187,-0.0002000120393060485,-0.017621610665827767,-0.0030770621770057813,0.02871018903767698,-0.023702106937675656,0.006888718425965932,0.0,-0.005502029159160719,-0.024374421969522525,-0.004555897120581903,-0.0014235246428419188,0.0,0.0029309980855377433,-0.04852708971208425,-0.008069333056912343,-0.006410357605650218,-0.02188273818755386,-0.023189508268070196,-0.0020810966252352964,-0.012269557388275858,0.0,0.0,-0.019139253818351895,-0.008206521320434663
2024-11-01,0.005970181013346418,-0.006968800221413537,-0.005018860329555731,-0.0031249805450881346,-0.01294511512372731,-0.009569501645752626,0.009009115277398408,0.019544570507628464,0.02817096729847537,0.004419944197058415,0.018397350890114707,0.018518958395699583,0.018018608395797275,-0.002534871151014173,0.0039813790075335425,0.01284823481062698,0.0,0.00020001203930617416,0.0,0.0030770621770057367,0.0031397289545004848,-0.009267911807248369,-0.0022909336265524503,0.01290339292688759,0.004129407455820226,0.07333131630678472,0.018100245102433722,-0.010021601335611408,0.0,-0.014742262181073263,-0.002766165625451486,0.008069333056912435,0.028528162859269273,0.021882738187553805,-0.011799692719872993,-0.0020856392634341398,0.01834912100756125,0.0,0.0,0.004819234883956234,0.0013100858402338574
2024-11-04,0.011834485205622119,-0.007017442968323387,0.011257155014003662,0.003124980545088207,-0.0032626056987832865,0.0038387766914718593,-0.009009115277398397,0.019169974386005494,-0.0186921131277998,-0.02342546630719085,0.03329381923489619,0.027150950479971122,-0.01801860839579724,0.007585417797754552,0.01576900468906116,0.0,0.03941394202591609,0.017839990131098247,0.004434627374181179,0.010695217301269372,0.00936039307199052,0.018450717576900755,0.013667751265298223,-0.012903392926887598,0.006844676956248624,0.0,0.008928559472700267,0.012866555308124347,0.003331517394520635,0.007889689469383844,0.00552484189889922,0.0011472983155489398,0.018576385572935457,0.01716782434746609,0.0029630770026525125,0.0041667358886694926,0.0,0.009302443613933417,0.0,-0.004819234883956268,0.0077320186785959704
2024-11-05,-0.005899735824963548,0.010507956871496452,0.009901064274977271,0.006220980636249768,0.0021762527696344894,0.009533011092536603,0.0022600443045370667,-0.012739036402146318,0.0,-0.004524827613520422,-0.005050529416450122,-0.004474304070757784,0.0067950535382734056,0.005025104872011761,-0.0013045941581721339,0.008474578322219272,0.014388787133215076,-0.006900014467123133,0.008810689497248551,-0.004569587083339134,0.015408669630130226,-0.08385852203705156,0.002259650308696501,0.01290339292688759,-0.0027322514051925087,0.020000563739398153,-0.00892855947270033,0.0,0.0033203398591802346,0.009775202087748881,0.02717555811978643,0.0022910040004316336,0.003062789530545731,0.008474529202598327,0.005899794577866418,0.008281545521188234,0.023952287347721708,0.0,0.0,-0.004842632283662432,0.002638077513626148
2024-11-06,0.046250983938363216,0.04096144506497703,0.009803993519769039,-0.0015516618918589348,0.021506265645817726,0.005676409079212935,0.013453011568251046,0.0063898451452857625,0.009389789410296662,0.016863813389182917,0.0,-0.003593787052526205,0.01345313809086275,0.007490717447913702,0.01811176165049081,-0.004228257184831431,0.055569924634703886,0.000988591454936664,0.008733519060602398,0.0015254650644271242,0.05068148473106724,-0.005982250320351062,0.037656748549611194,0.05001044853181248,-0.006863401255793512,-0.00995027988436738,0.004474130567737383,0.021082979901941662,-0.004429535635792806,0.0,-0.032700400018685585,0.0011433625813766016,0.03898544671295359,-0.017021600054657998,0.0,-0.002063815098832914,0.046251987489498186,0.07145882202755509,-0.00836820402788565,-0.024571300935232816,0.008276932531180217
2024-11-07,0.0,0.06474745281483789,-0.0024418904929697518,0.007734017737701398,-0.00854717069572573,-0.0018886241726205762,0.0022247346779858215,0.00634919125686071,-0.00938978941029664,-0.004469214689744093,-0.015306463014770608,-0.012681267770559047,0.0022247359279949884,-0.017566368966665684,0.019048105391197577,-0.008510750438380621,-0.05081938406072194,-0.011928567118911831,-0.021978835932032023,-0.0030534951359521196,-0.02950067635622806,-0.018164021264104033,0.0,0.0,-0.0013784317510827353,-0.008032130182355898,-0.045669967561231636,-0.0013918247884045934,-0.001110775493396556,-0.0009732610157284537,-0.025246843246170946,0.0,-0.017804698421265135,-0.026088467991298242,-0.014815192760006158,-0.0020683846867323545,-0.017094416637950714,-0.03509119772484076,-0.008438924517258849,-0.0510315021753319,-0.0066862453601360975
2024-11-08,-0.011363715373940238,-0.018987795048924186,0.004877896100478582,-0.006182355845842552,-0.01622536230057106,-0.0075900710448482695,-0.002224734677985856,0.0,0.0,0.004469214689744142,0.010230296213796598,0.0027309396237371725,0.0,-0.020461070902214384,-0.008843835469463103,0.0,-0.02884801430955029,-0.0002000120393060485,-0.008928578882917634,0.003053495135952034,-0.015083285754821004,0.004065167964527352,0.006500618941388843,0.0,-0.005532469042369177,0.006030137828013043,0.009302260039076006,0.002781644916642178,0.0,0.0,0.014104664107494055,0.006834011062173453,-0.030397479461771047,-0.008849626290806578,-0.0029895758278287565,0.0041321997855652565,-0.017391809059447174,-0.008968719277279191,0.0,0.06093252873258779,-0.0012575291994249478
2024-11-11,0.0,-0.05247113431913574,-0.007326019573336125,-0.009345961181337943,0.007604724745987366,-0.015355388851849552,-0.017977986615583495,-0.012739036402146318,-0.019048235121791914,-0.010084169312729464,0.0050761668009740015,0.015336311651678538,0.08515785893105463,-0.007782188292636723,0.005063091309183166,-0.008583805509634,0.0,0.00020001203930617416,-0.02267674868610361,-0.006116264293635293,-0.024616547244588893,-0.018424317373098586,0.0,-0.012270080925744142,-0.0013879299643251187,0.02766980541125574,-0.018691985750313365,-0.021053388294319693,0.0,-0.01273905484180155,0.016667021037576224,0.0011342829856215491,-0.00930231659715507,0.008849626290806533,-0.009022499809981264,-0.006204670176100071,-0.029676688358630503,-0.027398905025435166,0.0,0.0,-0.007416830451200576
2024-11-12,0.005698034291102426,0.010050315777332158,0.0048900139658272085,-0.0015660769064210441,-0.020777203049969342,0.013448760717344941,0.006779691707017266,-0.012903415736591175,0.0,0.0022497437016527873,0.0250013690111131,0.01157119045349342,-0.006141380852580402,-0.023716477235515714,0.0,-0.026202221732579446,0.017305704656778696,0.0,-0.03263691668070165,0.0,0.033693717770933246,-0.04220048437681521,0.0021575859614704537,-0.012422508040835292,-0.0013899267078882449,0.003891035243814041,0.009389725711237406,0.0,0.0,-0.001974385007787326,-0.019472126618535892,-0.007968294047795083,0.009419221916491558,-0.026787233903642,-0.009104724439568163,0.00826453429729109,0.02381115358047535,0.018349128553496796,-0.017094443940779386,-0.004938229014954729,-0.0005158707375293536
2024-11-13,0.005665681082837752,0.0,0.0,0.010912038087759033,0.007705062811244794,-0.005741693196537868,0.006734036839604863,0.012903415736591295,0.009569380951116245,0.011173305683731384,-0.012422615118993952,-0.014260511123714225,0.012245172396529013,0.007968152927297568,0.005037843959752393,0.008810578580614795,0.009756134504272469,0.0019980020320479867,0.009434096315503104,-0.018576420352108398,0.006006115228476525,-0.019586974942023536,-0.0021575859614705217,-0.025317859565233025,-0.0027854588495087127,-0.027560855913201003,0.0,0.021053388294319804,0.0,0.007874158811576864,0.01947212661853579,0.009101291893100286,0.0155041116497894,0.0,-0.006116224168688219,-0.0020598641211909755,-0.00590022701394516,0.0,0.0,-0.014962835558457075,0.0019068409363296335
2024-11-14,0.0,-0.006688863651606315,0.0,-0.007782167405393097,-0.0021953636824803406,-0.011583041561394983,0.0,0.0,0.0,-0.0022247187115216763,-0.01005030070635952,0.005371428288647983,0.0020262775618673447,-0.005305019222327194,-0.0012570997994725672,-0.017699589230649213,-0.01960844980072668,-0.003999924925486198,0.0,-0.014162300272994949,0.0029895474010874904,-0.00220028677516598,-0.00867677538281971,0.01273908961882172,0.004175385557396885,-0.03245724878044072,-0.018868515565572973,-0.006968638890101647,0.0,-0.0009808981827569045,-0.030771685145070154,0.0011320603837624919,-0.015504111649789442,0.0,0.01823742618936897,0.006166608421183787,0.005900227013945061,0.0,0.00858369744640685,0.010000038016155711,-0.006736849759465081
2024-11-15,0.0,-0.027212648044807573,-0.001220327200745608,0.007782167405393007,0.0010982842938313678,0.005808190852211082,0.0,0.0063898451452857625,-0.019231220437337496,-0.0033463288665311615,-0.0076046199867335984,-0.022574259520480363,0.012072497477435227,0.002656060257207661,-0.045023647323268315,-0.004474196672990476,-0.02000070555618844,-0.0030106570338078393,-0.004705922927347247,0.0,0.011869536879563554,0.004395635586543605,0.01083436134429013,0.0,0.004158024178178058,-0.008281578428888915,-0.1431008904231555,-0.0070176129685930585,-0.021337031515886347,0.009765754936158982,-0.022989450489471805,-0.0033993412146893992,-0.015748279704630275,0.01348336583275688,0.0030074820310491347,-0.027000606843456114,-0.00590022701394516,0.0,0.0,-0.025190291084549423,-0.0051611781635460905
2024-11-18,-0.011363715373940238,0.027212648044807476,0.002439103519130342,0.0046403464586479435,0.007654509462230769,-0.0019322168116231767,0.0066889927469472804,0.0,-0.009756164111742925,0.0,0.015151721332124161,0.00455584025037466,0.0019981407118036237,0.005290984628657485,-0.006600630249309269,0.004474196672990511,-0.00506328110512717,-0.0020119134686401776,0.01405173073065593,0.004743141073981297,0.014641592075576877,-0.0021953488113775686,0.017094298366235557,0.012578769946411373,-0.001384155364430618,0.022611536596774336,0.005479492607033547,0.011204606942052555,0.021337031515886434,0.007744376866862453,0.037094114596965884,0.00339934121468931,0.0,0.01330386807088518,0.01194043720513575,0.008385717012414706,0.005900227013945061,0.009049776471938354,0.016949671011631442,-0.005115046140892146,0.007258076791472526
2024-11-19,-0.005730688036903519,-0.023770196987317395,0.00364744172605748,0.0015420093871946156,0.0,-0.00971830089711732,-0.013423029586552018,-0.012820783129144791,0.009756164111742868,-0.0022370471843458648,-0.012610417001421282,-0.004555840250374683,0.003984041046572553,0.0183011475048156,0.0066006302493091945,-0.004474196672990476,0.015113636577635977,0.0,0.0138570125618899,0.009419159199013722,0.008683147240914516,0.004385995715741482,0.02716989600568995,0.0,0.005524961944029718,-0.00611640133962444,0.010869725051153271,0.004169606204179112,-0.008928445021460845,-0.006773006644820813,0.022161576917055507,-0.0022650582290678015,0.0,-0.008849626290806578,0.008862871580518975,-0.008385717012414712,0.017493148692257623,0.02666818155961865,-0.008438924517258849,0.020305299209285813,-0.0010604316387400575
2024-11-20,0.011428722328005854,0.013651835646619745,-0.0036474417260575352,0.0015396352547093729,0.0010887183942149764,-0.011788060039144982,-0.006779691707017267,0.012820783129144694,-0.009756164111742925,-0.001120631376931234,0.0,0.001824900626637442,-0.003984041046572692,-0.007802428383992589,-0.00792610979121018,0.030907527899992297,-0.02020268502091853,-0.009647335418344366,-0.009216601453159817,-0.003129872234172295,0.028410943598241124,0.0,0.010256718078429015,-0.025317859565233025,0.0,0.0020429943070979085,0.0053908059514712016,-0.00835660017763852,0.008928445021460759,-0.0019436849217032075,-0.005494555879479353,0.0,0.0,0.013245131050951023,0.037522314961019286,0.008385717012414706,0.005764195145344694,0.017391735442501336,0.0,-0.025446643621706733,-0.0025995240939273535
2024-11-21,0.03352270048509516,-0.017094286704109906,0.0,-0.0015396352547093046,-0.0065501612764648125,0.007874058047833749,-0.002270189033321098,-0.05229954194277236,-0.02481517285795866,-0.016959033458616834,-0.020513596050677055,-0.0018249006266373513,-0.008016120399935973,-0.01578970374948055,0.001325479541901043,0.0,-0.0686284769445877,-0.0020428556424220224,-0.004640411108730084,-0.006289286964841443,-0.008438823794929301,0.055333249898233676,0.014184326100634645,0.02531785956523302,-0.012474216315174046,-0.020619285056940394,0.02652668135480906,-0.035590932812821156,-0.023609742104437628,-0.0029226293760594236,-0.011080448726802179,-0.0034071783706890357,-0.055479229583737424,0.01739187612853847,0.005649802223963191,-0.004184068500735637,-0.01156180896116786,-0.00865800689540754,0.0,-0.020834185258337964,-0.005961998845190018
2024-11-22,0.0,-0.013889286495846549,0.001217229289124102,0.0015396352547093729,0.007637695651884276,0.0,-0.004555780823397333,-0.006734082058347702,0.0,0.009080633610057974,-0.013037965439249352,-0.023095649355190272,0.00401614325908555,0.0026489589651195852,0.0026454282352011043,-0.013129271169295643,-0.03333648435371217,-0.003072291153228344,-0.009345807803308756,0.006289286964841379,-0.011363791129381833,0.018462012793098562,0.004016136122594124,0.012422508040835311,0.0027854588495087335,0.01242256023884082,-0.03191748730628019,0.014388746867026436,0.007932050372631052,-0.0009760121935460919,-0.00564975438552355,0.0011370934490737344,-0.0272125635248847,0.0,0.0028129759239317233,0.01663234991059331,-0.0175957618903796,-0.008733728547093875,0.0,-0.01058206169025963,0.000692143743274433
2024-11-25,0.005479478318914313,0.0241809517728038,0.019277818040774553,0.016781519274959196,0.00542010998029722,0.009756328847840473,0.01585530591068912,0.0,0.005012504646800174,0.008999031225490103,-0.005263184502409982,0.0027998482598009804,0.00599393123199442,0.013140744784360952,-0.0013218393315370881,-0.01330406005770613,0.044206111411269115,-0.02597547578147893,-0.014184731572904195,-0.0031396187519446618,-0.002861240517128044,-0.024692443482177952,0.005994171080908343,-0.012422508040835292,-0.026780977307712225,-0.018692140849578317,0.0053908059514712016,0.0028530708332039937,-0.0170750196187287,0.0193429685244466,0.014064912821015959,0.011299354196842417,0.053704178971861166,0.0043010871026153506,-0.002812975923931645,-0.01036264214642344,0.0,-0.0088105727816626,0.0,0.021053379134976482,0.004812917001666032
2024-11-26,-0.010989214767833775,0.006802621427152403,-0.0035863339836322908,0.009036221331527004,0.0021599099722397633,-0.0077974129269586905,-0.004504361006638338,-0.020478323891257953,-0.020202749902499113,-0.012394598699438885,0.0026350548860966934,0.007428038717419533,0.0,-0.021108897711658737,0.0,0.03509123238261386,0.05264377050049155,-0.009518797553209423,0.02353053937621293,0.0031396187519446483,0.01865173105788259,0.010362690329045205,-0.01606467074025746,-0.01257876994641129,0.029558833979925644,0.010427569381581708,-0.0053908059514711695,0.0,0.09206933952783096,-0.003838874760002212,-0.0027970735370170994,0.0,0.04473589384139152,0.0,0.008415158176811353,0.00829882704759057,0.023393375706202826,0.02620230822416394,-0.025752459634650844,-0.03174868588389789,0.003561881717221428
2024-11-27,-0.016713451963541067,0.006756909214971689,0.002392172508809825,0.016357204168220504,0.0010780456154798786,-0.003921471783176619,0.002254716659684821,0.013698675424433626,0.02020274990249923,0.0033955674739488137,0.013072052687046795,-0.05319405125470159,-0.02215599066290197,0.002663133704970418,-0.01075272300695286,0.0,0.06933464633927693,0.009518797553209385,0.0046404111087300255,0.012461296317701313,-0.0056497491589982485,-0.02505353594036784,-0.008129962563879682,0.025001277987246547,0.00553246904236913,-0.002076833278151548,0.0053908059514712016,-0.004282700714354173,0.01455337555038328,0.0,-0.0028051326921954877,0.0,0.066489741268833,-0.008620753495406345,0.0027894364541350657,-0.00414085507726714,0.0,0.0,-0.008733737970757001,0.0,0.0006858986223664282
2024-11-28,-0.011299512072634653,-0.041243048348493336,-0.0144406438394359,-0.016357204168220587,-0.008658065568016609,0.0019625558622948292,-0.006779691707017267,-0.006825926024195558,0.0,-0.0033955674739487977,-0.0026007889289820776,0.02409767729686284,-0.006128627135835171,-0.0026631337049705314,0.0,-0.004319468945993108,0.009523842422499498,0.01047139393644511,-0.018692141839385994,-0.017174629836142177,-0.011396098340660566,-0.010627202899411055,-0.010256718078428888,-0.025001277987246565,-0.0027623748285163165,-0.012552507378584488,-0.016349168561054162,0.0,0.004119330872506491,-0.01160545219483897,-0.014144634360769019,0.0,0.008733679968754631,0.012903311174390255,0.0,0.006204670176100096,0.0,0.008583791501463366,0.025975451111035313,0.01069530674892148,-0.004222716292540623
2024-11-29,-0.01719236943985478,-0.032088252014460125,0.0,0.013402934912081053,0.0032555246968965484,0.0,0.013513728546622129,-0.006872749400237942,0.019802668211158576,0.004524827613520542,-0.01047126375806482,-0.006688907432663373,0.006128627135835187,-0.002670244928454142,-0.02047856501678791,-0.013072174205971558,-0.01432005322155581,0.007265210567488675,0.01869214183938598,0.0,0.00855924342474386,-0.0042825805542889405,0.0,0.012578769946411373,0.004140806579599205,0.012552507378584363,-0.005509666222594246,-0.023155898749732645,0.0071684879456425715,0.00581965971687039,-0.011461343216888933,0.0022448351900556484,-0.014598799421152636,0.0,-0.002789436454135082,0.004115294610122701,-0.029327174581144807,0.0,-0.008583697446406765,-0.016086164342848198,-0.002005120788163666
2024-12-02,0.022858050522692547,0.0036166632177709233,-0.004860242015640334,-0.03003223355355079,0.0010829326986115406,-0.011834356593830734,0.0,0.0,0.0478560281300528,-0.011350865442069221,0.015666095055562632,0.033006182279714275,-0.016427568646057725,-0.0053619097772234885,0.0055020071544296415,0.008733741996352552,-0.02927032104908304,-0.0016560163887534393,-0.004640411108730084,0.014073793690057054,-0.011428729422206381,0.02960062906502275,-0.010362705574590408,-0.01257876994641129,-0.008298830757777037,0.032722692022276456,0.005509666222594185,-0.013264720560124298,-0.0020427791834450905,-0.005819659716870459,0.008608480133850169,0.0,0.014598799421152631,-0.004282557678983935,0.01936439515555134,0.0040984283463334215,0.011834025888887158,-0.01724179839687098,0.0,0.0,0.0007460985927911217
2024-12-03,0.016807157688618454,0.03197415473025461,0.0,-0.006116183397474263,-0.006514710165142677,0.009871800731535893,0.008908788965275624,-0.013889304764451023,-0.00938978941029664,0.011350865442069246,0.005167984430172356,-0.0018570017609633202,-0.00623045395564716,-0.018996482506166215,0.009556490766765085,0.02150613596623907,0.06701072252460528,0.005783896349476689,0.0,0.009273653875927936,0.025533273609722094,0.004157829070399119,0.014477905603671445,0.03727135891299075,0.002773868813747429,0.021891410887330102,0.027101912235368807,-0.00744601806369303,0.046938322568410996,-0.003898641569605465,-0.00573069635039958,0.001120303156754254,0.06995858860691047,0.021232245466029323,0.005464492387597552,0.0,0.00586553477815517,0.017241798396871025,-0.03509134210795893,-0.028955336983390815,0.007169551875259734
2024-12-04,0.005540125264719421,0.03098357319995642,-0.0012187763183846964,0.007639402115995754,0.006514710165142579,0.0,0.004424751035614584,0.0,-0.02871007460801316,-0.018223701434914124,0.01788047409077592,-0.008399495530768486,-0.014690665829879053,-0.008253192211142697,0.0,0.0,0.03189328766615612,0.011061227009785558,-0.014051730730655968,0.0030721785387364552,0.033060892945664985,0.02053461441177867,-0.004115200029081053,0.012121349147384488,0.011019499635203307,-0.003944758264215469,-0.02710191223536875,0.019245572909098865,0.014528036897934296,0.006812754068824911,0.005730696350399619,0.0,0.016086137751624444,-0.004210645411371363,0.008141120196197118,-0.012345922742021412,0.03448622569739788,0.041847140241337316,-0.00896862143891907,0.011236059467547256,0.0044271381632348976
2024-12-05,0.0055097364489195035,-0.003395526267444409,-0.001220327200745608,0.0015209020516002121,0.0010816525847890028,0.003921471783176588,0.008791308828731076,0.0,-0.03457133696970161,0.0,0.0025284531857595917,0.015806901062589692,0.012605120965523572,-0.013908377696855413,0.006770471762407425,-0.004264429300992857,-0.013544114255969578,-0.005720089571755796,0.0,0.00459079922920823,0.0027064026882012582,-0.0184620127930986,-0.004132104228126832,-0.036813938113964,0.0041011149698122855,-0.007936509063407543,0.010929021978139393,-0.0029368616344145238,0.0,-0.000970427577516076,0.0,0.0,0.0026560440581162104,0.012578904930120259,0.007071072446831408,0.002068384686732437,0.10705360724416751,0.024292728814824232,-0.00904978609346376,0.02210038667073719,0.0009598628718242307
2024-12-06,0.010929028667168418,0.003395526267444488,-0.0024449396749565335,-0.010695212896933858,-0.0032485830041201046,-0.0058881948660523585,0.0021857198478233693,0.0,0.0,-0.008078429958223327,-0.017834916200530126,0.005519766758409192,0.018614940330225146,0.016667017046738102,0.004040375198752984,0.025317987257171593,0.02247281661404619,-0.018819769545589993,0.0,0.0045695870833390205,0.018742138429947885,0.010298757599250126,0.004132104228126815,0.012422508040835311,-0.001365192553168919,-0.0019940083726538984,0.026811308589761194,-0.005899726084210319,-0.007722086563121715,0.0029082661174734898,-0.008608480133850167,0.0,-0.010666767804195192,-0.016807246525501647,-0.00543478503435741,0.002063815098832976,0.07338257230827525,0.054488202762271384,0.0,-0.016529348405976398,-0.0014803942370811777
2024-12-09,0.02150618957822816,0.006756909214971689,0.0012233763827322346,0.00917431084533349,-0.012002289208042296,-0.005922967881371224,-0.008771916909095633,0.027587980188884618,0.0,0.0023146048017012627,0.00512823041992687,-0.016651553308121816,0.0020469136336989926,0.005494552861260042,-0.0026917230817645366,-0.012578979633959477,-0.04082199002423276,0.004166660909181771,0.01405173073065593,0.0030348834562454485,-0.0053191119180895086,-0.01444826543734679,-0.006204728213115793,0.04820212692368266,0.013568709305743705,0.009930517436061437,-0.0160003034045267,0.02194672576670068,-0.01980262324925854,-0.002908266117473537,0.008608480133850169,-0.008998913501199458,-0.0244245520070749,0.0,-0.005464483400461902,0.010256556327415402,-0.028710157636621048,0.007547156354738745,0.026907414078604874,0.03278991423397976,-0.001128760963557356
2024-12-10,-0.005333292803751732,0.00671147655322206,-0.00859439627705525,0.0030395749006822312,0.00983076223186513,0.0,-0.004414983168196622,0.013513730525172183,0.024815172857958638,0.014917188211299762,-0.0025607641418269045,0.007434942475210629,0.002043042778839118,-0.008253192211142697,0.005376288452433472,0.0,0.0,0.006217578460353511,-0.0046619268989856084,0.003025700799917421,0.039220730741708475,0.05658085918971764,-0.006243467356228063,0.023256839595910014,0.002691800838020574,-0.007936509063407543,-0.016260551100912037,-0.010181876319351161,0.001998156736463696,0.00677300664482072,-0.0028612430707344715,-0.01709430273227294,0.008207980417829582,0.004228341595381535,-0.002743514893523392,-0.016461226503515534,0.047402610539589204,0.02963178309795711,0.0,-0.005390841576113177,-0.0015278123634900873
2024-12-11,0.00533329280375168,-0.0033613628101892916,0.0,0.0,-0.003266267350479166,0.0019781887787080838,0.01971576358174561,-0.006734082058347702,-0.019802668211158538,-0.006857126362884462,-0.010309461784277713,-0.013047652016220377,0.0,-0.008321874635166428,-0.008075345236236497,-0.017021589396412008,-0.013986240391633462,0.020248189079949144,-0.009389803831670322,-0.015220970568710348,0.0025607969241906265,-0.021847912108735205,-0.06023330540218324,-0.011560811248108578,-0.0383609329477543,-0.014042284615210406,-0.010989142285056186,0.005830924176060592,0.0019938637107911198,-0.011639320942583496,0.011396033922738863,-0.00933491709919717,-0.01648388972168937,0.0,0.0,-0.020965139984678558,-0.01869245290296824,-0.014706140242958217,0.0,0.010752777734229908,-0.0035926030550212477
2024-12-12,0.005305064689707464,0.01005029833658071,0.002463069822657502,-0.004562793619203748,-0.006564494881386075,0.00197448902408583,-0.008714583352276652,0.006734082058347701,-0.020202749902499113,0.0,0.0,-0.0009385690456300573,0.014982195274996364,0.0,0.0,0.008547011074192762,0.0,0.0,-0.004728173388155828,0.015220970568710294,-0.033813367349357006,0.0,0.019759101696742148,0.0,0.0013957463809989017,0.010050283855030723,0.005509666222594185,-0.014641559741631236,0.0216758719431433,-0.004889912677681158,0.008462706591803398,0.0023417644258532607,0.016483889721689415,-0.004228341595381452,-0.0194181522073435,0.00633581173850614,-0.028710157636621048,-0.02247279920973758,0.0,0.0,-0.0006988439045492439
2024-12-13,0.0,0.05511923022307951,0.0,-0.0015254615343769117,0.007654509462230769,0.0,0.0,-0.006734082058347702,0.02020274990249923,0.022676604452008028,0.0,0.004683873499061948,-0.004106805865034453,0.008321874635166562,0.014755498439661814,0.008474578322219272,0.01860522302414676,0.012275071575895646,0.004728173388155847,0.019447158493278573,0.026111156030277156,-0.0020101110410660483,0.019376439892538393,0.0,0.0,-0.008032130182355898,-0.005509666222594246,0.011730347607173565,0.005830768269190501,0.0019589145921433972,-0.005633839438771173,0.012783575820683112,0.005434795985956995,0.004228341595381535,-0.00561791058605305,0.006296023363191105,0.06575101709388174,0.06595789031749746,0.0,0.005333339066384042,0.004154722381005326
2024-12-16,0.015748329517169896,-0.022329580462031994,-0.003696819132240177,-0.0015280352523812882,-0.006557430073581948,-0.0019744890240858126,-0.006586197061272367,0.013423032128448222,0.009950320210117458,-0.0011216600051664608,0.0,0.012076214806121512,-0.004123741293866705,-0.005540214479068918,-0.0013324790244452133,0.025001373477529083,-0.009259399307339947,-0.007830560806715223,0.0,-0.0029673414297573066,-0.015584776635889816,0.0020101110410660644,0.0,0.0,-0.0027933074028433044,0.0,0.005509666222594185,0.0,-0.006805977593567425,0.0,0.008438972130966664,0.0034579271916432767,-0.005434795985956945,0.025001439397067834,0.011204576527493734,-0.010515400239634518,0.009050607012266239,-0.04348509110775978,-0.026907414078604842,-0.021506177134464437,-0.001181754353533056
2024-12-17,-0.01047126008746996,0.006431079264777412,-0.00743502171513868,-0.012307842405537199,-0.01658403551683362,0.00197448902408583,-0.004414983168196622,-0.0066889500701003924,0.01960851211278391,-0.013559443964823266,0.0,-0.002773867243333112,-0.010384318532740648,-0.011173231241664774,0.001332479024445237,-0.03774038110074131,-0.014051752390335721,-0.014415024641054501,-0.009478808645557042,-0.0134631665603573,0.0026143562945858782,-0.040989365915621315,-0.01937643989253842,-0.035506725198355196,-0.0070175966358102275,-0.010131848873964263,-0.011049927697485525,0.005813973708247229,0.0019493680585843964,-0.0157794240422691,0.0,0.004592585102805453,-0.0027285146532040625,0.0,0.002781602505743274,0.0021118626344520243,-0.009050607012266223,-0.030077532016350602,-0.009132543963306818,-0.01092912275456084,-0.005942267754888319
2024-12-18,-0.005277069429699859,-0.012903383191530686,-0.0024906108622614566,0.003091252585374834,0.0066666094755784555,-0.0019744890240858126,-0.006659410531190848,0.00668895007010052,0.0,0.002272752316870447,0.0,-0.0074349424752106034,-0.008385842790660627,0.00839157108556708,-0.0013324790244452133,-0.004282581773199891,0.009389815270330754,0.012195238463929146,0.01418473157290428,-0.004528279236936218,0.05090165958550068,0.006256418834638885,0.006500618941388843,0.011976179932825813,0.004216533091739705,0.002034680831290651,0.005540261474891178,0.02008677167274358,-0.014713584679501769,0.0009934669158794404,0.008368210622941552,-0.0034422866072099383,0.0,0.0,0.0,0.008403537605182459,0.10354083563631705,0.052056384555511426,0.04485053993901998,-0.005509715903565718,0.0014076094937697772
2024-12-19,-0.005305064689707508,0.003241428360619008,0.0024906108622614487,-0.012422513864040982,-0.003327749287839445,-0.0059464485703322285,0.0,-0.01342303212844813,0.0,-0.0011359040728460663,-0.015666095055562667,-0.0009333134340252475,0.004201711664487719,0.0,-0.018843086510809588,-0.017316461139369004,0.1752874740784192,-0.020408813438713643,-0.004705922927347247,0.0030210529698294552,0.004950519419120132,-0.02313444485815761,0.0,-0.011976179932825855,0.0,-0.0020346808312905417,0.0,-0.00999298813060271,-0.018953105908122877,-0.003980005134890651,-0.013986295521416987,0.005730578955411927,0.10863384100279537,-0.008264413357577974,0.0027739562830327975,-0.012631835101697294,0.016260745925916816,0.01438873123250092,0.0,-0.011111211930650563,0.00031878898911250915
2024-12-20,0.01058213411940732,-0.019608480115758112,-0.011257155014003721,-0.015748328048277666,-0.005571088714152195,-0.00999004226922609,-0.006703940595389805,0.006734082058347701,-0.029558832322901452,-0.0011368482440245193,-0.010582138554225708,0.003727945413901723,0.008350828220013406,0.0,-0.001359654040530478,-0.008771934921972849,0.011696038656099621,0.0,0.0047059229273472385,0.013483337606106713,-0.008024012992579667,-0.010695294715226875,0.01713111262167036,0.011976179932825813,-0.01412457619995306,-0.018500022487332114,0.005509666222594185,0.0,-0.04321653921097488,-0.0029955855815963764,0.005618084898475516,0.004561049890436155,0.014598681846236453,-0.029476068415163818,-0.01958097045256544,0.010537460250185352,-0.03278944596774642,-0.058840382981399326,-0.008810581897108425,-0.005602248687742789,-0.005439419108201068
2024-12-23,0.0,0.0065790011067088745,0.0,0.009478676491400667,0.004459373523591858,0.011976192293561326,0.013363351126580594,-0.006734082058347702,0.029558832322901445,-0.0034189011810666675,0.01058213855422572,-0.00934591056651641,0.0,0.01657506684630916,0.004073359724747069,0.01746770337891463,0.0,0.008213574974784414,0.009345807803308846,-0.0134833376061068,-0.028536341764863138,0.010695294715226763,0.0,0.0,0.0,0.008264571467996654,-0.011049927697485525,0.004294963324885806,0.009419192753446218,0.016857147026551566,0.005586557071053542,-0.002277752587096502,-0.007272641754163536,0.021142677977535638,0.0028208351362954453,-0.006309162753670561,0.016528700041829717,0.007547156354738745,0.0,0.0,0.0030053366750818207
2024-12-24,-0.010582134119407437,0.0,0.002512513370417592,0.009389756705664694,0.0011117151905603035,0.0,0.0066152431145942965,0.006734082058347701,0.019231220437337552,-0.008022993229692195,0.010471263758064826,0.008415202971329272,0.004149304746179485,0.0054645276500988405,0.005405418195179291,-0.004338432209619114,0.007722014243733187,0.0,0.01843371081021905,0.013483337606106713,0.010471290063899701,0.004246210135251701,0.0,-0.011976179932825855,0.007087157080881291,0.004106760672757513,0.0,0.005698024805716923,0.009331298807566429,-0.006906863279210228,0.002781653551888014,0.0011394675571779849,0.0192777054259031,0.0,0.008415144906242572,0.0,0.0,-0.007547156354738608,0.008810581897108396,0.027702635358479992,0.004244855343104128
2024-12-26,0.01058213411940732,0.009788050648430108,0.008744641643586253,0.0015564095056893993,0.002219729504930814,0.003960298545997019,-0.002200259946397653,0.00668895007010052,0.05556996996958156,0.005737369995024088,0.0051948312974979625,0.0,0.006192057986587297,0.04005867513404143,0.009389705737380351,0.01724170666524621,0.0114724927658975,-0.002662128078199224,0.02257436117807756,0.0,0.010362838882370154,0.03538354481418788,0.008456540705025968,-0.012121349147384575,0.016807175623382374,-0.006166586990016772,0.027399096258539576,0.007077139296944174,0.010266976030999036,0.004938308301463807,0.008298764412533096,0.0022753900914982026,0.023585885541974334,0.0,0.0027894316212511575,0.006309162753670516,0.008163889288192392,0.0,0.0,0.0,0.006659019494034194
2024-12-27,0.015666089244023122,0.006472303926753199,0.013588730927513743,0.004654746624188986,0.004424731874296419,-0.0019781887787080604,0.006586197061272436,0.006644505142351133,0.008968716776245046,0.01701686693612857,0.0,0.005571018090521246,0.0,-0.010526412644998836,0.0013342568940331494,-0.008583805509634,-0.003809651384244166,-0.005345368357864779,0.0,0.004454396651114671,0.02040885176919942,0.024243644572346425,0.004201756173679579,0.012121349147384488,0.004158024178178058,0.018386635518942738,-0.005420146582914643,0.03873232282094427,-0.012333038723912707,0.002951381167920095,-0.005524826998467231,0.0,0.0,-0.004192990190490293,0.016575001159426034,-0.002098566546518448,0.03984531340916835,0.03717893945269578,0.0,0.0054496639180398035,0.008908619259337038
2024-12-30,0.0,-0.012987014372982816,0.0,0.0,0.009884858876387435,0.013766248817852936,-0.006586197061272367,0.006689113019784737,-0.018018599940440493,0.005608541966083069,0.0,0.000925539414431918,0.004106805865034382,0.0026420256635379495,0.013245158897635717,0.0043012237364342025,0.018904214681241264,0.030053066384130283,-0.004474310740303009,0.007380208608752324,-0.0025284439146058255,0.017804576363929386,0.012500266604893395,-0.012121349147384575,0.0,0.0020223370189415024,-0.005449545915677555,0.006761389876493755,0.0010335649232433091,0.0029425969983008058,0.0,0.004535192904544957,0.01847638963147805,0.004192990190490342,0.013605590631887035,0.0,0.04580952101892087,0.0,0.0,0.0054200603338501845,0.005842370981179489
2024-12-31,-0.005194829156553205,0.0,0.006116326867232461,0.003091252585374834,0.010869647896993791,0.0,0.004395576739493091,-0.006689113019784705,0.009049883164195412,0.0022345477888849334,0.005167984430172356,0.008291071418479266,-0.008230547158901116,0.0183011475048156,0.0,0.012793332211580565,0.0,0.0,0.01336320625709876,-0.022305835487789367,0.0,0.01363227018423895,-0.008316091341217033,0.0,0.009635344270772858,0.0,0.010869692498592326,0.006715912703564058,-0.0020681992082874105,0.006832605089448121,0.011019367358388639,0.0,0.011376686982108048,0.04098928481023776,-0.02185881971172515,0.0,-0.007490346649245163,-0.022141070240301524,-0.017699588443330333,0.0,0.0028352995539176373
2025-01-02,0.0,-0.0032733402022006863,-0.008573216947367405,-0.004640346458647935,-0.019651265358042208,-0.005876557853606092,-0.0043955767394931455,0.006689113019784737,0.008968716776245046,-0.0067189078497732965,-0.002580653710917632,-0.005519766758409204,0.008230547158901211,-0.0025940511270259098,0.0026281891901129752,-0.00424632113738776,-0.007518801188737514,-0.00040015105803115053,-0.004434627374181232,0.017884189237712254,0.005050510920848728,-0.06183434001394422,-0.01260521127980773,0.024097529080210435,0.0,0.006042181787995094,0.010752743674314679,-0.012121334961278889,0.014388575682974641,-0.006832605089448255,-0.0027435660682838038,0.01459877964125097,-0.006810469002526752,-0.036814015481979254,0.008253229079838026,0.00628263504725414,-0.022814662873624037,0.007434929997343368,0.0,0.010752777734229908,-0.005776738755284548
2025-01-03,0.025708416860807014,-0.023218230712255355,-0.0024630698226576573,-0.003105652750916015,0.0033021088520482156,-0.003937013161453207,-0.008849659021401664,0.006644494801689251,-0.027151015999735274,-0.00563382030415745,-0.005181373087770522,-0.007407405531821203,0.024292633034766094,-0.0026007977331096517,-0.001313164301403409,-0.008547011074192801,0.033398276389422124,-0.01736015154311121,0.0,-0.01188713335372189,-0.025511624435312606,0.026397466402137856,-0.012766133244524724,0.011834516917728159,-0.002743561986436203,-0.0020100407324917455,0.010638418332531738,-0.010899297960990935,0.04294231595622592,0.003909975713388817,0.0,-0.014598779641251006,0.01581953894489281,0.0041581211093695645,0.013605590631887035,-0.008385717012414712,-0.023347348400859162,-0.014925642854999014,-0.00896862143891907,0.026386721347987252,-0.0020905521314882876
2025-01-06,-0.010204193864323743,-0.010118259731476096,-0.0037060173132807497,-0.001556409505689267,-0.005509699128764564,-0.003952677802793755,0.0022197962183284044,0.0,-0.00921670344761589,0.0,0.002594042368515839,-0.004657694451916651,0.003992044656959992,0.007782188292636698,-0.0013150248887094228,0.0,-0.007326098729548626,-0.017874129426263013,0.013245316871429626,-0.015060501168936235,0.02046111351446394,-0.020243617508708362,0.0,0.0,-0.00137457535482708,-0.01011115542550213,-0.026811308589761152,-0.0013708377380807746,-0.03178032842627742,-0.005870810860437964,0.0027435660682837417,0.005640078204174603,-0.004494389587839326,0.0,-0.013605590631887148,-0.010582063678331165,0.01562564010218699,0.02230579073041901,-0.018182330056770456,-0.026386721347987297,-0.002451660906197704
2025-01-07,0.005115112572245498,0.013468278809919578,0.00862597721607339,0.0015564095056893993,0.0011043488613772677,0.0059229678813712185,0.0,0.006600636744857009,0.02739900267110612,-0.00566585587740641,0.0,0.003727945413901723,0.013847928399221394,-0.018253423183879517,-0.006600650329835818,-0.012959124892046316,0.003669758315095313,-0.00707305249827131,-0.008810689497248532,-0.006088257668797728,-0.017880407854593636,0.004081560860249546,0.02745683451908594,-0.023810696850553942,-0.009675231107687438,0.02607957810939703,0.0,-0.017993542977323283,0.011038977614479582,0.0019608351470492796,0.0,-0.0011254736726067096,0.01342302033214077,-0.025211555242087947,0.002735939927419214,-0.004264463214225081,-0.05579200589474036,-0.02985294708515764,-0.009216604864771752,0.0,0.002654209422653049
2025-01-08,-0.02061933556872871,-0.03056262099717716,-0.007389111421124748,0.0,0.0,-0.009891227672995414,-0.013393181457927053,-0.006600636744857093,-0.055569969969581585,-0.005697791645647934,0.0,-0.0046620370674543546,-0.00987175681777437,-0.015915487272727055,-0.04330845521234126,-0.004357336247322757,-0.01848478281775314,-0.008385852357096863,-0.02690740922192271,-0.0030582420814608663,-0.06385147266178642,-0.028927594067618165,-0.02105355145453097,-0.012121349147384575,0.0,-0.024049233542092804,-0.016438688200733714,0.0,-0.02016217612500319,-0.0019608351470491777,-0.024966648087591557,0.003372740899090652,0.00221975673831281,-0.021506231239975842,-0.013755382298068998,-0.015070272266751032,-0.04184648357293232,-0.06252041864837714,0.0,-0.005361936158116794,-0.009221535368210394
2025-01-09,-0.042559583785105645,-0.017391735222102796,0.0024691515183322575,-0.012519802971529484,-0.0022099186576245936,0.0019861500243350504,-0.0022496443469533778,0.0,-0.009569380951116181,-0.01380922373051149,-0.002594042368515745,-0.0018708988145596454,-0.009970180825576895,-0.01075279141940527,-0.011126678283448746,-0.02207599497967906,-0.08565546667398037,0.0,-0.0045558474729505685,0.0030582420814609023,-0.030685847628152577,-0.008421045346218563,-0.015005523304274826,-0.012270080925744142,-0.02247286353640625,0.004048669802694628,-0.00554026147489119,-0.014064939462888568,0.0030504632975366483,-0.006893260628819906,0.013947280729202932,-0.00788734543065844,-0.07121274412053887,-0.00435731070910242,0.013755382298069043,-0.0021715864697516326,-0.034786841025293,-0.03278980667209828,0.0,-0.01081090190996349,-0.00871987301558562
2025-01-10,0.047754412941658775,-0.010582245198095617,0.008594396277055348,0.007843288317052374,0.0022099186576246916,0.001982109767288898,0.0,0.0,0.0190482351217919,0.008078429958223344,-0.005208294709652104,-0.012247055978905604,-0.012096992688458978,-0.010869604410774222,0.008356593702502454,-0.004474196672990476,0.012121359343270487,0.0,-0.013793299701489053,0.0,0.02240988044513636,0.004219438415300952,-0.0021621459552106557,0.012270080925744102,0.0028368219719791758,-0.006079014369998931,0.0,-0.0014173998615244466,-0.030930453729446944,0.004928672587394922,0.011019367358388639,-0.0022650824538108395,0.011834573542277406,-0.017621623185086293,0.0027285434730427408,0.0021715864697515823,0.03478684102529305,0.024692649225322078,0.0,0.0,0.0009989795722163647
2025-01-13,-0.020943158673723147,-0.01428584606920561,-0.009828145586637827,-0.018928042589914446,-0.0033167120913877145,-0.0019821097672889703,0.0022496443469534905,0.02614517797711233,-0.009478854170675687,-0.0034542129959155535,-0.013140829612771434,0.0,0.010090912302816056,-0.016529403143421804,-0.0013880311471525424,-0.02267663379637674,-0.07937361467308825,-0.026668150797150257,0.0,0.0,-0.0027739243143501727,-0.00421943841530087,-0.02854199138448089,-0.024692588966579474,0.005649751968376606,-0.02053470331862269,-0.022472684233876314,-0.0142859670439839,0.008342177356752528,-0.011869578823707413,-0.011019367358388642,-0.0045455005422322965,-0.060624621816434854,-0.004454241780078529,0.002721050469791927,-0.021930609188292073,-0.01724216260055403,-0.01639380089447649,0.0,0.0161728380680802,-0.010552211062812537
2025-01-14,-0.010638357493459212,-0.021819056563502408,-0.016179663358724738,-0.0015936145283098316,-0.008898838001991633,0.011834356593830728,-0.011299525087291718,0.0,-0.0388397325501214,-0.019802720090897726,-0.007968125464197411,-0.022042138623514774,-0.010090912302815907,0.01104990401872759,0.0,0.01366749994828212,-0.0535842422603893,0.002159694499370593,0.01834914717443971,0.006088257668797632,0.0,-0.0063626763958521924,-0.05493361561596371,-0.01257876994641129,-0.002820886027331875,-0.014629340656735913,0.0,-0.0057720257951180175,0.01340914496989021,-0.010000136986453394,0.0,0.0011382850299183325,-0.048665235860564496,0.03939233606218329,0.0,0.015401756971832398,-0.017544678424738874,-0.0082988483308456,-0.018692257422792017,-0.01617283806808024,-0.0057747540148924735
2025-01-15,-0.04932511385410554,-0.03364800158147077,-0.015170918178228002,0.01582308667308973,0.0033463091411819828,-0.005899569023748011,0.0,0.0,-0.02000064520555737,-0.017804512355626845,0.0,0.0009685669830361507,-0.006103666790434723,-0.011049904018727652,-0.019635974516858962,-0.0228842197449454,0.004576703641996754,0.0030160454895696775,-0.009132545721279714,-0.030819188855175088,-0.025317784210357158,-0.010695294715226875,-0.014218366419916079,-0.025642482545709326,0.002820886027331982,0.0,-0.03468554694922836,-0.02342707450647803,-0.03651946637897224,0.005012568783609257,-0.002773937414065865,-0.002277752587096502,0.005235677933228421,-0.017316471097018494,0.01081089480394006,0.0021810589598799373,-0.04525591759238433,-0.042559644894828254,0.0,0.02681122252828983,-0.009137932316767329
2025-01-16,0.03315221707962915,0.04097407489752401,0.01767726513736603,-0.003144717871917928,0.0,0.0,-0.002275237522736536,-0.012987102906938549,0.010050324995439897,0.0,-0.002670302276273506,-0.002908325254728999,0.012170505326158052,-0.002781660156097594,0.008462745392453489,-0.00930245856324848,-0.004576703641996632,-0.0053919747068239664,0.004576698248329255,-0.0015661606291115721,0.008510681608948401,-0.004310374915581543,-0.021713824194090858,0.01290339292688759,0.0014075330685290263,-0.002107471579994898,0.0058651299398714135,-0.02855188184553198,0.01999016795223206,0.003992022479426882,-0.005571137085924526,-0.005717702431600466,-0.00786380050760141,-0.017621623185086293,0.0026845938130447607,0.0,0.027399013566558723,0.034191449920189895,0.018692257422791965,-0.005305045393825503,-0.004221092583846844
2025-01-17,0.02150618957822816,-0.0036563277542507456,-0.0012523555934088719,0.0,0.007764892090820054,0.0,0.011325118263074896,0.00651471830971138,-0.005012504646800101,0.005970108908794759,-0.008053623392509649,0.0,0.03953077500129907,0.005555604137784472,-0.005633817314449642,0.02765172543870595,0.004576703641996754,-0.004986604052622611,0.013605630231170479,0.015552468134901486,0.002820873685589742,0.012875679650593753,0.024097596759943385,0.01273908961882172,0.005610063567281305,0.006309242855149224,0.011627911751394458,0.035931956669519725,0.020619177512583322,0.000995545723417176,-0.005602206229212608,-0.01502048299894609,0.025975550450647582,0.004434602599144734,-0.002684593813044637,-0.006557393589869216,0.0,0.008368194974638579,0.0,0.010582095730758065,0.0071614659812668045
2025-01-20,0.015831502205309243,-0.025975512658596395,0.0025030795881729943,0.0015736367601756108,0.0,0.013712211827102545,-0.02971641381740894,0.006472384597227174,0.014962824856917568,0.013010314806513752,0.010723925668783081,-0.009756225506245886,0.026770302549042276,0.00827596003704094,0.01402547435342476,0.0,0.01809996707355389,-0.004356258431452549,0.004494420206604074,-0.0015444704724588585,-0.0028208736855897007,0.010604456160183844,0.007117526888526706,0.012578769946411373,-0.001399585122990789,0.008350736103430222,-0.017493041691265806,0.013148444912073244,-0.008196660168256733,0.0,0.019472107727670142,0.009270132285970555,0.0,0.004415023691661974,0.005361999874037639,0.006557393589869145,0.017856904025825706,0.008298848330845538,-0.03774046553202952,0.05129329119160242,0.0035806905478004284
2025-01-21,0.005221892001568182,0.029631840412847048,-0.007528245081916836,0.0015710811117424684,0.0,0.0,0.01382499618505888,0.019170108674977322,0.0,0.014002591768908232,-0.008032193611588469,-0.010842883100589853,0.0,0.0,0.004169603232582769,0.00453495286948781,0.06088833338424587,-0.0013105866591355767,-0.013544202964823846,0.022919265492548326,0.002820873685589742,-0.010604456160183913,0.05294669101042618,0.012422508040835311,0.0027971461448351755,0.016495135257149764,0.02898744293545091,-0.007283321548934196,0.0030815865021402928,0.003972200958511725,-0.016666975035474565,-0.016279389047950663,0.030305288953022973,0.004395504760144335,0.005333335250054592,0.008676869831571045,0.008811317620498704,0.008230445412534395,0.0,-0.020202681293371324,0.0051509853207073394
2025-01-22,-0.005221892001568197,-0.02587938097244244,0.015000368260511817,0.0,0.0,0.007751876896697187,0.006841536892011688,-0.006349345914042918,0.0,-0.02701290657542186,0.008032193611588575,0.0009907335608751327,-0.011385388861269474,0.002743502671484031,0.004152219517535444,0.004514712451323211,0.00840358010266379,-0.0013123926828131711,0.01801851370512684,-0.0075814869312079555,-0.01704585110836476,0.010604456160183844,0.022173898618441615,0.012270080925744102,0.0027894117477518976,0.0020429943070979085,-0.01149440124418526,0.01451405246387914,-0.006172805038900403,0.0,0.005586557071053542,0.0011715088304490775,0.004962789641843486,-0.013245131050950994,0.005305041617880355,-0.004329076574991192,0.00873336080424019,-0.00823044541253434,0.0,0.010152358320508929,0.0046335218702666684
2025-01-23,0.0,-0.01890433409868758,-0.011229194132497206,0.0,0.0022075902767163015,0.0,-0.013730203032657404,0.012658388072980186,0.0,0.008298830869588837,0.0,-0.002974851627787304,-0.001910183950729573,-0.013793406690211623,-0.008321822750118325,-0.013605631347470894,-0.00419291155219378,-0.004167122235534575,-0.01348344219729224,-0.010711662176238895,0.0,-0.01916976089519618,-0.0043955767107086005,-0.024692588966579474,-0.0013936653667529276,0.0,-0.02339277443003957,-0.005780366714028979,0.0030912185367599223,0.0,-0.011204641969529045,0.0,0.002472249387980673,-0.008928527293831914,-0.016000376741972563,-0.0021715864697516326,-0.026433304270608398,0.0,0.0,-0.01015235832050896,-0.006698348998343634
2025-01-24,0.005221892001568182,-0.027080988622949734,0.005006362760599565,0.0015686997627684857,0.0011019149418187216,0.0038536703944738273,-0.0023067287496454304,0.0,0.0,-0.02148052486807324,0.0,0.007912960711028809,0.015180457936811404,0.0,0.002781572085430446,-0.004576581052134554,-0.11568445866603431,-0.00021979943152568748,-0.009090918980785295,0.0,-0.03202599559374042,0.002148187657379039,0.0022002034902375714,0.0,0.0027854588495087335,0.0,0.0,-0.0029027615737895274,0.023386746288445715,0.0,0.008415158435492431,0.018562057103326216,-0.11500910877365819,0.004474285513753462,0.013351340523683369,0.006500663044742879,-0.008968278179956124,0.0,0.0,0.0,-0.002202506676537968
2025-01-27,-0.026386687010629056,0.007812672355554882,0.002493586539001678,0.0,0.0,-0.003853670394473798,0.011481150958905529,0.006269649073088124,-0.02506390955281449,0.021480524868073163,0.0,-0.003948653507532498,-0.01709439297694883,-0.002781660156097594,0.0013880311471524472,-0.004597860409931865,-0.0938961201828631,0.000219799431525629,0.0,0.007662977767944789,0.0029542089843561685,-0.00430121091784969,-0.0682081494428597,0.0,0.005547950886066293,-0.045937176617209,-0.011904924110744324,-0.023530513147354073,-0.020305159786305347,0.008880204055369226,0.005571137085924546,-0.011560861370552355,-0.11432641278847258,-0.013483365832756968,0.005291073579835647,-0.002162195676325855,-0.046091466469526964,-0.025106059993914978,0.0,-0.025841260705172366,-0.009423257392578155
2025-01-28,0.010638357493459307,-0.023623155359746434,-0.011271123427615918,0.0,-0.003309505218535094,-0.011650517708740428,-0.0022857560686144014,-0.0253177893489946,0.0,-0.019070920848628034,-0.005347687529823089,0.013032781028843188,-0.011560794696905708,0.005555604137784472,-0.0013880311471525424,0.0,-0.015666116082318087,-0.0019799362774673827,0.004555847472950596,-0.007662977767944781,-0.01485917104674495,0.006444898555918352,0.014018809685478492,-0.01257876994641129,-0.011126717138418216,0.06213177980772932,-0.012048437631940048,0.01183446560815441,-0.013422884453184718,-0.008880204055369179,-0.025317977675906034,-0.004661817530043389,-0.03475871162243199,-0.00453516042445985,-0.010610224566906749,-0.015267491524452503,0.01869245290296818,0.0168072116630694,-0.019417981178126355,-0.010526399529991405,-0.004036455140311017
2025-01-31,0.010526437515601646,0.007936487598258003,0.01002520490933938,0.007806385336843034,0.0,0.009718300897117272,-0.013824996185058924,0.0,0.005063264347257052,0.004801981070244233,-0.0026845060817654335,-0.009004543129525451,0.007721995663795454,0.005524909847264684,0.005540250664687994,0.036203072985591375,0.005249398034032038,-0.009292154323965357,0.01354420296482392,0.01526744830752936,-0.009022609188974089,-0.004291875295447559,0.009237980148145199,0.0,0.0013975610218444302,-0.02645115432587918,0.018018539872141245,0.0,0.019558030004305324,0.0009905145859853497,-0.008583559433438338,0.004661817530043511,0.006410356618176821,0.009049845990676096,0.0,0.004385932031346978,-0.009303119306968132,0.0,0.0,0.005277050336932661,0.0027206660438226387
2025-02-03,-0.010526437515601634,-0.024000963095097007,-0.0024969598274225606,-0.001556409505689267,0.0022075902767163015,-0.003875974040588015,0.00231753924274569,0.0,0.0,-0.015691311767270653,0.0,0.0,0.0038387990331102467,-0.02228504363981796,0.01235427392488392,-0.031605212575659444,-0.015831463864418166,-0.0020024030440761228,0.0,-0.009132500611109625,0.058667862658929856,-0.052992603172098696,0.0,0.0,0.0013957463809989017,0.0,-0.01801853987214135,-0.0014717088030980455,0.006097525831681753,0.003952575699602844,-0.0028777837834506863,0.0,-0.02589141393274159,-0.004514685566216201,0.005319150987071101,0.010881559493105507,0.13119236149757774,0.040822022558204156,0.0,-0.015915434797142237,-0.0021154073959591835
2025-02-04,0.015748329517169896,-0.008130263156551876,0.023472301283684664,0.003110400364746299,-0.005527973289635245,0.0077369828924329235,0.018348993834325006,0.0,-0.0050632643472570465,0.0,0.0,-0.003019557115633771,-0.0038387990331102207,-0.002820893631361875,-0.008219294065666178,0.0,0.0,-0.017751234075491812,-0.004494420206604026,0.012158201411027221,-0.0028530662653855803,-0.013698807620161369,0.022728181997722908,-0.01273908961882177,0.004175385557396885,0.012295277336594716,0.018018539872141245,-0.0029498567348359302,0.0,0.003937113769780946,0.017143270985854418,0.0,-0.0032840752011898846,0.004514685566216287,-0.013351340523683324,0.0,-0.03333616588365782,-0.016129373332881957,0.0,0.01591543479714225,0.007010540251850448
2025-02-05,0.010362874859779096,0.008130263156551843,-0.0024449396749565335,0.001551661891859058,0.0033203830129189668,-0.0038610088518448373,0.009049880740338214,0.012739098116969334,0.0,0.014493037607094387,0.02127739071116263,0.01798246156383441,0.007662918023977254,0.005633852200563344,0.03114683184873415,0.01818221239960537,0.036557634144986854,0.013063220061012834,0.004494420206604074,-0.0030257007999174427,0.0056980156960335475,-0.004608328290541117,0.0,0.01273908961882172,0.0055401318071407295,-0.006128690346578018,-0.005970102240201287,0.005891037401800139,-0.0010136584268178597,-0.0009828261901735724,-0.00568192776896554,0.009259287161650318,0.041874072471059016,-0.004514685566216201,0.010695335124092244,-0.010881559493105415,0.008438563024402405,-0.01639380089447649,0.0,0.0052493491930588,0.0063394472108293035
2025-02-06,0.015345542001028075,-0.016326965894769573,0.006101272483210913,0.003095955605788177,0.0,0.00770706752080696,0.0022496443469534905,0.006309042158937226,-0.0050891605598021635,-0.009638669491631557,-0.010582138554225708,0.0059229727319156985,0.01138538886126949,0.005602220676707103,0.005319026132785213,-0.004514712451323245,0.010204127829821937,0.01466034586741041,-0.009009131456989212,0.006042351303081495,-0.0028449494306480943,0.016037030506784667,0.008948643784617375,0.0,0.0013802671995536413,0.016260539220542228,-0.006005958533837699,0.0073153635408757965,-0.001014686972906626,0.0029454862241818105,0.008510794921997699,0.02502967466285567,0.018750549345376028,0.0,0.01583143371459726,0.0,0.008368902817425491,0.008230445412534395,0.0,0.0,0.006747565857351935
2025-02-07,0.0349161635100452,0.11274055477382643,0.0204704309217126,0.0015443908528597837,0.0011043488613772677,0.0,0.0,-0.006309042158937219,0.010152424907059298,0.016807052560602623,0.0,0.001966586069425462,-0.0018886327095461591,0.008344954546644471,-0.021448406959378188,0.0,0.02506398666131577,-0.0022074567457489244,0.004514711250385244,0.016430507990114654,0.014144494030022641,-0.009132421314397584,0.004444416701560666,0.012578769946411373,0.0,-0.010131848873964263,0.011976060774038878,0.001456628687875846,-0.00917913140280428,0.0009799369642923077,-0.005665687498960894,-0.01814089810179781,0.06298933415074189,0.0,-0.010526392096716828,0.013043755169431402,0.0,0.0,0.05715844671015589,-0.010526399529991405,0.0036145162228065192
2025-02-10,-0.009852198555337968,-0.04128166106603288,0.0011911301870376168,0.0,-0.0033167120913877145,0.003831422885808768,0.0,0.006309042158937226,0.0,-0.009569431198528197,-0.002663058545348427,-0.006900038226792762,0.0,-0.00834495454664452,-0.020534565817948474,0.017937712627377273,0.0,0.0033094471613844836,0.0,0.002958562358675223,-0.011299544599374644,-0.0069046091923869865,0.004424858573055373,0.012422508040835311,-0.001380267199553674,-0.022658011258176222,0.0,0.007251704951489705,-0.0010251945802734433,-0.0009799369642924016,-0.011428666856475147,-0.009195428039394713,-0.00583092031079321,0.031182738663786316,0.005277046600734004,-0.004329076574991192,0.0,0.0,-0.03774046553202952,-0.005305045393825503,-0.0006036625575404288
2025-02-12,0.029270330785119262,0.003824019310956124,0.0,0.015314207377042229,0.007722062358775005,0.013295593662702535,0.011173385239598703,0.0,-0.0050632643472570465,-0.009661952504976928,0.010610142213477352,0.00788178645203922,0.0075330364169506605,0.008344954546644471,0.001382134936589364,0.0,0.019608449800726593,0.012694301174868385,0.008968730946906955,0.01028672615070504,0.01969119440051583,-0.04487182843830586,0.0,-0.16034265647396043,0.00550967465537377,0.0368138882474608,-0.01801853987214135,0.0071994236110223065,0.024317304472251076,0.011696043225141001,0.014265487202403839,0.025086757030779512,0.008733679968754631,-0.02217365834478291,0.03363838944685596,0.023580987420801055,0.008298440260757019,0.0,-0.009661859080398275,-0.05465847641098426,0.008205556630064625
2025-02-13,-0.009661933872966363,0.015151874658282926,-0.014388759039061073,-0.006097617556879879,0.0,-0.00757579455683332,-0.011173385239598672,0.0,-0.01020422350561146,0.0012129311043401383,0.0026350548860966934,0.008793489601946517,0.0037452515509370614,0.019205029831925183,0.023209196959549913,0.0088496779514139,0.004842545904518426,-0.014458017114020774,0.013303943765211018,-0.005865079900628022,-0.03111987932464764,-0.009708689278102107,0.019672716109864916,-0.04445171937906307,-0.009661876498189358,-0.02233594312098136,-0.04335028494937589,-0.0043134168281118036,-0.02329210989197751,-0.010716106260848738,-0.00568192776896554,0.00896863257902189,0.0,-0.009009080319003472,-0.015384952556145836,-0.010649681899335899,-0.033616223791859606,-0.00823044541253434,0.047402324612427764,0.01671346061839321,-0.00674112536286081
2025-02-14,0.0,-0.007547052605842906,0.008418681987453045,0.0015280352523812755,-0.003302108852048261,0.0037951701283262494,0.008948650561612736,0.0,0.005115062945809346,-0.0024272733265978683,-0.005277071635376641,-0.007812607945022155,0.005591892425361527,0.0451603450570687,-0.010854923034665951,0.004395529172943041,0.01438873745209967,0.004403427750491736,0.05984699590017346,-0.010347550038509616,-0.011560811248108578,-0.022195732242943304,0.017167669259485444,0.015037862537514834,0.008287301143362399,-0.002055384887638569,-0.02564255904200501,0.0014398496505900183,0.013231820688161583,0.0009789776278509613,-0.005714106153773343,-0.010095261020221524,0.011527505171067414,-0.022884202238147123,-0.08912770173082597,0.012766116761398633,-0.034786841025293,-0.016667043305484082,0.0,-0.1422511186473871,-0.0004271855222158342
2025-02-17,-0.01960839691215279,-0.007604822052440053,-0.006006121472519022,0.0030486802528983466,-0.0022075902767162607,0.0,-0.004464258068961357,0.0,-0.031090554469089482,-0.01008831897125263,-0.01063842774047094,0.0,-0.0018605228212618967,0.015464320173669808,-0.012354273924883948,-0.004395529172943118,-0.02409751210178779,0.0008782425724526148,0.012371270751028677,0.0,-0.011696028347801235,0.0,-0.017167669259485437,-0.015037862537514927,-0.0027548321009930885,-0.0020598263172592174,-0.03300636013241153,0.0014378520599168977,-0.029761119114901785,-0.0019589145921433617,-0.020261262434476398,-0.01705572907518997,-0.03202595471347543,-0.02817096828666204,-0.011363806936579965,-0.004237358522579479,0.0,-0.025533443024782318,0.0,-0.006389867519167778,-0.005569619521977853
2025-02-18,0.01960839691215294,-0.0038240193109559924,0.011976198524126926,0.0015209020516002121,0.009895727374335708,-0.0018957846507057434,0.0066889927469472804,0.0,0.005249383416300938,0.00883285408489749,0.0026703022762735915,0.00975635542099415,-0.007476621155036634,-0.02853635279802236,-0.005540250664687989,0.0,-0.014742221055556988,-0.0063855201946913815,-0.008230554756695273,0.005925903788432546,-0.26442527852992914,-0.02781465313272663,0.0064724635777539,0.015037862537514834,0.004129407455820226,0.0,0.006689001223187888,0.0014357151176048499,-0.0031299192933004296,0.007812542053740696,0.02882047601128651,0.0011461127800588907,-0.014903550595616434,-0.014388877740758902,-0.02898755165987716,-0.012820675133357138,-0.08299696643510307,-0.14841993882164076,0.0,0.03774043178286722,0.0013132695855893506
2025-02-19,-0.02955875090023604,0.003824019310956124,-0.01318181411176455,0.019564305284072683,0.0010934803634291086,-0.0038022861382558913,0.008849659021401623,-0.006309042158937219,-0.031917635895239715,0.0,0.0,0.00484257102562374,0.0,-0.010582108639302373,-0.0013898189001186401,-0.022272678127467912,-0.009950350083679758,-0.005982024039318181,-0.016667060380616966,0.019020347651622707,-0.0673521183853128,-0.0025674093771182456,0.0,-0.015037862537514927,-0.009661876498189358,-0.0041322161712842795,-0.06899282914377218,-0.00575541554563938,0.03893918292607266,-0.0029226293760594236,0.0,0.004571589651541569,0.0,0.014388877740758806,-0.0029454672656705054,-0.010810975096678782,-0.009661561696870474,-0.0304591926192271,0.03636755636046135,0.0,-0.0025017771878497654
2025-02-20,0.019802552543421316,0.01138537465047411,0.007211737060156623,-0.007479571632547979,0.0,-0.005730724954280697,-0.011074393699387388,0.0,-0.04987181178516476,-0.0025156682662593726,0.0,-0.0029027847676451318,-0.005644403707404498,0.01058210863930227,0.017919190372215323,0.0,0.014888611297764281,-0.0028931798242694596,0.008368306283494957,-0.013129278391702527,0.020284651550515558,-0.05007635124172131,0.002148316055526669,0.015037862537514834,0.0,-0.006230517750297245,0.03509138551619974,-0.004338367996501496,-0.03268911017592204,-0.0009760121935460919,-0.025900754672701785,-0.0022832973033397115,0.0,-0.014388877740758902,-0.008889116243683381,0.008658193715766727,0.0,-0.015584754689912671,-0.00896862143891907,0.0,-0.0020325541738963186
2025-02-21,0.019418132229781213,-0.12014426412885205,0.0011967703856662194,0.0015004442198232057,-0.005479508609000212,0.005730724954280672,0.0022247346779858215,-0.012739098116969286,0.0,0.0,0.007968125464197477,0.017291458487660828,0.011257126855823661,-0.02396920517483028,-0.02349793402744669,0.0,-0.0350912963186829,0.008433322513102711,-0.02105355253708146,0.013129278391702488,-0.004024146438820858,0.11236283527261162,0.027514951085982505,-0.04580958329243974,0.006910900793451834,0.014477945126479349,0.020478482804764143,0.012959116985876273,0.062394515529718746,0.0009760121935461667,0.0,0.0,-0.03359087134892701,-0.004842506647704071,0.020619432248900324,0.0,-0.009755748760161534,0.00522191023128128,0.0,0.030397364060995222,0.008432520723841874
2025-02-24,-0.029270330785119227,-0.04793946370027987,0.002389563597966098,0.0,-0.0010994918485814874,-0.0019066281345046403,-0.006688992746947192,0.0,-0.011428683434860917,-0.0050505271063866,0.015748335393441414,0.019802706183576935,-0.0056127231484191485,0.01604315679273554,0.022130845103022986,0.02666820730041106,-0.015424531618821872,0.010989133456674224,0.02105355253708141,0.0,-0.04115803210001123,-0.10161005092357882,-0.01896806145977756,-0.048009173383611034,-0.0013784317510827353,0.02634404518801706,0.03322562631087506,-0.024621064464451066,0.019324267527482033,0.011639320942583416,0.01159430403277599,-0.003434405128260697,-0.015649771667127665,0.02398187144623917,0.008708346742930164,0.012848128234960912,0.023256839595910014,0.0,0.0,-0.018127287925280927,-0.00427051443553381
2025-02-25,-0.03526815881903111,-0.041007983110013385,-0.01806200525317238,-0.019682795428227807,-0.006622570510193483,-0.0019102703107290884,-0.0022396825264284228,-0.019418113464946575,-0.08388146762753665,-0.011457853085203525,-0.00522189348958244,-0.014104542596302925,-0.0324147062564467,-0.013351348667855718,0.008174432156182373,0.0,-0.02624818191270428,-0.0165292761455074,-0.05129331654855146,-0.02941391505107109,-0.0298530360048611,-0.010752784349032787,-0.021506142245663665,-0.03333648816952178,0.00824183300687616,-0.0345914725641992,-0.019802665488066903,-0.01775195740070036,0.0038203445857861785,-0.0019304543352839912,-0.01451402537136073,0.0034344051282608,-0.022329554907789335,-0.02884812921437186,0.0,0.0021253282793082546,-0.09015108148235373,-0.03713949789657531,0.0,-0.024692579266769252,-0.010291036139364995
2025-02-26,-0.025975483083953213,0.004640285715727029,0.006056989282087123,0.015174851478423441,0.01865110888447157,0.02268528618643765,0.019978594241174947,0.00651471830971138,-0.038221251827099297,0.01650838019159011,0.01041672478708032,-0.0018958446149034012,0.026770302549042276,-0.0053908816421818825,0.0013559668421917442,0.02169286688839876,0.00530503036453822,-0.01703327867968242,0.017391641459013642,0.019217245342904036,0.01716778781124057,0.026668196608647488,0.006500618941388843,-0.07020419254790997,-0.001368863564619817,0.014388767306643185,0.026317358909223782,0.013343386963187886,0.005703583259634109,0.0257524803542703,0.014514025371360649,0.011363797600922206,0.009630971570661943,0.024097642156595763,0.031296908836329004,0.0,0.01250015065656515,0.010752786566145756,0.0,0.0,0.013102268508933167
2025-02-27,0.005249368085901814,0.013793271881356772,-0.007272802069689186,0.017910878861885506,-0.009830762231865202,-0.003745323278895649,-0.013274653645785143,0.012903395155235062,0.038221251827099276,-0.012674469414110977,-0.02624823360978833,0.0028422813718838235,0.003766504673508251,0.00807539718832471,-0.004073359724747158,-0.017316461139369004,0.0312526037804485,-0.005439690463328101,0.01709444258765479,0.007293929426175185,0.0,-0.005277086062567385,0.021368373484244644,-0.07550759288205781,0.0013688635646197556,0.014184562458028469,0.025642559042004975,-0.0014738033993335277,-0.03570101464587784,0.002820853519088989,0.01430645063992576,-0.010221497268572046,0.015848192240023713,-0.014388877740758902,-0.014104542970318894,0.0021209236605167136,-0.018809313681050734,-0.005361908248548081,0.0,0.006230541264501543,-0.0013289950929529187
2025-02-28,-0.08748745522690349,-0.05635290623668211,-0.05116522109843975,0.02194674795163968,0.005473510285219283,0.005612786381415199,0.008869281931928891,-0.059423418780524574,-0.14792013694969178,0.01644560256672546,0.03399022911596607,-0.0249054339704463,-0.013245256673521694,-0.1255206666652221,-0.006825999688964077,-0.04465024439691174,-0.03125260378044864,-0.041295577135112706,-0.21680772948463187,-0.0072939294261753045,-0.04348507135785223,-0.016000232753720724,-0.02569724492207662,0.0,0.018970691756883186,0.019921076438270183,-0.13534142011183123,0.002945512202431456,-0.058661849713593284,0.0046839692343307255,-0.017192393464829984,-0.0011423003323502076,-0.00314960890289622,0.009615409939724625,0.04716547850600523,0.027169810160778685,-0.03871455189064664,-0.02724972775264414,-0.00904978609346376,-0.018809383041402398,-0.007528599561768862
2025-03-03,0.06632266021784253,0.009615325057911165,0.024036587006500763,0.0,0.0021809991770112744,-0.0037384201493076115,0.0066006885069518646,0.0,-0.014598783249224494,-0.011356584142848226,-0.03133417769379013,-0.007789785130471354,-0.00956955488523335,0.0,-0.0013708370372705581,-0.018433653166940837,-0.010638354240894479,-0.05251567979364457,0.0,-0.008823677943455597,0.008849606874565697,0.021277318816288245,0.01078750511590171,0.0,-0.00403492359911574,-0.02395321749377338,0.02150615429947461,0.007326008092504747,-0.026386832202663267,-0.00938979032986788,-0.00289436906734793,-0.002288292348201841,-0.022329554907789335,-0.04401675420438038,-0.010899268434819379,-0.006204670176100071,0.019544577857628517,0.0,-0.0560896143601081,-0.019169969169070666,-0.002104159627106944
2025-03-04,-0.03815178715528404,-0.044016665350391254,0.0,-0.007262144607850657,-0.004366765510491062,-0.007518735476947022,-0.006600688506951769,0.0,-0.007380052193276721,-0.010204067483121958,0.018397350890114707,0.006819374011023649,0.0,-0.06595798655387994,-0.006882234430377258,-0.062370399380994146,-0.06062463804539259,-0.012559738109443755,-0.04852703244654318,0.0,-0.045052620380026706,-0.040273855912393956,-0.03493809356403603,0.0,-0.009478776450725352,-0.010152421402525282,-0.021506154299474486,-0.007326008092504636,-0.012917292992163374,-0.009478794886575758,0.011527548955367825,0.0011449157449460433,-0.04959686262967156,-0.035627221694394,0.002735939927419214,-0.008333304882981202,-0.026145255656358113,-0.04520534735503681,-0.04927096225701199,0.0,-0.010060672455846796
2025-03-05,0.011049861713638927,0.0049875023982484685,-0.025317757856874748,0.011594327214441496,-0.004386028245571118,-0.0018886241726205762,0.021834980273981577,0.0,0.02197883544250122,0.0,-0.013106318644161459,0.012542292387830127,-0.003853496179152616,0.003241513900627693,0.0013802272759476009,0.014742196642106721,0.05526265197579576,-0.07558691024456733,0.0,0.004421646250076997,0.0,0.032347876901529064,0.021978840944577346,0.019418067876816054,0.002717402324112721,0.010152421402525308,0.02150615429947461,0.016046999682490445,-0.030805511855713837,0.014184615982112925,-0.023189533514710776,-0.005737500847751306,0.030052345066401837,-0.01041677403738636,-0.019310941086845272,0.012474159960248263,0.02614525565635826,0.028491907407713176,0.0777090863059459,-0.04621278386151848,0.005615261508705177
2025-03-06,0.0638514873120531,0.0294138378942314,-0.0392207372144403,-0.004332182606590805,-0.006615268925011846,-0.001892000255886597,-0.00867688680377557,-0.006825915705074308,0.00722019457121889,-0.02072624139899651,0.01049881286349143,0.011439689476256973,-0.011650685872333087,0.01923140073928821,0.013698843880664438,0.04296609649378194,0.010695309945952986,-0.00491938350765488,0.005509693389550249,-0.0029455656489041503,0.027274391314292625,-0.002656123468901461,0.015102859181108827,0.019048177668909923,-0.0013577119757045082,0.002018153672674755,-0.0071174812826442545,0.002890177427000401,0.031032115973757195,-0.01895782369798978,0.04082202127789138,0.008023177783357503,0.01954451756326953,0.0,-0.011204576527493824,0.012320371426248346,0.01282075260172188,0.01671343994732343,-0.03809998312933221,0.006734023369733507,-0.003528295341135982
2025-03-07,-0.07490134902569211,-0.024451087277639182,0.0026630636231670395,-0.004350878025566214,-0.0055462579121628025,0.007547107593951772,-0.008752721756349726,-0.006872829241537923,-0.05167200296251723,-0.010526372348685248,-0.026456642606791928,-0.02787307082403464,0.007782186387690219,0.0,-0.023794051941260455,0.004662106245105459,-0.03794497294634558,-0.01185082434985667,-0.005509693389550305,0.017544267050449893,-0.022676686601593315,-0.010695216336521738,-0.01510285918110871,0.01869222673014823,-0.013680083311243697,-0.016260539220542252,-0.02166144578392209,-0.008695713016872724,-0.01793755350099799,-0.006721175610722049,-0.03785024890374606,-0.024577054219950076,-0.009724471382294231,-0.01583141750690036,0.002812900402757594,-0.00819669220622453,-0.012820752601721806,-0.005540144599750792,0.009661859080398388,-0.027212527549206316,-0.0074947806848054644
2025-03-10,0.005540125264719421,-0.025063896795221384,0.0,0.005797076270776403,-0.023636604561402177,-0.005655107338065102,0.0,-0.006920571554244566,-0.015267455917393024,0.003960442723665987,-0.005376238138960112,-0.0029282850510761885,-0.00973708679150249,0.025079682940977517,-0.017143148255268727,-0.03309999864840632,0.010989209533284106,-0.030113308517905047,0.005509693389550249,-0.013129278391702527,-0.0762274054527736,-0.002713770938700425,-0.006542940835728693,-0.03774040439905813,0.005494537691173631,-0.016529320911598238,-0.014706174862965042,-0.014663029630551959,-0.026362636457975753,-0.013579213365493099,-0.0301227034788563,-0.011919033563830322,-0.006535970979785533,-0.03243524586118182,-0.002812900402757639,-0.014508145531048573,-0.046212799503952774,-0.057158386351762465,-0.019417981178126355,0.0,-0.0070110567026347706
2025-03-11,-0.011111183291615983,-0.010204216583303942,-0.03518623292467273,-0.008708342853060788,0.00567876588323178,-0.001892000255886597,-0.006615243114594236,-0.028170856458011394,-0.03125260990182055,-0.015936694281419053,0.010869592932801776,0.0009770480882756328,-0.009833027312847997,0.0030912114443424972,0.0014398381473344174,0.019048145794242636,0.0054495820551214895,-0.010339083742447998,-0.022223147702403623,-0.016284636659368527,-0.030153009265626557,-0.016438721970062534,-0.03337345802257901,0.03774040439905826,-0.008253236641810064,-0.012578823465886712,-0.03774030264932243,-0.010393530228351983,-0.030662810361962268,-0.002933963519842662,0.0,-0.003603613519723159,0.013029421526556447,-0.022223091795614623,0.002812900402757594,-0.010493231254406153,-0.020478511345710583,-0.011834523282060926,0.0,-0.006920433538365503,-0.010672013373467995
2025-03-12,0.01111118329161599,-0.02624814704993205,-0.03646974687045676,-0.008784844781032123,-0.020834089298769228,-0.005876715618379408,-0.018307223811829382,-0.014388726751916393,0.007905221393239441,-0.016194590000445406,-0.008141114970065606,0.004870876717171607,-0.011928542157043356,0.012270016385333444,0.0,-0.009661871306845832,-0.021978949235508968,-0.004049668375625156,-0.01699762097514839,0.0,0.020202687854778384,0.010989118644265826,-0.05822387845894364,-0.05715847227587421,-0.01952642140319105,0.004210723117465976,0.02281471964403709,-0.030305370378956264,-0.018127365491809464,-0.004977567042132492,-0.015408634840106624,0.017889594406200988,-0.03960905933126851,-0.005633896441371041,0.0028050101832953504,-0.002111862634452022,-0.0069204359934654305,0.0,0.0,-0.04255964375358309,-0.023508772269169368
2025-03-13,0.021858845230291704,0.03655749880130724,0.035091306970749435,0.004402030245684164,0.009313236015560401,0.011718900706437305,0.03405546359624355,0.014388726751916265,0.023347388508581122,0.01753248486071173,0.0,0.0009714492055763778,0.009950438229652204,0.006079083486837221,-0.002881824652600564,-0.004866293111204681,0.011049857678560596,0.0,0.028170927092774273,-0.0007676469222662261,0.01980260859668314,0.021622523241300907,0.055958669513206015,0.0,0.0014075330685290263,0.012526089119264729,0.028551794814707092,0.030305370378956288,0.03710773382019205,0.012890496251185301,0.0061919740779638075,-0.019093790163602076,0.006711434587986778,0.044206145603665065,0.0,-0.0053277218650758865,0.02061926692904748,0.0,0.0,0.04255964375358317,0.016829279589789286
2025-03-14,0.00539086114377446,0.015267538778207058,0.0028329987615608363,0.0029240354485777225,0.002314675701721358,0.0019398022002419515,0.0,0.007117416715328391,0.0,0.007989342470428755,0.005434789649011615,0.01923124474563937,-0.0019822219912450398,0.03625774225009119,0.014326856452183716,0.0,0.05868345482759282,-0.01577618287170338,0.011299530810430544,-0.009259332868144482,0.03846624554572604,-0.008053797610505781,0.0112740978346684,0.0,-0.0014075330685290113,0.0020725289794530605,-0.007434990263503645,0.0,0.010520343700589602,0.0,-0.0030912717970127744,0.003608007357172036,0.042559536412362674,-0.016349157366679516,0.007613307026957844,0.008510722012845003,0.026847224257723172,0.02353055729191102,0.0,0.02061925966395592,0.0014029577505249742
2025-03-17,0.021277382439657395,0.01503782009607673,0.02514091774911339,0.021661495675814976,0.016055444850758143,0.009643258022694827,0.013303994206615872,0.00706711688861813,0.030305317552519785,0.015789837591201332,0.0027063253210542044,0.0075902350622403724,0.011834428615827704,0.0,0.004258278308351232,-0.014742222101824366,0.025576861167231662,-0.046716246070229346,0.005602278031935008,0.022989498965050245,-0.009478735386040972,0.013387077302272768,0.01777832190773296,0.03846624554572604,-0.0014094483392483859,0.0020683467604437605,0.0,0.011869583563854449,0.02865530070155911,0.004914069770502008,-0.012461150875626634,0.0047904760239767235,0.025317885990723054,0.016349157366679593,-0.008462631160238971,0.004228301153087929,0.0,0.005797149586626456,-0.019802639129454673,0.01351370142361607,0.010302880483316769
2025-03-19,-0.010582134119407437,-0.004987502189772455,-0.045141672817667004,-0.0014296584530570854,-0.006849381075820384,-0.005774808114686776,0.0,0.007017613381104726,-0.038027404368446954,-0.006548859081353043,0.010752845286634234,0.009407395973009549,-0.013820587616413565,-0.014947946874137108,0.008462822100774463,0.0,0.010050355472508751,-0.019629782227313312,-0.016901808842365636,-0.015267459389790173,0.023530587180201804,-0.008010721669163275,-0.004414983139157267,-0.019048177668910055,0.001409448339248385,-0.0020683467604438624,0.0,0.0,0.005633735974608791,0.002936833839418712,-0.0031398005081149996,0.010695306782453146,0.021639175103481248,-0.03857224916229415,0.0,-0.008474556780605668,0.006600677798729651,0.05071509983014427,-0.010050341949430953,0.013333513596374205,-0.0066656783264148626
2025-03-20,-0.02150618957822824,-0.010050317906304123,-0.01893714787693602,-0.01006471528292694,-0.005743778900320584,-0.017527152814687367,-0.013303994206615781,0.0,0.03053678798790183,0.0,-0.010752845286634198,0.0018708322827865464,0.011857915818360138,-0.0030166052672142983,0.0014034632486676591,-0.025063929519496084,0.029558799884406423,-0.02098642642359322,-0.005698043972128934,-0.003081694614793428,0.0,-0.010781706999407496,0.006674070353239917,0.0,-0.04759372042024807,0.006192042488543617,0.007434990263503764,-0.004434562621556208,-0.019285855612458526,-0.0029368338394187635,0.006269695474236382,0.0011812588440391436,0.04192230638626344,0.00560219054531267,-0.025826483757950235,-0.0021299085181061533,-0.013245214201674278,-0.022223192422431044,0.020000678777817027,0.0,-0.008935071916547927
2025-03-21,0.0,0.01503782009607673,0.007325945407433505,0.017910938803250252,0.01486597636722388,0.0,0.0022296229409972676,-0.01408473026972284,0.0,0.02594178774665705,-0.0027063253210541627,-0.018868463318036533,0.0,0.0030166052672142268,-0.00421645374101728,-0.005089048516514001,-0.004866228745169634,0.027885136150705078,-0.005730626846072018,-0.00930232314691611,-0.02830386158711171,-0.00816337426449715,-0.002219780248363707,0.0,0.019020319154945432,0.00819672481809972,0.014706170425929602,0.004434562621556102,0.09499777507731433,0.003913864909585981,-0.025317904037344924,0.017554721099138238,0.0029282597790883597,-0.045722231377814004,-0.03249930138403959,0.010604465298711917,-0.020202687854778488,-0.016997602599902878,0.0,0.02614524689541086,0.0008571988247318424
2025-03-24,0.01081094125797815,-0.004987502189772455,0.010167162914289303,-0.007423963065168757,-0.01601881629919003,-0.0019667045250327795,-0.00222962294099725,0.0,0.01492572769421538,-0.020699299754012388,0.00540541229828535,-0.0028611633813772188,-0.08826254538877877,-0.015174783012186171,0.0,0.010152329694132847,0.0,0.06795067716883811,-0.017391740221232948,0.006211179245343726,-0.0796440491698573,-0.016529297529788725,-0.02247276822369018,0.0,0.007220272847988824,-0.006141339930461058,0.007272770596802847,0.0,-0.05899834481475912,-0.01773439717670974,0.015898676212227264,-0.010495856167280436,-0.011764769573653393,0.0,0.011940530372501416,-0.019169860255387198,-0.02758801266135205,-0.040822011686347706,0.0,-0.02614524689541091,-0.0010833225983489028
2025-03-25,0.005361955516498366,0.029558750490886472,0.011494347610933514,0.008902179715134786,0.0034543119227712195,0.005888250760088051,-0.008968651843755398,0.00706711688861813,0.0,0.01941816147224684,-0.013568679910033016,-0.005747192010978244,-0.01078749410005674,0.024170308096581033,0.0014074843602875648,0.02000064834187736,0.019324310792582226,0.011322492648921309,0.017391740221232976,0.006172838516365679,0.01030942128929636,0.013793384940750237,0.013544150446816028,0.019048177668909923,-0.007220272847988851,0.006141339930461093,0.0425596787387127,0.002945512202431456,0.0164385982644992,0.0029776434321559316,0.02799562488906221,0.001171687046228714,0.01759568988444654,0.040120040832501466,0.02346158831275925,0.006430837089454082,0.0069687457323044065,0.0,0.0,0.0,0.006482401387753501
2025-03-26,-0.01075281666027283,-0.009756158033384688,0.00569807748743998,0.004421509460154678,0.005730612715246517,-0.003921546235055251,0.006734046573514842,0.013986322854064703,-0.014925727694215499,0.026566993052187366,0.010869592932801776,-0.005780318327660217,0.006486493647363235,-0.02111693295696056,0.0014055061320622166,0.024451058611443803,-0.019324310792582296,0.044050044175891846,-0.02325688304165922,0.015267459389790194,-0.02072617244601174,0.0,-0.0044944372908381405,-0.038466245545726065,-0.0043573204674527515,0.0,0.0,-0.0014717088030980455,0.02681130142215843,0.0009905807624422355,0.030213648182656035,-0.0035190710892409917,-0.011696039763191298,0.04932505350346603,0.008658019230585368,-0.006430837089454215,-0.006968745732304421,-0.011976185876205827,-0.030152994880843578,0.0,0.0029357454867598187
2025-03-27,-0.005420080114203673,0.019417993446809233,0.012703099907298157,0.013148426275761748,-0.0068806866141297145,0.017527152814687228,0.004464228211237825,-8.972550139063323e-08,0.02963176567965929,0.013639393169133686,0.0026990869772312506,0.008657949002617273,0.006444796586985363,0.012121407872565633,-0.0014055061320622393,0.06995865805364222,-0.009803959841472355,0.03581505270838425,0.0,-0.009132491161115633,0.025841268122335892,0.02702859879123563,0.0375735592092222,0.0,0.013843536016368028,-0.004089964145342213,0.027398929501622517,0.017857641106966898,0.005277192693839156,0.010832211330709048,0.011834539843667276,0.011682433710757755,0.0029368596733097057,-0.016172878195397367,0.022728278386382725,0.006430837089454082,0.013889181725769988,0.011976185876205827,-0.020619361613507328,0.03257612918957031,0.01157917663381429
2025-03-28,-0.010929028667168477,-0.02433202984957433,-0.018401177394738066,-0.007283377240263886,0.0011500738988830745,-0.023438608477459624,-0.015713002634472648,-0.007067109315143787,-0.022141149299114142,-0.04148935782517396,-0.01630469001298432,-0.008657949002617297,-0.01076437557964521,-0.02130979537595415,0.008403417277237342,-0.004514719073211368,-0.014888611297764405,-0.009910340240971512,-0.023810670577250406,0.0015279739601954754,-0.036367671202459595,-0.035281804846463004,-0.015300901603453819,-0.040005296451461676,0.0014461537683033625,0.006128690346577933,-0.04845237017515841,-0.013363208472745027,-0.03863149795073029,-0.013806902237738249,-0.0029455121798188703,-0.01994212076629003,-0.0237400603901814,-0.027549984762755945,-0.0227282783863828,-0.00213891720280517,-0.013889181725769854,-0.03636755410187411,0.010362855732586853,-0.012903388659280713,-0.01448185658047695
2025-04-02,0.021739969925146627,0.0,0.01980264433630576,0.008733723287604321,0.0011487527481858007,0.019570158569451393,-0.006810369831141711,-0.007117500040954221,0.014815163506947051,0.021588158343467764,0.016304690012984287,-0.013618813532439336,0.006472498527403824,-0.0030816785457021406,-0.0041929515967121436,-0.022884258284099117,-0.005012521083099183,-0.022319957267147243,0.0,0.006088278261224167,-0.01600032608667548,-0.01390842628959646,-0.008849602538056094,-0.02061932901721874,-0.004344680450743694,-0.004081720508333767,0.027973893720578666,0.02800475357842981,0.018428764699250814,0.011846036591260692,0.005882447028683149,0.0,0.011940441239420684,0.011111238841629251,0.0394416759692418,0.0042734750700263256,0.0,-0.006192004340534209,0.020408821983946935,-0.013072064965025056,0.008466679042831389
2025-04-03,0.0,-0.01488855605473668,-0.001401466941567687,0.0,-0.015037828972108902,-0.0058309289088994505,0.0022752806297486375,0.03509147672038894,0.0,-0.020305186739615032,0.0,0.001956868495791902,-0.008639413182107146,-0.006191918970268931,0.023530562628671023,-0.042559680696331696,0.0050125210830991055,-0.0358683081613015,-0.006042338806365869,0.007558533439877872,0.08252100655476155,-0.02553329497137587,-0.011173419733335112,0.040822016871997165,-0.020528536420093918,-0.002046969838244221,0.013698779101550618,-0.013167764373635997,-0.0053850725044204606,-0.006893123058938782,-0.0029369348488642775,-0.005941758966891721,-0.020990203672230093,0.021858819775352197,-0.011111239629818628,0.002129908518106258,0.08058049257543332,0.04849439807609318,0.010050341949430948,-0.03344789058525468,-0.004997652913773594
2025-04-04,-0.010810941257978258,-0.0618753554858185,-0.016973629329344937,-0.01607046265108394,-0.012903380774365744,-0.0019512559477488948,-0.006841546411439544,-0.03509147672038889,-0.02985302514207385,-0.005141410905947695,-0.002699086977231293,0.0009770480882756328,-0.028604703632326645,-0.01880932813380022,-0.011004223099523,0.0,-0.046043934688026526,0.04053672539535406,-0.018349137281993878,-0.003016621121812145,-0.04040949940047514,-0.059188928382607225,-0.020431928525226316,-0.06187540625445534,0.0059084544953688966,-0.018614816646764832,0.0,-0.0073909410585722285,-0.017429710826274123,-0.017946685074767696,-0.008862693142750625,-0.0035820994688484805,-0.03077165866675366,-0.016349157366679516,0.01111123962981868,-0.012848138935946874,-0.019544577857628528,-0.02395330092067089,0.0,-0.020619259663955895,-0.009771678814206104
2025-04-07,-0.2591087856722339,-0.19948935533745724,-0.057242245780737076,-0.04518848206227229,-0.031177602773197616,-0.02371646181489341,-0.037300403087656114,-0.06644502298981553,-0.0706175415097901,-0.05020874328461741,-0.024625053179544516,-0.03275726139473587,-0.045670074193867156,-0.04200949290239184,-0.0731509394362504,-0.01951279704516738,-0.07048991703093421,0.01360566662582595,-0.08364996737297542,-0.04006689818146178,-0.047502350592594125,-0.08923103209455366,-0.07622737086018024,-0.06595797067403365,-0.011852026417750223,-0.03181620459234397,-0.04879015138266323,-0.027069357612463464,-0.04955965214042881,-0.02857332586224363,-0.02706934026883809,-0.02421419845229185,-0.06787742240308585,-0.05651220536244931,-0.011111239629818628,-0.0064865597843066615,-0.06805348091874315,-0.06899287668879754,-0.030459163933377907,-0.15762901002798493,-0.04094275549852934
2025-04-08,0.08112557405591211,0.006472305059844769,0.009022516260413126,-0.0015419626678989202,0.004860284289822736,-0.012072598844248779,0.0023724459418413167,0.015151872297985258,0.02409747569057642,0.002706367737689313,-0.042439170123033366,-0.038050991424079306,-0.02603694813921454,0.009852334996140315,0.004454353991198095,-0.014888551668604155,0.0,0.002159885536743834,0.019934130917061827,0.010946105004448238,0.06791120236179353,-0.020202783275739846,0.031671328103159806,0.0,0.002976237593385006,-0.017391654932866013,-0.014388759504642924,0.00759312348383651,0.05613143226919484,0.0031007504799863894,0.0060790502294522175,-0.03618612502063279,-0.006711434587986804,0.028655217125463758,-0.02546100824941013,0.010787605960649267,0.08759805877637174,0.06291379686385255,0.0,0.0,-0.00016623505624449513
2025-04-09,-0.019672731751873836,-0.06669117822291636,-0.05066311249799039,-0.03934414468469379,-0.030771690655446472,-0.03922070086724901,-0.03129006508455464,-0.022814779458525124,-0.0240974756905765,-0.016349107612367825,0.0,-0.02011700481704367,-0.03167146845230209,-0.006557426163698411,-0.0014826059274555064,-0.010050358239549487,-0.02849190770085249,-0.005950867061511632,-0.02666818998263993,0.0,-0.005063297066661577,-0.0487901517849392,-0.04663417919867696,0.0,-0.0029762375933850746,-0.031182766177543758,-0.014598729982349953,-0.030724525397874777,-0.01540173113101826,-0.04647078159257618,-0.027651472626888295,-0.024438534816153105,-0.013559529785632362,0.0,-0.02907181440144566,0.0,0.037979287714068964,0.0,0.0,-0.07598591217458549,-0.030218773473069938
2025-04-10,0.1007139809664014,0.17076062728439195,0.08451481852063501,0.036252910564675306,0.03681399930764915,0.050292781050532025,0.038373935619870764,0.030305388991030295,0.04762799877646997,0.03110457353320854,0.03688360652176655,0.0367494479688981,0.07162983545566885,0.03236533188432255,0.04070335045639819,0.01005035823954947,0.028491907700852578,0.06892051756856457,0.0462127850071326,0.0276091384117254,0.15487554493019717,0.04196427153982979,0.06328136084025467,0.04445178612998184,0.01332371920547558,0.031182766177543855,0.04317205766357838,0.036757708951834125,0.06647666972604808,0.04025963606591822,0.03969981929999079,0.04580954953703103,0.03685509238915429,0.03428913759333447,0.01464154977962635,0.002143709171471675,0.05439409122987865,0.10414034782061239,-0.010362855732586922,0.10798860283317185,0.04368442792466881
2025-04-11,0.07496307202098648,-0.03550662665672049,-0.038352826578478647,0.0030912341200185467,0.0,-0.0171634785430698,-0.00235567948724706,0.02214122373557446,0.03802740436844707,0.005312109486401189,-0.011204586315150242,0.00616656846163592,-0.009259378727358622,0.03135049928969652,0.0014234414293730002,0.034401348713771394,-0.01699757558916424,0.0017710910825994195,0.0745686916802966,0.012030254773345529,0.004338397559886872,0.056587377780393674,0.0,0.042559573926509976,0.0,-0.002195379374024803,0.020906804104527384,-0.006033183553959377,-0.016736865891256305,0.0,0.014859124329215085,0.0061996786353045955,-0.01324522675002068,0.03857228836811523,0.0,0.0064033835881325395,-0.005899716318173342,-0.005509752475107529,0.0,0.00784316774892952,-0.005737034660220257
2025-04-14,0.027398970495011218,0.06979571134194154,0.01195833169246606,0.016832830647211132,0.015541207086655849,0.007103050765131241,0.016374747576126097,0.007272698676812896,0.02298957828245881,0.007915561580742537,0.035965208377154466,0.030274827082873493,0.006952387056586049,0.015314220373292732,0.015526059957588502,0.03325732639017459,0.03922075584079185,-0.007867084702830646,0.0,0.008928564061967063,-0.03974029099126166,0.028710175544729884,0.025612624459973893,0.08004269334549637,-0.002945483411369613,0.023888203035259906,0.0666913075921552,0.012030185982405574,0.002107663749634562,0.005178629959824488,0.008810708520915932,0.0024690390793507292,0.03922063514684813,0.02139114094763197,0.020144608328360347,0.010582123386295838,-0.017910980532380636,-0.028012989831373715,0.010362855732586853,0.02316703103490206,0.01778204492578937
2025-04-15,0.0,-0.011299535696980598,-0.004467604780340039,0.007558639497571048,0.014134591160101198,0.005042865361500266,0.0,0.007220188193910965,0.0,0.009156364148894118,-0.008185608316946098,-0.0059821232401193235,0.004608330290282072,0.0030349155657459726,-0.011267781649237361,0.018519087943173182,0.02710194903853237,0.0189278820486606,0.0,-0.0014825935035725297,-0.027398947339176118,-0.009478741046654651,0.009153369115144751,0.0,0.0044149425793431896,0.002143720714287958,-0.012987215606055483,0.004474249307853547,-0.003162951345989294,0.012320478915313475,0.008733612660795014,0.006146392585099736,0.03464921341960745,-0.010638373950424895,0.002844937836645936,-0.0021075666056902653,-0.012121349147384575,-0.01719235752366302,-0.010362855732586922,-0.00766286347487951,0.0037543177973914997
2025-04-16,-0.021858845230291746,-0.01719240577214032,0.0014914959649579812,-0.012121368938871948,-0.028471657510923745,-0.010111290161301165,-0.002322963886147755,-0.021818959102551397,-0.02298957828245874,0.009073348896857097,-0.016575013745058178,0.009950319180812312,-0.009237880221400997,-0.009132445029568703,0.0028289058735558714,-0.05661895773176254,-0.027101949038532372,-0.028408849006138614,-0.012048312966881811,-0.0029717975967802615,0.0,-0.025724883206220905,0.0,0.0,0.001467444662773863,-0.015102798962465639,0.0065146911260083465,0.0,0.006315718838426382,-0.005115055736437834,0.0,0.004889973127679593,-0.021910109635744458,-0.005361897421577866,-0.008559281543186942,-0.008474556780605668,0.018127367617376385,-0.011628031902297055,0.0206193616135072,-0.03922066457486908,-0.006418440009017296
2025-04-17,0.0055097364489195035,-0.0057971432161002074,0.007423917836680876,0.0,0.0024037614101179833,0.0030440955120202198,0.0069525341178318534,0.01459877090864048,0.007722097637988093,0.0064309364191402815,0.0,-0.009950319180812309,0.006936541601891362,-0.006135012363767887,0.009838480644043244,-0.004866293111204681,-0.005509700031457007,0.0575045802189041,-0.006078995412366372,-0.002980581344170908,0.01834912060618362,0.03205401631316041,0.0,0.19189103692104356,0.0043891051546871805,-0.006543064738000452,0.056797530002102,0.002971798838368062,-0.004206150095151718,0.0,-0.002902834150069028,0.0024361393418166097,-0.00634922767865878,0.010695198163511811,0.019858850296369808,0.0,0.005970161462833876,0.01739169909566604,0.0,0.0,0.004290255145599716
2025-04-18,0.0,0.011560873171155296,0.017595712186595672,0.006079050305120152,0.008368159222994841,0.01508331493437627,0.013761714071626406,-0.0072726986768127866,-0.007722097637988115,0.005115049059244718,0.019311023848009402,0.005982123240119216,0.011454774270550666,0.0061350123637678895,0.0069686518131412585,0.01452816441805061,0.010989209533284106,-0.022305725899492725,0.024097499578349307,0.007434972444523802,0.013544211986473934,0.0031496079397152995,0.004545510667107698,0.015748342185240974,0.005822380151565142,0.006543064738000548,0.018237767702489152,0.0014825941216073198,0.01878984461957772,0.0172856866609033,0.005797266237945503,0.027596118384649676,0.01892800988551886,-0.005333300741934049,0.008391615592378568,-0.0021299085181061533,0.005934800599554714,0.005730637614441178,-0.010256505880920409,0.03922066457486899,0.010815921232383589
2025-04-21,0.0,-0.01739167599533434,-0.0029111281457523007,-0.00455580035037184,0.011834564792527591,-0.004000078569857511,0.0022752806297486375,-0.007326072231827676,-0.0235304637043079,0.0025477778403260464,-0.0027360101029512414,-0.00999008072096559,-0.009153435651041158,-0.012307895561791928,-0.004175305084790993,-0.024332124953598426,0.0,0.008733645979714657,-0.005970191199101015,0.0,-0.004494385253481444,-0.01265839298239025,-0.006825927643316573,0.07522344013398782,0.0,0.008657909519808557,0.0,-0.001482594121607279,0.008238856037303897,0.007031509365268981,0.008633080550128269,0.0,0.018576385572935457,0.04189097509780832,0.0220395541618137,-0.004273475070026302,-0.017910980532380636,-0.0172914543944367,-0.07490135172444838,-0.015504167560022679,4.664843036808992e-05
2025-04-22,-0.02222318841246054,0.0,-0.01616504009229762,-0.010711643328600893,-0.009456231960331164,-0.003010594466682085,-0.006841546411439544,0.007326072231827565,0.03891539190939255,-0.008945798503423525,-0.0027435163962243486,0.0010035209844691812,0.0,-0.012461193297741039,-0.012631827372393517,-0.00493826156627635,-0.03333648435371217,0.0009932831970288776,-0.012048312966881811,-0.008928564061967096,-0.03203932227516341,-0.019293275721361046,-0.013793357282604881,0.028573345677324,-0.0072832522394169355,0.0021530596725244434,-0.012121530840981358,-0.005952455595563117,-0.01967948131568002,-0.022267930818817974,0.014224929480280455,-0.014303009449896237,-0.02799560748942698,0.005115057109255521,0.0,0.0021389172028051886,-0.04939270806037529,-0.011696034009850014,0.0,-0.01574833738978606,-0.008855523776892804
2025-04-23,0.0,0.062343053797170526,0.014706106823231629,0.0,0.004739176040206603,0.0,0.006841546411439579,0.007272698676812896,0.02264253570145715,0.0012829716038528258,0.0027435163962242254,-0.004020140449597747,0.0022962828190566426,0.015552397950062786,0.0237275580402259,0.014742222101824293,0.02785697485188525,0.00024819090487901077,0.018018504165982892,0.0029850297990085296,0.00925931621435227,0.06899292928125077,0.01150761782916316,0.013986311933242724,0.002919683546837515,0.0,0.03593213957038658,0.007435049717170277,0.009370052848587844,0.006122312272827367,0.0112360811493217,0.0,0.02184166679774267,0.03509133292560186,0.024227239810119868,0.01484658977162321,0.012578769946411373,0.011696034009850148,0.0,0.023530468270319717,0.010001918864555075
2025-04-24,0.00560226867192502,-0.011049816736419927,0.018800358757562963,0.0061349148712210085,0.012918536243806978,0.0,-0.006841546411439544,0.0,0.15840604648467352,-0.011605603927765148,0.0,-0.017268126896779586,-0.01385700016592491,-0.009302353382847513,-0.011095730667832442,-0.004889903531659382,-0.005509700031457007,-0.007472069259778818,-0.011976165359617008,0.0177257371279047,-0.0186051692614049,0.015037800514589491,0.018140952495200913,0.0,0.0029112540062888295,0.002148109055844875,-0.017804651116845,0.007380031716837456,-0.007280113233909785,0.010121556478689384,0.0,0.008368185113507233,0.00921673022222993,0.019512709857993124,-0.002663170348707324,0.006295977147554624,-0.018927991377707634,-0.0058308823156706345,0.0,0.0454624996023645,0.0035442803820132547
2025-04-25,0.01111118329161599,0.07490136993240214,0.001431562895090349,-0.003062752795428711,0.0034945485663903132,-0.008072641897836692,-0.0022909183441513553,0.021506118787892225,-0.019293252281498176,-0.002597409962705515,0.008185608316946164,0.006128674789909343,0.013857000165924825,-0.0031201394094186115,0.011095730667832456,0.014598740041278885,0.03794497294634549,0.0,0.01791099788871385,-0.005873785585295158,0.009345853047052682,0.03230830647680459,0.006719129628458877,0.027398947339175996,-0.0014545675785324246,0.008547124638414673,-0.012048432652409877,-0.002945465511921224,-0.00838577635316507,0.003016667432606636,0.011111233133269985,0.005934824336389005,0.018182245996082046,-0.024451010888742745,0.0,-0.006295977147554629,0.0,0.01739169909566604,0.0,0.02197887738398796,0.0017773084849472872
2025-04-28,0.0055097364489195035,-0.010362959417649722,0.0,0.01823760023693229,0.0,0.012084757065718987,0.020431968822573972,0.0,0.08104121663054314,-0.010457635574420716,-0.008185608316946098,0.0071030848721402385,0.0,-0.006269637387741531,0.016416319122000887,-0.004842543398414698,0.00530503036453822,0.004738866518894947,0.011764815508962868,0.008797718288712644,0.027524646294219593,0.014347444410709745,0.002229571467991861,0.0,0.0029068822648228645,-0.006403403924126755,-0.006079055801131633,0.002945465511921288,-0.0010533826027146816,0.004007986112939792,0.010989129115309146,0.01991875329971118,0.011940441239420684,0.009852274133031774,0.002663170348707282,0.02083401460652544,0.018927991377707627,0.02272824021434425,0.0,0.014388718594021603,0.008176141540440947
2025-04-29,-0.011049861713638974,0.010362959417649616,0.00428272222878387,-0.010598118984123698,-0.010520262574739033,-0.0040121151678823574,-0.004504446537102668,-0.007117500040954221,-0.018127357476721822,-0.014560152195298035,-0.005494512840655611,-0.014256883955857738,0.006857152831984424,0.0031397322299448758,-0.009543388286102076,0.004842543398414629,-0.005305030364538255,0.04666693600820392,0.005830871598581622,-0.008797718288712526,0.013483337333688235,-0.011461440330277177,0.002224718636884301,-0.08455739039708711,-0.0029068822648229925,-0.023836544375523103,-0.006116236861507764,0.0029368878854927347,0.011524635036977092,-0.005012598014552822,-0.008230435977392907,-0.024663768043018706,0.0,0.0,0.00265596473447772,-0.008281552127457684,-0.006269606921925834,0.005602219343742318,0.0,0.02120218035254545,-0.003970772007243604
2025-04-30,-0.005571058026896465,-0.010362959417649722,0.014144539030591203,0.012102953841917424,0.009356807953497888,0.004012115167882312,0.00898880609474769,-0.014388618746937847,0.018127357476721784,-0.016129352530375504,0.008230522943606804,0.006135041567375141,-0.00228057281272513,0.0031299051577967085,0.028361139992451195,0.004819327908431086,0.021053386329101052,0.03247573187129147,-0.005830871598581604,0.001471757137217067,-0.004474276099262872,0.0560371189997672,0.01104984677902543,0.014598785447344208,0.007251562715566666,0.04082200337448451,0.030213826644940593,0.016000279059802124,0.02773666228153884,0.004012006536307427,0.021799174379474078,0.03963221802009034,0.01472787892984908,0.02898759081344222,0.013175486626385503,-0.0020811488488418598,0.0,-0.016901769227792605,0.0,0.02076204845441747,0.016140198056489866
2025-05-02,0.01111118329161599,0.03580948669174139,0.004204548431167549,-0.0015048348577936866,0.002325557188727537,0.0,-0.008988806094747726,0.014388618746937852,-0.012048345143591762,-0.00271371204491183,0.016260435510942476,0.01215820962321248,0.015855408798847115,0.006230573821997313,0.0,0.0,0.005194795583603325,-0.008774129727589041,0.023122367067305017,0.013148374846703937,0.017778229065734227,-0.07055115779321708,0.0514031054849023,0.014388723877542623,0.01861192094975543,-0.02127728876909421,0.0,0.0,-0.012232596661634098,0.00598818862117541,0.0,-0.0011434369651361247,0.002919710103334846,-0.004773416321377326,0.007822686607802914,0.0,0.02484597466831889,0.033522742306481154,0.0,0.027028636896844493,0.0014727431190837284
2025-05-05,-0.02234728295333785,-0.05155772007028544,-0.009838421661257212,0.013463132710345068,-0.002325557188727529,0.0010005186609657738,0.00898880609474769,0.0,-0.05608945955630836,0.017508871407700643,-0.010810837296947717,-0.017268126896779586,0.015607823467186472,-0.012500211209738868,-0.013405127036321487,-0.0048193279084311706,0.03562721663974052,0.003010383044670737,-0.03488718257626782,-0.008746346398625858,-0.035878253134421785,0.00873367750004319,-0.01049318486323982,-0.04380258071909082,-0.007117506427031001,0.0,-0.005970101329891339,-0.004338371749155147,-0.01342292969956056,0.004962745572342439,-0.01630472009039183,-0.006888672511347587,0.023055776299925796,0.0,-0.01834917815507947,0.0,-0.03115513769280424,-0.03352274230648119,0.0,-0.01342300282640769,-0.0019142915835848459
2025-05-06,0.005633830989796741,0.005277015470665994,-0.025752496725042765,-0.007457104522377426,-0.0034985077391184514,-0.004007993366636204,0.0,0.0,0.0,0.0,0.008119081696038224,0.009179034116416676,0.0,-0.006309116924061468,-0.0013503275404127732,0.0,-0.030459204981768226,0.02285812687102159,0.005899672688536548,0.01164492566231996,-0.027779536507009785,-0.044451749778420056,-0.004228483026330446,0.0,0.0,0.004291829770132811,0.041061475154237005,0.018665331204750328,0.013422929699560581,-0.009950342715272429,0.00818572589140192,-0.00693634050058782,0.005681833467430864,-0.024214174492064807,0.002642062077286538,0.0,-0.006349221431296386,0.0,-0.06899291459388265,-0.034367682524854365,-0.0017813316347512988
2025-05-07,0.00560226867192502,-0.005277015470666096,0.007220227888133975,0.010424505605583381,-0.02723679054523588,0.004007993366636164,0.0,0.007117500040954217,0.03154833689138704,0.006653366853036612,0.0,0.01110571224549134,-0.013363196224992237,0.003159572427889055,-0.001352288866803451,0.009615541247538748,0.055151776121004956,-0.012049671949435058,0.023256883041659297,0.018638489285156074,0.03233534858922351,0.03863778155400965,0.008439059993608916,0.0,0.0,0.002138919324584692,0.005730611745170932,0.007087199592897585,-0.0061728734822420915,0.0,0.013495354844743386,0.0023173485760074565,0.019635974516858935,0.033738094317470324,0.03117139267406539,-0.004175336482671188,0.006349221431296268,0.005665700891316444,0.0,0.04110170589458778,0.008488064228087299
2025-05-08,0.005571058026896579,0.04652002742287143,-0.011577521065543859,-0.011922653315979921,0.0023981756728887983,-0.012072598844248779,-0.00448435955764502,0.0,0.07765094161807261,0.010554211709890229,-0.03566906845325421,-0.013138250925024849,-0.013544192659115,-0.003159572427888991,-0.004067805440565746,-0.004796213339107724,0.028848153215081825,-0.01057733818957232,-0.005763727693949146,-0.005698002561591938,-0.060908807011265165,0.005813968224410486,0.002098557693668914,-0.06155792547768068,0.0014275735467487972,0.0015549213528245126,-0.028987435782562968,0.009838473573417047,0.02244990661993609,-0.0030044825833924703,0.0,-0.002317348576007463,0.005540180375615351,0.009434186481921618,-0.01028294356666352,-0.006295977147554629,-0.025642482545709326,-0.02285805841497956,-0.12675162991075245,0.0,-0.00463037853652889
2025-05-09,0.005540125264719421,-0.02040883462667767,0.0,0.0,0.001196756296277595,0.0010116524053446177,-0.002249687015869825,0.0,-0.011560828909798634,0.0013115108801648409,0.016620862044045608,0.007095884460530412,-0.004555843381926158,0.015698893721221727,0.005420094307369237,0.009569412165637,0.0047281791888039455,-0.023623984571275555,0.01719239851215014,-0.002861187330288129,0.0,0.014388733431626707,-0.010537617687277824,0.0,0.0,0.006543119421209208,0.0,0.0,0.027862596423626904,0.0,0.013315784832104341,0.0034738974078726294,-0.00832189113138369,0.004683867301115098,0.0051546890911486854,0.0,0.006472508512691137,-0.005797149586626358,0.0653827190021887,0.04590964278594453,0.002434263206623871
2025-05-13,0.021858845230291704,0.13030434639218308,0.062079137445761476,0.02223968336869996,0.01660779204635611,0.03086353604988805,0.013423048924586402,0.007067109315143863,0.02298953109421847,0.025874595704022077,0.01634911943197748,0.02197880316954648,0.02033963621357069,0.02157241943193821,0.027983192819681122,0.028170940622263625,0.041576423736563964,0.005899765011763202,0.005665690354860629,0.01985877845428574,-0.044451720687903346,0.05286354105507565,0.035383580941150176,0.03125251439316623,0.00568993288028205,0.019376234943413364,-0.017804651116845,0.0027933245870925554,0.00489470151356648,0.012954825298664721,0.002642077099977253,0.01377773801970065,0.024760617474543552,0.018519004093281183,0.002567446501650284,0.010471313630225963,-0.012987183462619664,-0.02353055729191097,0.07320344716232208,0.06813779584386233,0.022942058465853964
2025-05-14,0.010752816660272708,0.004514755781307469,-0.009622110563726674,-0.005882448653869163,0.01053257426883189,0.0,0.0066445567308602614,-0.01418460935609805,0.044451786631239734,0.01016529502499843,0.0,0.0029600674520231084,-0.0067339043451669954,0.003044154324201958,-0.0026316263992606933,0.0,0.004514716478859763,-0.0023556388288192343,0.0056338404555699014,-0.01699759112399757,0.005037789189216557,0.026739488317066955,0.012195304752331215,0.059719267926062664,0.0014173876180131584,0.0,-0.012048432652409877,-0.00279332458709262,0.0029255580570377057,0.0,0.0,0.006818107080123396,0.018843087801479915,-0.004597727106992782,0.025317744197789867,-0.004175336482671188,-0.006557394395008837,0.011834523282061011,-0.02381073509088345,0.029500699066571042,0.0007075366595747303
2025-05-15,-0.005361955516498309,-0.01818217526868305,-0.011111194913625192,-0.013363180383535227,0.002325557188727537,-0.00985227778697386,-0.0044247212256855505,-0.021661317423750742,-0.02197891848164032,0.0037855331290196133,0.013423038003557654,0.019512887634713174,-0.0022548616878408116,-0.021506139343561603,0.009180356010457533,-0.013986124714495065,-0.009049797740074954,-0.00947890509786573,-0.011299530810430563,-0.01149434167618639,0.005012537031210991,0.020888482651524733,-0.02454107323582827,0.04255965761056673,-0.004258272795068323,-0.010718215541678261,0.00604247503984968,-0.007017570218018188,-0.027642525707322205,0.003952539610783984,-0.002642077099977287,0.0,-0.005347606326595242,0.018265306009900693,-0.005012454317442348,-0.006295977147554629,-0.006600677798729731,0.011696034009850148,-0.02439139477623796,0.028655219857923717,-0.006646557298532538
2025-05-16,-0.010810941257978258,-0.03263701296082119,0.0027893943959746556,0.0014935963194133597,-0.008163338068575068,0.003952546857575146,-0.0022198355051746403,0.0,0.0,-0.0037855331290195756,0.0026631469815075626,-0.01557980810354227,0.008988766033007738,-0.006230573821997213,0.0078023867176486746,0.013986124714495007,-0.018349173410186586,-0.02800756597775722,0.011299530810430544,-0.00434472431107165,0.0,0.007722106404001123,-0.006230515449935362,0.040821954783826074,-0.002849047703226879,0.010718215541678336,-0.030583545747280925,0.0,0.004992449385923812,-0.003952539610784097,-0.005305122163628558,0.001132013767976176,-0.013495481474884621,0.0,-0.0025157745062681547,-0.01058212338629589,-0.01333351815324252,-0.011696034009850014,0.0,-0.046250959187117927,-0.0008077026888499429
2025-05-19,-0.027549948407703962,-0.04855325922123191,-0.011204639386978927,-0.007490696270486305,-0.020107140951419626,0.0,-0.0022247741398337953,-0.007326072231827676,-0.03390157033401926,-0.02690748295650231,-0.013387098007833853,-0.018821626207399838,-0.018059063400845544,-0.012578754311803058,-0.006497732256668474,-0.004640301564802979,-0.028170989367260427,-0.010832171748534748,0.011173276697810689,-0.004363610907876512,-0.020202687854778488,-0.03390160533086538,-0.0020856291181474253,0.0,-0.002857187973582696,-0.0021345144507899576,-0.01250002472167984,-0.007067164747845288,-0.02215597597927302,-0.01496294072982518,-0.021506017513219258,-0.005672249405756856,-0.030347224562981112,-0.06062462884338276,-0.01778951537407945,-0.006403383588132468,-0.006734025694352127,-0.011834523282060926,0.0,-0.08647363787539883,-0.009981242865902476
2025-05-20,0.0,0.00496275041018045,-0.008486518744228864,0.008982140880287716,0.0,-0.009910764467609554,0.00665941752559554,-0.0073801399135229,-0.041061473809559615,0.01033603303707894,-0.024557923625831975,-0.010050323945340644,-0.00228057281272513,0.0,-0.001304654460980095,-0.0046620527413542045,0.0,-0.00670559109268192,0.0,-0.0014588027873320372,0.0,-0.013351329713239376,0.0,0.013245214201674292,-0.0057389142661798875,-0.010741241604324851,-0.025479202755583068,0.00283289012926778,-0.02578785491995669,0.0,-0.033152365919396826,0.007931991603205004,-0.01126765667265311,0.0,-0.0051414376407996065,-0.01727911202066188,0.0,-0.011976185876205827,0.0,0.0,-0.004682775767784788
2025-05-21,0.005571058026896579,-0.0771589770653955,-0.0056980774874399,0.0,0.0,-0.003992094213975461,-0.02011245183158102,0.007380139913522938,-0.012048345143591762,-0.010336033037079057,0.013717721678534973,-0.0070958844605304265,0.009091025150431375,-0.0031695869758633756,0.0,0.0,-0.028987417860890697,-0.007503743640845078,0.005540202742493174,0.0014588027873319903,-0.005115095676324061,-0.08408309431523338,0.02066191305157991,-0.04027386046153044,0.0014378365363874426,0.012875756055114793,0.012820787812227608,-0.0028328901292677395,-0.007341299965463801,0.005012598014552815,0.03586600558263703,-0.0033917559654243765,0.002828856200477623,-0.004819365497602375,0.005141437640799608,0.002176156411523109,-0.020478511345710583,-0.012121355235724976,0.0,-0.006472506365121226,-0.0026311459071230335
2025-05-22,-0.005571058026896465,0.015915394606933232,-0.021661510525222888,0.0,0.004767656244221951,-0.018163997204035522,-0.02978458634908716,0.007326072231827565,-0.012195279883871632,-0.005208292771372181,0.0027211202512587543,-0.002036578163316015,-0.020572218279029525,-0.00636947294879425,0.0,-0.023641785142635704,-0.024815186463233056,0.0042589314985298585,-0.005540202742493159,0.014472092345973157,-0.015504233340894603,-0.029675759594857163,-0.012345768483497076,0.0,-0.011560717503132562,-0.012875756055114734,0.0,-0.007117536057400406,0.002103019495546736,-0.011060950589819447,-0.005434799305395045,0.001132013767976176,0.01680711831638119,-0.014598736755711005,0.005115011495845904,-0.010928980576667394,-0.027973908600493886,-0.012270012989943235,0.0,0.0,-0.011576347222117181
2025-05-23,0.027549948407704,-0.021277360999938273,0.013053232827605907,0.011851998847307697,0.003560795990568145,0.00609139835978681,0.022989528819206777,0.007272698676812896,-0.018576358030781944,0.006506186455773219,-0.00272112025125863,0.01115064418616515,0.004608330290282072,0.0,0.0,0.02364178514263565,-0.056862877469345485,0.0012493258797331103,0.005540202742493174,-0.014472092345973289,0.005194812051598424,0.01197611532225647,-0.02728404641857767,0.0,0.0029026632079866255,0.008602266620689244,0.031350419521908084,0.0,0.0,0.0,0.00814109505266045,0.017937655764161488,-0.06010392406970544,0.0,0.0,0.008752824165144207,0.0,0.0,0.012270099860673329,0.006472506365121192,0.00545977406733121
2025-05-26,-0.027549948407703962,-0.010810896769988256,0.0028776188046109505,0.013167737918098032,0.0,0.004040483434844706,0.002270115477751493,-0.014598770908640436,-0.018927981290799745,-0.002597409962705515,0.0027211202512587543,-0.002018181562318719,-0.004608330290282108,0.0031898077390302634,-0.023779211685769398,0.0,-0.0269557634130616,-0.006261806475766889,0.0,0.0,-0.015666102115498,0.011834526490213253,0.0,0.0,0.0014481781607443,0.002138974983635545,-0.012422461017613533,0.0,0.003146154536043661,0.008056468006426854,0.005390919397586882,0.012148008611215027,-0.04525666670542692,-0.019802582230020814,-0.010256449136645465,0.002176156411523109,-0.00711746112599564,0.0,0.0,-0.012987179139407038,-0.0007036277920484655
2025-05-27,-0.0056022686719250534,0.0,-0.008658038675320901,-0.004370058268318394,-0.010720653014988405,-0.0070814931324471525,-0.0068259798582182675,-0.0073801399135229,0.012658403212080682,0.0038935574280171627,0.01081083729694777,0.02789020192749398,0.009195521252267556,0.00950882461351637,-0.002677357675858726,-0.13486740955983423,-0.02210038924738178,0.023588905039047946,-0.011111201408368845,-0.005847877693383737,-0.005277052121341222,0.0,0.0,0.0,-0.001448178160744369,-0.00213897498363549,-0.01257872173273167,0.0,0.035993702138120774,-0.003013637150810129,-0.0355714876641453,0.0010972399104589583,-0.0345402501348702,0.01488860912773876,-0.005168073141567012,-0.002176156411523126,-0.014388723877542694,-0.006192004340534209,-0.012270099860673319,-0.019802601895703847,-0.005319483752389558
2025-05-28,0.0,0.005420024632122715,-0.004357293177409769,-0.026628773757597705,0.0,-0.0010157626968538495,-0.011481130320908191,0.014706212145350431,-0.019048243562935777,0.001294533433244516,-0.027249679226741413,-0.022852463249541648,0.004566244689055519,0.003149544496172473,0.00933965744915705,-0.04932514227473359,0.011111179714097795,-0.006153910461383129,0.005570998665875682,0.0043890749060517854,0.0,0.0,0.010582221589056915,0.0,0.0014481781607443,-0.010764472182036296,0.00630917817179261,0.007117536057400324,0.02000067777401374,0.001005521719649708,0.0027815753293488153,-0.009917452931837585,0.01898791224469138,0.019512709857993124,-0.0025939578400412952,0.0,0.0,0.006192004340534157,0.0,0.019802601895703785,-0.0017576201702534382
2025-05-29,0.0,0.03191761198468269,0.0014545416353322859,-0.022745480714503562,-0.026700685699296917,0.0030440955120202198,-0.00462957023168416,-0.007326072231827676,0.0,-0.0012945334332445338,0.005509717216623232,-0.008072768150799442,-0.004566244689055551,-0.015848176848719052,-0.0013289270999093969,-0.005633794806615764,0.005509700031456919,-0.0017297488276675098,0.011049880674550224,-0.038695211956453576,0.005277052121341313,0.008784827058020151,-0.0021075046018019135,0.027028646259856202,0.0,-0.0043382733269515476,0.006269543560939022,-0.0014194602343325787,0.014742265217167502,-0.014170153010722742,0.008298877346219683,-0.006666702389282934,-0.0031397200046677527,-0.00484252337817187,0.0025939578400411938,-0.010953133180963586,-0.0072727523931748195,0.006153825529266037,0.012422508040835311,-0.01315806775600383,-0.0029581347588701298
2025-05-30,0.03315221707962915,0.005221839060999103,0.007241141054684267,-0.013899867288733705,0.019488955518005318,-0.009160331358886595,0.0,-0.045120540494777074,-0.006430933127564545,-0.016982714561562143,-0.011049823463003181,-0.013258650970480493,-0.009195521252267623,-0.04242072209910748,0.0,-0.040351202089478365,0.0,-0.028347731395929186,0.0,-0.009146488364533018,-0.010582099318558446,-0.0029197092756326768,0.002107504601801846,0.0,-0.001448178160744369,-0.026433232235785364,-0.01257872173273167,-0.005698075823067833,-0.03980627331833193,-0.002040900927460076,-0.016854348900736248,0.0011141343885595976,0.006269613013595395,-0.004866269376665363,-0.03694346460385753,-0.008849542496520875,0.007272752393174878,-0.006153825529265962,0.04820212692368266,0.006600675565264546,-0.007022722151326589
2025-06-03,-0.03315221707962901,-0.010471217907877917,-0.011611202469502554,0.007745997380883949,-0.017032039468082863,-0.0020471211364649997,-0.006984908919770919,0.007662907160539954,-0.02614521508314305,-0.0013184272373013327,0.00829882701857202,0.008179975335823462,0.0,-0.006689014262791886,0.003981428561412466,0.0174930851057987,-0.011049857678560506,0.0,0.0,0.00762779591967099,-0.016086122327765805,-0.04179719056559697,-0.014846562968491196,0.0,-0.021978884941789942,0.006674018927058587,0.00630917817179261,-0.00286118886837577,0.015113621468579922,0.0,0.008462647975651523,0.0077650350616977806,0.0,-0.009803917103155693,0.01600032860873688,-0.02247288754850755,-0.021978885602798193,-0.012422513508291292,0.0,-0.03344789058525468,-0.003386891023007829
2025-06-04,0.011173326698821675,0.010471217907878054,0.0029155197794862122,-0.010861306651119364,0.019441832566367716,-0.00410675337634887,0.002333689230788413,0.02264248183049034,0.013158011855784045,0.0,-0.008298827018571864,0.0,-0.028243562970522242,0.006689014262792013,0.006600667455708711,-0.017493085105798705,0.043485130593448995,-0.003057969621699902,-0.005509677932057007,0.010582130793137405,0.0,-0.012270089850892143,0.012739058366689232,0.013245214201674292,0.0059084544953688966,0.004424872686215633,-0.025479202755583068,-0.0014337057540307668,0.046883498351925054,0.004077441928499495,0.024966615127382494,-0.002212467060974553,0.02773675497159962,0.004913973102282049,0.036367658273333256,-0.006841475325510614,0.00738010015545396,-0.018928038108431668,0.0,0.020202680880290032,0.0031349251231102613
2025-06-05,0.03278983163878569,0.025708532298548734,0.0,-0.0015612221768860394,0.0,-0.0020597707282307633,-0.00233368923078855,0.007435011590223955,0.057158484570903806,0.00394994879642571,0.00829882701857202,0.00507867563465703,0.00921673750721885,0.006644568484809056,0.0,0.028987490047984153,0.07676400985020901,-0.009746296743259967,0.016438724859726635,-0.006033180795497556,0.0,0.0363676361438884,0.006309134660947393,-0.013245214201674278,0.013167767238434375,0.002205007240855051,0.02547920275558292,0.018479595427652106,0.008551188739344694,-0.006122312272827422,-0.011019361509633343,0.006622551645962038,0.06472847270049398,-0.019802582230020814,-0.012837147088644824,-0.009195502046037028,0.007326033054169503,0.037504377145988914,0.0,-0.006688979456674087,0.00670836795543555
2025-06-06,0.016000313009957426,0.0,-0.004376362301309695,-0.007843203115092698,0.0048019370830068445,0.0,-0.0046838982349167585,0.0,-0.01869210465304454,-0.0013149600494843292,0.002750996444431266,0.009077395937341576,0.022676564792767657,0.003305720636564207,0.0,0.022599810490340006,0.009803959841472497,-0.006204701207509882,0.0,-0.001514018613081629,-0.010869661673387007,-0.03328589561001827,0.006269679320439656,-0.02702864625985619,-0.002911254006288879,0.008771942529951645,0.021344058329359962,0.0,-0.006644542084154732,0.0030657905290836706,0.0055249270092532325,0.0,0.0,0.009950308096989153,-0.0051813330296088846,0.009195502046037167,-0.029631768819758736,-0.02484598653178412,0.0,0.0,-0.000876438592803385
2025-06-09,0.0,0.011684110112950417,0.0072833329531252124,0.0015735856034764153,-0.001198309366581297,-0.0020639176431598264,0.0,-0.007435011590223917,0.030962203660242462,-0.005277004233305937,0.0027435163962242254,0.0,0.006703882437664705,0.03566024071676437,0.013072049061869711,-0.005602303642229766,-0.014742221055556988,-0.018056236559663163,0.08338162236412221,-0.00607902587723865,-0.005479460395805272,0.03030526811883168,0.006230515449935489,0.01360563881520608,0.005813917214275423,0.004357390851704454,0.0,0.00561797646680117,-0.017291439734519354,0.005089126393059087,-0.008298913947056012,-0.0022028301054576004,-0.002853068982406399,0.004938301030749704,-0.005208319126213466,0.03595895745666533,-0.007547198166129499,-0.006309128058056819,0.0,0.006688979456674185,0.001725838682757434
2025-06-10,0.0052770694296999,0.020000604619473308,-0.005822490431301785,0.003139762117798554,-0.002401114314031256,-0.0020682909260026517,0.0,0.014815151503746819,-0.018462110331791223,0.0013219128436652544,-0.016575013745058178,0.0020059374848727957,-0.002229561670748835,0.0031796652097640273,-0.009132316562636402,0.0,0.0,-0.009818318272073412,0.014888610972683541,0.012121320377420532,0.058683445831014584,-0.005988040539063502,-0.004149427526392379,-0.027398947339176118,-0.001450348521695975,-0.017544438393826706,0.024541100967619286,-0.002805077834091044,0.004880533230502041,-0.009179075737146087,0.0,-0.0022072544795298846,0.0028530689824064807,0.02433207535559541,-0.013140859028866,0.004405256929692999,0.029852933931718787,0.031155114589840875,0.0,0.0,-0.0016204162602440923
2025-06-11,0.02083413494724904,0.004938296483218856,0.007272812956896024,0.0,-0.003612306500679065,0.004132208569162413,0.011668807154687762,0.007326072231827565,0.0,0.011818910520477986,0.002781673885830748,-0.022290683846780904,0.006674053770915052,-0.02572491261196943,0.009132316562636342,0.005602303642229721,0.07622733947521076,0.007438941756431581,-0.06618192161163601,-0.0015071730609633044,-0.03158154232311982,-0.003007447292006231,0.00621770244394079,-0.028170933733023984,-0.004363568692579419,0.017544438393826547,0.0,0.0,0.0038873100312682317,0.0,-0.0027815657548615116,-0.013468348319317284,0.039111130116625696,0.014319992064156926,-0.005304959813586576,-0.013274635655940923,-0.01481507139420387,-0.006153825529265962,0.0,0.008704500111708141,0.004531734600537996
2025-06-12,-0.005168045703225757,0.009804088726704189,-0.0014503225255941576,0.0015661919904524332,0.0036123065006790495,0.0071907120471689885,-0.004651219688982451,0.007272698676812896,-0.006230515249732245,-0.013140823364143248,0.0,0.006128674789909343,-0.0024968722743492545,0.0032519690369829236,0.010336125481355445,-0.028330534275339887,0.00913255645958101,0.010793835488895473,0.01047127752161725,0.0,-0.02162244311208953,-0.0030166659900384392,0.0,0.0,0.005813917214275423,-0.017544438393826706,-0.006079063059597784,0.0014035224744299002,0.006766497972199528,0.006128769859339797,0.0,0.02124169484403534,0.013605652055778678,-0.004750503504028121,0.017836185519336027,0.002224784143600809,0.0,-0.012422513508291292,0.0,0.006644465114035493,0.0018226956604120096
2025-06-13,-0.010416721158121431,-0.03474298982939644,-0.010211584473110985,-0.004705954108251011,-0.01696997998618874,-0.007190712047168972,-0.009367848399896605,-0.0072726986768127866,-0.03174875476921939,0.00790519748283233,0.0027738897154361178,0.003050359326507346,0.002942115311512296,-0.003251969036982908,-0.026317438718114265,-0.0350913250100006,-0.01373019077767323,-0.03409118275718519,-0.010471277521617186,-0.004535121439218563,-0.03900218667288074,0.006024113282044792,0.0,0.0,0.0,0.015368223526236569,0.0,0.002801149110878202,0.00863317959642174,-0.0061287698593399,0.0027815657548614647,-0.013363139462399278,0.0,-0.019231377435903026,0.002635067135580897,-0.004454313471782246,-0.022642545338903967,-0.03822127036561822,0.0,0.03896606045231645,-0.00559000763969236
2025-06-16,-0.026526750525559178,-0.010152339470107177,-0.01031701278142236,-0.006309093277303488,-0.01975369647853259,-0.011404890699359313,-0.004716921305989253,-0.014706212145350464,-0.03278980187750117,-0.00922879478078459,0.030015895757685235,0.02109579296645689,-0.00934584541872495,-0.019737479417386426,0.010610205953635944,0.0059347863689351325,-0.009259399307339947,-0.015013143202167636,-0.010582086509419228,0.009049768371410766,-0.058496221370595666,0.02080319452046354,-0.008298790367483745,0.014184621799781118,0.0014481781607443,0.023682417812591703,-0.012270050516280571,0.004186997296461779,0.004764084468076662,-0.005136072821448426,0.02197904244175793,0.006703836463097028,-0.008141157583699885,0.042761850081359236,0.0026280771507407067,0.008888873988399187,-0.03891538013877673,-0.019672796086346155,0.0,0.043620562157575433,0.0012376189973253577
2025-06-17,0.005361955516498366,-0.005115178060187265,-0.013422982780753242,-0.004758201157891176,-0.010025286415341322,-0.004179810834044018,-0.0023669492293270206,-0.007435011590223917,0.0066445867943580985,-0.0026525274339485013,-0.02449095845454939,-0.007984143236092693,-0.009434130209671404,0.003316765466263094,0.001318444024904091,-0.023953294612762306,0.0,-0.014125717159520185,0.005305008083984021,-0.010566007311106747,-0.036813938113964,-0.029852954495989497,-0.012578813981387105,0.013986311933242724,-0.0028985266824404156,-0.02586359379670604,0.012270050516280556,-0.0041869972964618885,0.007575864567520975,0.0,-0.002721148817789352,0.007765051207015533,0.013532006218576373,-0.023530472645456147,0.0026212529427982723,0.017544271572390753,-0.04049132225946989,-0.05443518206950589,0.011696028347801337,-0.037271332537555935,-0.005508585603877595
2025-06-18,-0.005361955516498309,0.005115178060187386,-0.0015027018815572857,0.0,0.0012587022786753337,0.007303033221247498,0.004728191048069206,0.014815151503746819,-0.00664458679435815,-0.001328939640964627,0.002750996444431266,0.003001528965744969,0.007083899922484466,-0.006644568484809018,-0.006609475008931817,0.02985306699084358,0.004640416674826554,-0.0011164781566161638,0.005277078425435127,0.0,0.012422508040835311,-0.006079118287220092,-0.008474716987255153,-0.04255965761056675,-0.005822380151565229,-0.008771942529951563,0.018127434932027425,-0.005610097000250909,0.007518715544990448,0.0,-0.005464545176532456,0.0033093855654873577,0.005361943141385373,0.0047505035040280525,-0.0026212529427982506,-0.006543044851828327,0.008230491061099875,0.0,0.0,0.018809262858317587,0.00020501227218424392
2025-06-19,-0.02724970637406624,-0.005115178060187265,-0.010582080135248214,-0.007980914375564079,0.006269607155510577,-0.002081099170233179,-0.01186242163426163,-0.014815151503746777,-0.006688951109612901,-0.002663123539642543,0.0,-0.015098556102370733,-0.0023557668844227378,-0.013422990757660284,0.0,-0.042048290172210685,0.0,-0.0008380684397461099,-0.015915453915405227,-0.003039543561991455,-0.018692114962761117,-0.03411175022999463,-0.008547048695695132,0.0,0.0,0.002200264024962523,-0.018127434932027342,0.0,-0.017950344339952542,-0.001030490604983962,-0.011019361509633343,-0.007739078173666585,-0.005361943141385399,-0.01431999206415684,0.0026212529427982723,0.010881515507192196,-0.01652928566578902,0.0,0.011560811248108576,-0.018809262858317584,-0.0069755675548587755
2025-06-20,0.0,-0.0418908746113615,0.010582080135248126,0.009569498365280102,0.03560834694519773,0.006230558913226586,0.004761784644351173,0.0,-0.006734076900181866,0.06453854168381835,0.013642794110923168,0.014099047132599138,-0.011862456707277291,0.03322561487517398,0.0026490476310412603,0.01219522318136693,-0.018692169065162353,0.01332607249036241,-0.005361898398868181,-0.0030487346992326666,-0.0063091630244854185,-0.04187413922045149,-0.0021481478008088394,-0.01459878544734433,0.0,-0.013274573599887624,-0.006116244209035061,0.0,0.013257799429466385,0.004115196215693974,0.01920505550395514,-0.030424983793528995,-0.021739986636405875,0.009569488560128663,-0.007884397229119891,0.002162249443196239,-0.01680720250373277,0.0,0.13926206185262072,-0.025642516707644964,0.0008654933718090811
2025-06-23,-0.005540125264719486,0.010638364796573267,0.022305846078108548,0.0,-0.024421155635730392,0.001034680191325284,0.04867703870048892,0.007435011590223955,-0.02739890563763344,-0.039520753914099566,-0.010899277714698896,0.0039919578621372565,0.014218223591700026,-0.01647482109896777,0.01444547705100394,-0.024541007851156742,-0.023867557754197796,0.05212035391632416,0.0,0.0,0.018809313681050693,0.03871457989935996,0.0021481478008088485,0.02898750932488704,0.0,0.01766052353537176,-0.012345793698986404,0.0056100970002509395,-0.0018833512059786637,0.0,-0.021979042441757878,0.007977318650797196,0.0,-0.01438885405773109,0.0,0.0,-0.017094417683034165,0.020762023103498367,0.0,0.03195168781785067,0.009187469351078285
2025-06-24,0.021978890380807532,0.02611122036136449,-0.00442158758521912,0.006329139380822614,0.017157219453073635,0.013354112610299186,-0.02520165413445226,0.014706212145350431,0.0137933290812885,-0.009144402374378628,0.008185608316946164,0.0009956266604669256,0.009367733458094553,0.019737479417386402,-0.0026109415341936,0.02454100785115682,0.01438873745209967,-0.007356953428166211,0.01600027388883815,0.0,0.030583394379324603,-0.019169988462689802,0.010672470650386267,0.014184621799781118,-0.038695312747129375,-0.00879122120130194,0.0,-0.0028011491108781202,0.03154261468667386,0.0061413165548255795,-0.0027815657548615116,0.0011343759972351716,-6.686265675946535e-08,0.014388854057731198,0.013106379832010254,-0.006500720098560136,0.008583735786265884,0.02033971461749017,0.0,-0.045023774528466176,-0.0015308632574149996
2025-06-25,0.016172896774476517,0.015345551838208127,0.0,-0.009508834975207967,-0.010995715214447872,-0.0010209477958341602,-0.002322963886147755,0.0,-0.013793329081288363,0.003929254792602714,-0.005449598213994875,0.005952255232756442,-0.007017503170907535,0.0064934757363379735,0.0,0.03571816204730206,0.01886863557242869,0.022941595530634306,0.015748355947052366,0.004569585816361949,0.011976179932825813,0.05644129801377604,-0.01929320160576818,0.0,0.016554137408811082,0.0,0.024541100967619286,-0.0014035224744300176,-0.023095699914111065,0.009141781178160389,0.01931088570141007,0.0011330906462656708,0.027399019365585683,0.04652008017329805,0.010362736115787384,0.0,0.02531788440050099,0.0,0.0,0.006557403134598559,0.0036254850780313747
2025-06-26,0.00533329280375168,0.0300021562482022,0.004421587585219155,0.004765759987071369,0.006123590504541841,0.0020407512060935788,0.009259306616088437,-0.007435032621929347,0.006920404361752555,-0.0026177439124377886,0.01356867991003301,0.04732909431941809,0.0,-0.006493475736338014,-0.003929368910090546,-0.035718162047302174,0.058973922494067264,-0.0015474188517005734,0.0,-0.010695234712347547,-0.030213750300396826,0.05053086806564007,0.00647258315457287,0.013986311933242724,0.0029806731924686236,0.010976949770806675,0.0,0.0014035224744299002,0.0046620100743342986,0.0,-0.010989156248933154,0.005646606892645618,0.052643755170607445,0.009049758190116585,0.005141437591044087,-0.0043572696224369566,-0.025317884400500992,-0.03413302989122789,0.0,0.019418093423309017,0.005492226549522481
2025-06-30,0.01058213411940732,-0.0049382964832189406,-0.0014716664392607362,-0.0015860643926860769,0.013341713255014263,-0.011276387642721552,-0.006936342729940786,-0.03030538120720435,0.02047850127588079,0.0,0.008053758309403023,-0.023867499763836578,0.01166866618905131,-0.0065359964301614495,-0.003944739228829127,0.0,0.02178731776528046,-0.009857438293390459,0.0051948378755158385,0.006125648895985447,0.006116221220186421,0.011527432393592683,0.010695196496504055,0.027398947339175996,0.014771396991162486,0.013015410253439549,-0.006079063059597784,0.008379948424207934,0.0009297625208695442,-0.00914178117816032,-0.002766176759812623,-0.007914073536146487,0.02030525003307005,0.03974026614609882,0.0076628664779005385,0.004357269622436884,0.008510681896768206,-0.013986319544522292,-0.2484613959782817,0.01273910686035301,0.0031360617678246904
2025-07-01,0.010471260087470048,-0.004962743771543883,-0.005908494976537373,0.012618472563277288,-0.006042308652202755,0.002059770728230745,-0.011668807154687768,0.037740320828989385,0.013423028009794844,-0.0013115108801648005,0.005333339698430938,0.018190992692386502,0.006936487956312337,0.009787965467144262,-0.005283975580803375,0.023953294612762282,0.021322734585886176,0.010115457468343308,0.025576881221009522,0.009118535814001755,-0.037271358912990785,0.0,0.01896790185049491,0.013423007444649979,-0.002936903830747374,0.012848183543266613,0.018127434932027425,0.03552279589372696,-0.012155336161787952,-0.006141316554825502,-0.01958112385953369,-0.006833862376548125,0.017435077949776924,0.01290334967487043,-0.020566303303337884,0.01724187281194384,-0.008510681896768226,-0.02135307211477015,0.0,0.031155103268259016,0.005574967284491307
2025-07-02,0.005194829156553133,-0.004987495484750199,0.004434659542739538,-0.006289333182454703,0.0024213424001175237,0.004106753376348911,0.01398627138320339,0.014706254645335414,0.06453855664672052,0.009144402374378685,-0.0026631469815075557,-0.004755162022650965,0.0068885930107826145,0.0064725399735650405,0.0248540075119441,0.005899772378081419,0.033198135473602466,0.0,0.005037752025927642,0.015015284572353772,0.025001277987246547,0.0,0.010384419485631072,0.013245214201674292,0.004402056824971165,0.0,0.017804673196287715,-0.02033961087991307,0.020484893074580714,0.007161297297529845,0.027857075642187923,0.014747935912694615,0.012270053452698711,0.004264521689939513,0.015464276586295336,-0.01290340215658003,0.008510681896768206,0.0,-0.012903392926887598,0.0,0.005614931703643508
2025-07-03,0.010309393839930004,0.07232058231525691,0.0014738354337976514,0.0047206843863187384,-0.004848622293023129,0.0040900601278824646,-0.004640428114663464,0.028778813762417987,0.012422526574325495,0.011635549315383542,0.01061016703577016,-0.006695350311371858,-0.004587156072295941,0.0032206273111799136,0.009003314770673652,0.023256766262984233,0.016194717360078523,0.03174863228367284,-0.005037752025927659,0.013323708679826435,-0.012422508040835292,0.008559320576463511,0.006179182423664527,0.025975462271824908,0.0029239521604631775,0.016878056623555446,-0.0238106390106808,-0.04053661892543568,0.011910330337805981,-0.002040900927460076,-0.0027510247734008684,0.02227266978025201,0.0,0.004246202173138047,0.0025542357712821148,-0.008695740277800812,0.0,0.0,0.01290339292688759,0.006116229269297044,-0.0007872810953525639
2025-07-04,0.020305251265562065,-0.03309999088940228,-0.00294992114595826,0.007818673362928262,0.0036385937434940336,-0.006141380567246161,0.018433664438740137,0.027973969333127343,0.012270099007198094,0.0038486028568528435,-0.013280359752693618,-0.0009601620307034437,0.013698820770239165,0.0,-0.007712107799091082,-0.029156538641065533,-0.008064526282688571,-0.031490679665442056,0.005037752025927642,0.0,-0.04473592744204911,-0.005698019538429612,0.006141234495407679,0.02531785956523302,-0.014706156268528732,0.00625645500384786,0.02381063901068082,0.002848961431977487,-0.018382951572090193,0.004077441928499495,0.0,-0.006629868630896417,0.004866127522573688,-0.012793296332078034,-0.00511507553214027,0.0,-0.008510681896768226,-0.02181899272902917,0.0,-0.00611622926929697,0.0007743669346761007
2025-07-07,-0.04628073434951523,-0.014527966959637524,-0.0029585738305790655,-0.006250024566792331,0.0012100285495291918,-0.0020554329369852843,-0.011481130320908191,0.013698772497388368,-0.0061162675507415165,-0.011590594744219179,0.010638385717614987,0.005747192010978301,-0.0022700893572148314,0.006410303341447141,-0.016916499673893953,-0.023953294612762306,-0.020450674646455426,-0.005432747133924716,0.005012561994882442,0.0,0.012987183462619612,-0.028987528714057232,-0.002042923353123445,0.04879011804678982,-0.004454345877320877,-0.008350737611131285,0.0,-0.01866533120475041,-0.006514510076847114,0.0030473091363524695,-0.0027587502494406135,-0.0033315454157417652,-0.052315659367735336,0.004282572469000451,-0.005141437591044044,-0.0021857752293913905,0.008510681896768206,0.01459870466374085,-0.025975462271824953,-0.00615386785403986,-0.008193704240012116
2025-07-08,0.02083413494724904,-0.06031984499778641,-0.020958792165719563,-0.012618472563277345,-0.0072816266899403325,-0.0020597707282307633,0.002306772498256683,0.013513817758849026,0.06530509883702289,-0.0038935574280170313,0.002641974035078647,0.0019083203310970166,0.02247281653424361,-0.0032000151809019627,-0.007905166606719768,0.018018508243827242,0.012320483569065364,0.021302089212775103,0.00995030945280695,-0.022305812456682787,-0.012987183462619664,-0.002945509387362036,-0.029047593313017737,0.03509135651363814,-0.0029806731924687108,-0.006309293243861243,-0.01780467319628777,0.00433837174915522,0.00372781187746919,-0.013272359936793366,-0.019526432728726756,0.0,0.06197756353827785,-0.004282572469000367,-0.002580665786442976,-0.0021905633103240676,0.07350249142535568,-0.007272712296202738,0.0,-0.012422524643367744,-0.004824517966708843
2025-07-09,-0.015584766861347287,0.0,-0.006069804090621261,0.001586064392686101,-0.0024391203129888726,0.0,-0.018605149884628497,0.0,0.022728263656211008,0.0038935574280171627,0.028610533543618394,0.01053148202140383,-0.006689030964996287,0.019048192029620926,0.005277070207643537,0.0,0.016194717360078523,-0.004581220535735157,0.019608489790906083,-0.007547199408579166,0.006514674949928488,-0.026907445108627463,0.010471309379585328,0.022728229523506394,-0.0044875897351764355,0.002107627456081379,0.0,0.01005036159864609,0.01569013265665813,-0.005151949858616503,0.002813002351165066,0.0011117852834503067,0.009569444403359946,0.004282572469000451,0.0,0.0,-0.007905172057463813,0.007272712296202791,0.0,0.0,-0.0005883704793718179
2025-07-10,0.025841227570296842,-0.010416728166898988,0.019593638506156256,0.006319060449316268,-0.0036696891955236895,0.0030880672781865223,0.009345843268539898,0.0,-0.011299561471791097,0.010309456462453603,-0.012903421982125577,-0.007648217102909488,0.004464285613452498,0.0,0.013072017224879955,-0.00597014261161776,0.0,0.005088907942456303,0.0,0.0075471994085791905,0.01290339292688759,-0.009132480863955836,0.012422550988526945,0.0,-0.003003050557575563,0.002103091328976987,0.0,-0.00286118886837577,-0.008275849407970706,0.0020639661447941575,0.0,-0.007808249542279319,0.023530649350584333,0.004264521689939513,-0.005181333447950269,-0.0043956814303343,-0.01600032608667548,0.0,0.025975462271824908,-0.006269539660645561,0.004749258231157717
2025-07-11,0.020202692258702457,0.06093248443798104,-0.0029896063562918533,0.009404425291978595,-0.007380027028673598,-0.004119545825919497,0.004640428114663587,0.0,-0.017192374950114442,0.0,-0.013072099164787023,-0.008674760696912398,0.008869330317334709,-0.02225848019016621,-0.006514551915713183,0.011904928980552813,-0.020284636006093284,-0.01818460058038738,0.0,0.0,0.01273908961882172,0.009132480863955881,0.004106726272313432,0.011173290180334477,-0.01058212323820559,0.0041928570660863555,0.01190493507307508,0.0,0.004606085970904694,-0.011405000370457354,0.008391700925084804,-0.008998950311768632,-0.04276199792448675,0.08559186301313094,-0.0026007368813940235,-0.004414981979904021,0.0,-0.007272712296202738,0.01273908961882172,0.018692064304013278,-0.00029296017393349314
2025-07-14,-0.015113610966624051,0.01467023341108209,0.0014958825078274398,-0.01572348574129505,0.0036968215987548277,0.0030912492759636668,0.004618878501424921,0.0,0.061644161581354225,0.008934254429092136,-0.005276986431784389,-0.013645500882875378,0.006600619021283282,-0.006451660585389899,-0.009192552163823668,-0.005934786368935163,-0.012371290151059245,-0.008305264164657707,-0.019608489790906042,0.014925638039814917,-0.01273908961882177,-0.021440324861465097,0.0,0.04348513589432458,0.0015186261221466378,0.0020898030252857144,-0.005934825638990859,0.001431582283840012,-0.008306402327987595,0.019618527342920695,0.0,0.0,0.014458130696886166,-0.007843110971297734,0.007782070329344321,0.017544271572390753,0.03174866827191641,0.021661443528703438,0.0,0.018349145424284573,0.0009370594567419411
2025-07-15,-0.057457059387934446,0.0,-0.009008968792947759,-0.0015860643926860769,-0.0012308171697102625,-0.007227731160750374,-0.018605149884628497,0.006688952760810042,-0.027550000561121567,-0.002544536461688994,0.0,0.0,0.0,-0.003241506699355213,-0.003965531555899313,0.011834558747016522,-0.00415804330916006,-0.003132407585358439,0.0,-0.0074349724445237205,-0.012903392926887598,-0.006211273838440971,0.008163298595077771,0.010582099318558432,-0.001518626122146572,-0.008385751420348872,-0.024097544366111733,-0.005738880856691266,-0.008375976965938736,-0.013381451800275654,-0.0027894624302477545,0.0,-0.007202819880440862,-0.0158734117636295,-0.0025873428573480323,-0.015334237506360497,-0.01574834218524093,-0.007168443167212543,0.0,-0.012195277570244712,-0.007907544340985609
2025-07-16,0.021277382439657395,-0.024571273665844783,-0.019802648705567628,-0.0240975476411882,-0.019901123881993665,-0.012513216383684404,-0.007067182240180531,0.006644507797422315,-0.03409416102023277,0.0063492733995660555,-0.010638385717614928,0.003917778654414985,-0.01324520398707437,-0.009787965467144309,-0.01065272258999758,-0.02985306699084364,0.008298768537168646,-0.011834441871532878,-0.0049627479711398595,-0.0029894917741979483,-0.06021880233697229,-0.006250018922875715,0.006079012829845503,0.02083412894626995,-0.009160360392334803,0.004201665787779642,-0.012270050516280571,-0.015953865390933977,0.012999190981697559,-0.016719364870769242,0.0,0.004509597760067723,0.0,0.019802607808109995,-0.0183011073040067,-0.006644594582647088,-0.04879011686415913,-0.03663407060179255,0.0,0.0,-0.00915415151564857
2025-07-17,-0.015915426923159125,-0.015037860847929392,0.0,0.004866172389528696,0.007509526605666969,0.0,0.004716921305989204,-0.03367320770319244,0.022858081220856693,-0.015306455942056355,0.026386724442383377,-0.014771298353313912,-0.0044543426262379,0.009787965467144262,0.010652722589997521,0.02985306699084358,0.004123750212493427,-0.00026450466240514033,-0.01000012347654958,0.00597007311836876,-0.020906747926708304,0.03994393030630156,0.008048225086365797,0.010256490134848532,0.0015325904917686901,0.0,0.006153806307245572,0.007283278937802224,0.0009221385262990511,0.016719364870769287,0.0,0.004489352551700808,0.0,0.0,0.020888450161354617,-0.004454313471782246,-0.025317884400500992,0.007434929997343368,0.0,-0.00615386785403986,0.00622599100524644
2025-07-18,0.010638357493459307,0.029852930602241284,0.0015372750060010777,0.0032310638521017157,-0.001247771147199627,-0.0010497818963145272,0.014019068088879047,-0.013793336464550028,-0.011363695763132207,-0.015544325808451281,-0.010471352292983942,0.01183440426963817,0.004454342626237891,0.0,-0.0026525607518914887,-0.03593208826317195,0.0,0.0021146986701138645,0.005012561994882442,-0.002980581344170908,0.007017566200938237,0.01197611532225647,0.01393072184832866,0.01015236163435085,0.006106907558361147,0.0,-0.006153806307245543,0.0,-0.023311063709084878,0.0031039586830181706,-0.005602238494837011,0.0022371409688118527,0.0,-0.00787408801236345,-0.007782070329344286,-0.00447435142902361,0.0,0.0147061402429581,0.0,0.012270097123336963,0.003229649691600791
2025-07-21,-0.010638357493459212,-0.004914029499549228,0.001534915418428188,-0.003231063852101827,-0.002500036308590568,0.0,-0.002322963886147755,0.00692049335327271,-0.046792186501589374,-0.0013063710887083104,-0.007926024025031175,-0.00294544916388101,0.0044345894130697,-0.003251969036982908,0.0,0.0,0.0,-0.008752129245721172,-0.005012561994882568,0.0,-0.01408472687472389,0.0,-0.0341742516870257,0.02000064763127573,0.009090962387349149,0.0,-0.01869202885536717,0.0,0.006581985182257158,-0.014568391827192237,-0.011299520564888019,-0.004479187522000705,0.009592391662614703,0.023438570317676013,-0.01310637983201033,0.002239624189867311,-0.017241790486774565,-0.022141070240301524,0.0,-0.00611622926929697,-0.0008326769001031657
2025-07-22,-0.01075281666027283,-0.019901153413311293,0.004590660888404318,-0.006493533867538704,-0.007537704922741455,0.0010497818963145962,0.002322963886147674,-0.00692049335327267,0.0,-0.0026177439124377886,-0.005319155407444843,-0.023881720151879213,0.0,0.0,0.009253179162447599,-0.006116201909038706,-0.008264475440502045,0.011652634300011415,0.0,0.0,0.0,-0.008968668030250152,-0.01857628393343249,0.0,-0.004535223708763236,-0.004201665787779708,0.018692028855367308,0.0,-0.0028155610409758315,-0.004201649839432768,-0.00855929762668788,-0.014697911948003548,-0.016847702479060023,-0.011650567378495517,0.0,-0.0022396241898673046,0.01724179048677462,0.007434929997343368,0.0,0.006116229269297044,-0.0034099628789097543
2025-07-23,0.021391174153732005,0.0199011534133112,0.01815483615639213,0.017756713637578688,0.0025189282418656266,0.006276286116844613,-0.004651219688982451,0.0,0.005970134007212662,0.0013096639856880591,0.021108939309989836,-0.005047926822901038,-0.0022147825685171533,0.01935543966317511,-0.006600618410556158,0.0061162019090386195,0.008264475440501925,0.01229901806769381,0.005012561994882442,0.005952378940951103,0.02105347260702841,0.01194050980480063,0.004157953903794853,0.029270355062651254,0.003025766681145266,0.0,0.012270050516280556,0.011544179271952247,-0.013245256713129023,0.008385719656834533,0.014224947949791298,0.006810479652110292,0.01684770247905999,-0.011788002939180593,0.010498797164480314,-0.0135442226477016,0.016949643077973472,0.021978852539160945,0.0,0.024097560318425304,0.006814960461407471
2025-07-24,-0.03226080461619,0.0,0.004487653877753945,0.0,0.012500151120833039,0.004162307669548199,0.0046512196889825245,0.0,-0.01801847915080443,0.0026144510154580843,0.0078024033374841,0.009068079523986161,-0.002219806844552591,-0.009630930652627167,0.003965531555899171,-0.006116201909038706,0.012270091373380145,0.06810804489957897,0.0,0.0,0.02061926692904748,0.0907137544847958,0.006204743075532999,-0.009661902008876995,0.0045214802206791785,0.012552403398910898,0.01212146911763439,0.0,0.023530576847270057,0.011416837576624003,-0.011363653795884162,0.012366619817893764,0.0,0.007874088012363539,0.0,-0.002275295092520824,0.008368241322527527,0.007220288065288364,0.0,-0.005970169132096324,0.006859655560914924
2025-07-25,-0.005479478318914163,-0.014888535739512928,0.007434957750184602,-0.004811621754839646,0.0037197407771770263,-0.009389700711526103,-0.004651219688982451,-0.028170996538320205,0.0,-0.00261445101545799,-0.02094314964678228,0.0020039345352335265,0.0,-0.003231033274209936,0.001318444024904091,0.01219522318136693,0.008097176804285552,0.037902357871982005,-0.010050314020810254,-0.001484721017753305,-0.020619266929047586,-0.04432864096285278,-0.00620474307553294,0.019231344291746166,0.0015026525674456859,-0.0062564550038477565,-0.02439151963391491,-0.024692633921534354,0.009259319433662311,-0.0010325155668333976,0.005698003472780914,0.004459323290017147,-0.009592391662614812,0.05344794999534454,0.0026075826675301017,-0.004566180232989801,-0.01680720250373277,-0.0072202880652883095,0.0,0.011904906772111735,-0.004267908821288769
2025-07-28,-0.08601293373462557,0.014888535739512898,0.0,0.009600121642073984,-0.003719740777177149,0.0,-0.009367848399896605,0.02817099653832013,-0.006079012333130122,0.0,0.020943149646782264,-0.009049843489270761,0.0,-0.006493475736338014,0.00394473922882913,-0.0060790212723283174,-0.012170534821093879,0.028820379978422656,-0.00506332222184382,0.0029673145213258544,-0.006968745732304421,0.022409828064274995,0.0,0.00947873538604097,0.0,0.016597808377592716,0.0,-0.017804574882082556,-0.01205399089794087,-0.01142869938016955,-0.0056980034727808415,-0.003342571899342163,0.0024065933540972887,0.0,-0.01310637983201033,-0.016147963799822786,-0.017094417683034165,-0.007272712296202738,0.0,-0.00593473764001542,-0.0028598156447557366
2025-07-29,0.011904930394005017,-0.014888535739512928,-0.016430571708662776,-0.011209072276351555,0.0037197407771770263,-0.002098674971181173,-0.00945631647715759,-0.021053475979854522,0.006079012333129993,0.0026144510154580843,-0.02891134264747389,-0.014242325093978669,0.0,0.0,-0.006583302420975539,0.0,0.012170534821093853,-0.0022751529613135686,0.0,0.0,-0.021202188000719557,0.04865830121564457,0.012371323357045655,0.0,-0.00904989946927013,-0.012422457984445974,0.0,-0.002998531736805513,0.012053990897940894,-0.00523831063569071,-0.014388764042724652,-0.007843244911187739,-0.009661904170542475,-0.0037244135667359518,-0.007947055297050351,-0.007001250147914795,-0.017391726485559075,-0.014706140242958217,0.0,0.017699583385610628,-0.0036421229063779027
2025-07-30,0.0,0.024692624466217124,-0.01364687607566788,-0.001611543528820834,-0.0012383768426744218,-0.00738024267468637,0.018824164877054204,-0.02150609294974035,-0.012195279883871632,-0.009180380640477341,0.0026631469815075626,0.00917906255269092,0.0044345894130697,0.01294513632172792,-0.010624296658431655,0.012121311223080645,0.004024182538984843,-0.004566340125274949,0.0,0.0,-0.007168482740163348,0.07127696273559152,-0.016529277260840414,0.0,0.004535223708763088,-0.0020855473678610997,0.0,-0.0030075499776409755,0.0,0.013563051332842038,0.008658107178376121,0.006726493520512829,-0.004866127522573607,-0.015037842245694275,0.010582122432631298,0.0023392758644607305,-0.02666822164632427,-0.007434929997343361,0.0,-0.01176484574559514,0.00044618264106253345
2025-07-31,0.040585302855525425,0.028848121693153237,0.0,-0.011354528855269498,0.0,-0.006369350476831912,-0.018824164877054194,-0.007272720812677632,0.0361485340043371,-0.007936567455566663,0.002656008425937271,-0.006110070083488543,-0.00665933476461344,0.006410303341447141,-0.004013343678779103,-0.01823751313211917,0.0,0.007750248528920732,-0.005089026963918311,0.0,0.049132724997157345,-0.047807771576360465,-0.014690769540900398,0.009389843352046751,0.0030120231930612583,-0.004184085632569191,0.01834911357587855,-0.019772471152871018,-0.005545352542057663,-0.015666082983606926,-0.01156092968582757,0.004459323290017147,0.0,0.022472849577491554,0.010471312696429348,-0.007034081329628609,0.017857600292717848,0.022141070240301503,0.0,0.034887271212797735,-0.007406831656512807
2025-08-01,0.016901780744559596,0.00943417415793962,0.03598594276086812,0.009740301900353052,0.0,0.022117784381647732,0.018824164877054204,0.014492840500067503,0.005899761112917331,0.007936567455566555,-0.005319155407444843,-0.008205070444588276,0.0110743453863773,-0.0193554396631752,0.018592846359109995,0.0,-0.004024182538984777,-0.003183908403645773,0.005089026963918211,0.0,-0.027779620457212675,-0.020834144195399217,0.025053466520228194,-0.009389843352046762,0.004501128423027574,-0.004201665787779708,-0.018349113575878498,0.021277451336287563,0.0018518697202078403,0.007341342286455569,0.0029028225074513325,-0.005577323208785883,0.0,-0.0037105937650611823,-0.007843235545688622,-0.009456371127043645,0.0,-0.014706140242958217,0.0,0.016997514529217796,0.013195212621382414
2025-08-04,-0.028330503072565644,-0.0679875379911084,-0.005908494976537373,0.0,0.00371066192861252,-0.006269516258948245,-0.011723527887143705,-0.021818933825636686,-0.03593202756651287,-0.0066094569507238535,-0.0026701927169234287,-0.007235157152046881,-0.0022050150690425337,0.0,0.006557465309166863,-0.01857638751528314,0.016000372424937365,0.013350114974987795,-0.005089026963918311,0.0029585356092282533,-0.035846098070498794,-0.002635046963831949,-0.012448326097475123,0.009389843352046751,0.002989511869724621,0.002103091328976987,0.006153806307245572,-0.010582135493713537,-0.009293648489281558,-0.012618458328953341,-0.005813951915704289,0.01333366134788698,0.004866127522573688,-0.01876225581243022,-0.00790517334989831,0.014151176592211386,-0.026907427025710466,-0.030077532016350602,0.0,-0.028491897931616432,-0.004162952628039019
2025-08-05,0.005730688036903473,-0.010101002834890923,0.0,0.0016142269549164992,0.0,0.012500075172174854,0.0,0.0,0.0,0.0013254169291057887,0.0,-0.009379961634226651,0.015334284144638052,-0.009820084482117094,0.014276608824679592,0.0,0.015748292237457637,0.009173346241308864,0.005089026963918211,0.01320640274646703,-0.03717896698588821,0.03881475607037596,-0.008385680261437904,0.0,0.0221411753383184,0.0041928570660863555,0.0061162442090350825,0.009077155310296875,0.019417944534127315,0.010526425709255232,0.005813951915704282,-0.0011043096579501435,0.028710086040425034,0.007547234649358146,0.010526426292696489,-0.01652927933944055,-0.027651503984284922,-0.031010223741852853,0.03727135891299075,0.022858145939508967,0.007607003102351383
2025-08-06,-0.005730688036903519,-0.057457095886292144,0.008849665235215817,0.00963093997178089,0.0,-0.0031103744606487647,0.01405178368997836,0.007326093325569191,0.0,-0.003981467074913056,-0.005362002708493458,0.00937996163422659,0.006500711269543925,-0.009917394935269393,0.006422629738214877,0.018576387515283142,-0.019724472475651234,-0.004016960037169499,-0.01534556805879014,-0.0014588027873320372,-0.06252038902684118,-0.02570841190082829,0.0021030723654765792,0.0,0.014492946432019625,-0.006295948395063165,-0.006116244209035061,-0.007558537618059816,0.05175110582999781,0.01041677331684949,0.0,0.004410048684720383,-0.00947873746652263,-0.011342320290376594,-0.0052493300935389,-0.004773354648146161,-0.04785608889777287,-0.03200261954668749,0.0,-0.01136376253711049,0.0018440623284843435
2025-08-07,-0.011560778021644137,0.01600032368671934,-0.004415005692476137,0.0,-0.0024722850859380963,0.0,-0.0023282558028347613,-0.014706254645335414,0.006079012333129993,-0.003997316707229151,0.0026845952340721047,-0.009379961634226651,-0.00650071126954386,-0.0033278030185458145,-0.0012812174688007533,0.0061162019090386195,0.011881327125121481,0.004016960037169493,-0.00516799094037545,0.0,-0.016260505111694693,0.007782138481976873,-0.002103072365476615,-0.009389843352046762,0.0,0.004201665787779642,-0.012345793698986404,0.04306527380835243,-0.004357389731576657,-0.00937010549754772,0.011527469888817558,-0.0011006631192330848,0.0023782065334849102,-0.0038096380381138603,0.007863730028899327,0.0,0.0,0.0,0.0,0.0,0.004937581800648649
2025-08-08,0.017291466058547696,-0.010638364796573284,0.011730380549557946,0.012698510808599512,0.009852312114611503,-0.0020790408657660867,0.009280789920666515,-0.007434939621785154,-0.018349111340328038,0.003997316707229187,0.013315793192036348,0.006262938501812106,-0.015334284144637958,-0.006689014262791886,0.006389798098770988,-0.030962256200637184,-0.003944810026658708,-0.02594628227818829,-0.020943193822568144,0.0072727535469063066,-0.01652928566578902,-0.015625313952057414,0.0,0.009389843352046751,0.0014378365363874426,0.016632317522852214,-0.006230489479396134,0.002902715602376262,-0.0026235069530656306,-0.0010466678193017014,0.005714283923870894,0.028231996507651146,-0.002378206533484843,0.003809638038113934,0.012970318783317256,0.0,-0.009852287185835048,-0.03306084419996063,0.0,0.016997514529217796,0.005067471995399447
2025-08-11,0.022599815035662035,0.010638364796573267,0.011594299558539842,0.009419188576272492,0.0012247874359827577,0.0041536634630574875,0.016036994701375006,0.007434939621785167,0.006153831456456578,0.0013289396409645153,-0.010638385717614928,0.010352180284461549,-0.004424778121238412,0.0033500999849453077,0.001273125072957113,-0.006309143483946765,0.023438572230994093,0.011589735551620933,0.015748355947052366,0.0,0.03278979077748378,0.023347420356058506,-0.0021075046018019135,-0.3553407699462369,0.0,0.012295276943637173,0.0,-0.010196764100537036,0.002623506953065688,0.01248725248916183,-0.01724175381268844,0.0042735175164783645,0.00947873746652259,-0.0038096380381138603,-0.02346911594779757,0.0,0.029270355062651254,0.024897488718018442,0.0,-0.005633751992107363,0.004012549258407785
2025-08-12,-0.01690178074455969,-0.005305003239990232,0.010035825763010186,-0.004698504189953632,0.012165648762470019,0.006198376128472875,0.0,0.007380161319766288,0.006116267550741548,0.007936567455566555,0.02377913202691325,0.010246010580925101,0.011025397142521752,0.0066667172963925155,-0.014093813502018541,0.02500135761954408,0.0,-0.0036215963161630306,0.02061936991076298,0.014388726135560243,0.01600032608667546,0.015267406118652547,0.014659901904930158,0.06453853603873219,-0.0203198881230943,0.006091409071539861,-0.006269551984230351,-0.005873715875475184,0.03433828810585596,0.013353958426019295,0.0,0.0,0.002355797044445132,0.003809638038113934,-0.010610192457023274,0.0023895830444394203,0.009569442282869125,0.0,0.0,0.005633751992107245,0.0029765756871590857
2025-08-13,0.011299512072634636,0.056862778274453886,0.025353542903099893,0.015576610423522276,0.0012083861622878564,0.015329857467418306,0.009049817051113062,0.0,0.006079012333129993,0.016982714561562175,0.005208339287273126,0.019182747999677695,0.01739181813865569,0.019737479417386402,-0.0012912069715824194,0.030397428969577533,-0.00775194507150211,-0.004545318173566282,0.02020266320657243,0.03232890351174918,-0.007968162080333081,-0.09531015528553102,-0.004166717041690431,-0.01257876994641129,0.013110011988692598,0.008064618641388821,0.0062695519842303656,0.016070479976012235,-0.007624038567256955,0.005089126393059087,0.020086767515505418,0.008492633352875393,0.00936774287451715,0.026267935218510063,0.023716572289033597,0.004761874350935805,-0.009569442282869082,0.016260512928718374,0.0,-0.011299491460140377,0.011856186542650995
2025-08-14,0.011173326698821675,-0.025446554673099104,0.0013898503720111955,-0.007757937060594099,0.0012069277273458097,-0.002030392075460645,0.0022496870158699458,0.0,-0.024541122664921238,0.0,0.0,-0.009040752507309282,-0.008658153015301208,0.0064934757363379735,0.0025806850324586995,-0.006006075681457152,0.0,0.0,-0.005012561994882568,-0.013927790563015833,-0.00803216400634236,0.011049899908502515,0.0,0.012578769946411373,-0.001448178160744369,-0.0060424330253588225,-0.03822123802453399,-0.008733619484359788,-0.036367553178412504,-0.009179075737146087,-0.0028450137028170164,-0.011696005498400814,-0.01645162084703578,-0.011173344026590776,0.0,0.004739420455215409,-0.009661902008876995,0.0,0.0,0.011299491460140287,-0.0035041323340474838
2025-08-15,-0.005571058026896465,0.0051412894534237944,0.006920423421442548,0.0015563622741468673,0.009603930961489836,-0.0040732968554486335,0.0,0.014598814138246862,-0.04445174882203023,0.014148146781791332,-0.007822749021610557,-0.01833046829025287,-0.004357297978669184,-0.003241506699355213,-0.0012894780608761398,0.01197621829307488,0.007751945071502117,-0.003422821061891686,0.014962871447689352,-0.004216418968773427,-0.032789790777483716,-0.022223265660502558,-0.008385680261437904,-0.01257876994641129,-0.01166183382794824,-0.014242235716446287,0.012903360372872121,-0.004395653605614574,-0.00619198388996889,0.005109930086791381,-0.008583646634312265,0.0,-0.00475065653844924,0.0074627502615296016,-0.018397371435179635,-0.014285953142154367,-0.019608453053774056,-0.024490958341252672,0.0,0.0,-0.0029835316383753545
2025-08-18,0.005571058026896579,-0.01030933763809542,0.010974016506127176,0.0,-0.005991624460810772,-0.002042938991417648,0.0022446372823953006,0.0,-0.03300627418403562,0.005095564109754448,0.0,-0.001028189654477212,0.004357297978669246,-0.016366962351541992,0.0,0.011834558747016522,0.045290847385194725,-0.005500838458385017,0.024451074005962022,0.01398623031044574,-0.008368241322527534,0.024966750692750322,-0.0021075046018019135,-0.01273908961882177,0.0,0.016260439555184567,-0.006430828175436578,0.0,0.011468915219740777,0.019182751025275502,-0.0028777620056794286,0.005333301751390802,0.037387617249215035,0.0,0.0026489625395926387,0.002395075291563571,-0.00995032141084811,-0.0082988483308456,0.0,-0.016997514529217828,0.005453463246321294
2025-08-19,-0.03966520821131093,0.010309337638095346,0.008152265199497277,0.006201574786447205,0.004796179976890046,0.002042938991417522,0.0,0.021506092949740468,-0.006734076900181866,0.00644749427529416,0.015584777336566678,0.004106729846822191,0.002171602614425989,0.022839502325106956,-0.007772111388617228,0.034685487725800206,-0.007407500559563062,0.005500838458385048,-0.014598798543697052,0.0013879379098186801,0.016667035927216762,0.018996429182023544,0.022941510960714832,0.01273908961882172,0.0043891051546871805,0.0,0.0,0.007315319348583461,0.006121763630672265,0.0,-0.008683167680148136,0.005305008473697918,-0.009216647948370543,0.003710593765061165,-0.021391217455809353,0.0047733546481460234,0.0,0.0,0.0,0.044700193955344775,0.0033257963245797205
2025-08-20,0.01149433514875245,-0.0051412894534237285,-0.00406779075515589,0.0015444225944367942,0.0,0.0,0.0,0.0,0.020067614804152884,0.005128218755189374,-0.005167964264745197,-0.016529293642997107,-0.008714636859761656,-0.016260505440709436,0.0012995325405269777,-0.005697997677816178,-0.003724338472137312,0.01699761191614379,-0.009852275462264986,-0.015374168220264337,0.008230491061099875,0.11658754952840449,-0.010362696979327688,-0.01273908961882177,0.004370065465274695,0.03369989794708434,-0.006472532197435487,-0.004382810359146353,-0.0193668948316684,-0.005012598014552822,-0.005830830458003199,-0.008501554018134915,-0.01869223183432193,-0.030077573256623833,0.0,0.007117523202444587,0.0,0.0,0.0,0.021622406667855365,-0.0012773707965140282
2025-08-21,0.0,-0.015584776351570698,0.012154065535160359,0.0030817078320574966,0.0011954444839207446,-0.002042938991417648,-0.00224463728239531,0.014084755448644423,0.05789396985236251,-0.011575713030483503,0.0,0.013450753450651987,-0.0065862348302597375,-0.026579579284412787,-0.0012995325405269615,-0.02898749004798405,0.007434947619304926,0.033152190174393845,-0.0049627479711398595,0.0,0.01626050511169458,0.129936495393175,-0.010471309379585314,0.14310085382950188,-0.0102266152827356,-0.005865042153200375,-0.006514698944277689,-0.001465143210109795,0.011489275457060813,-0.003019502828961576,0.005830830458003105,0.008501554018135009,0.018692231834321945,-0.027080970503781943,-0.019100111586271347,-0.023924618140555652,0.02955877446462218,0.024692649225322078,-0.012270080925744142,-0.021622406667855237,0.0029298462016301226
2025-08-22,0.022599815035662035,0.005221832450786355,0.0013413780844000517,0.0061349148712210085,0.004767656244221951,0.002042938991417522,0.004484359557645102,0.020762056995760222,0.024692625581523332,0.007731969936276305,0.0,0.020346621539275953,-0.008849600034833588,-0.0033726974790184226,0.0012995325405269777,-0.017804701358634312,-0.011173299587783155,-0.009391740212122052,-0.01000012347654958,-0.005649713707423219,-0.016260505111694693,0.012526256010427495,0.006295893857020352,0.021978951350272665,0.004395677729609062,-0.011834495551014358,0.0,-0.005882353397414031,0.001755855743935447,0.0,0.03989134908268184,0.0052771173855855995,0.0,0.007812570826710021,0.019100111586271274,0.012033740289965018,-0.009756165867939072,-0.02469264922532205,0.0,-0.005479467572009935,0.00288369190925031
2025-08-25,0.016979458006783254,0.03077175088450244,0.005347591467118286,0.0030534785026316933,0.01064469131821348,0.005089059552302351,0.008908837856246233,-0.027779681590866044,0.018127357476721784,0.00767270668175874,-0.0025940640502109228,0.0,0.011049870643681297,-0.027398997007929454,0.0,-0.006006075681457152,-0.007518801188737514,0.020202734696708528,0.005012561994882442,0.008462610851460882,0.0,-0.05764673051779623,0.0,0.06317890294372859,-0.007336829685307963,0.011834495551014368,0.006514698944277594,0.011730306966670085,0.0,0.0010074472979677077,0.022100348131657885,0.0,-0.011641537695580859,0.0077519114786026916,0.005390888721727723,-0.0023950752915637115,-0.029852934817110672,-0.00836819497463854,0.0,0.021739993749337702,0.0031125681959997585
2025-08-26,-0.01709440657326652,0.0,-0.013422982882243225,-0.013814523800346857,-0.011834564792527615,-0.010204150161799822,-0.02015761227948104,0.0,-0.018127357476721822,-0.002551053941330154,0.0,-0.008089018794239846,0.004385964221412164,-0.028170901090501292,-0.030325358225433606,-0.024391353288120414,-0.007575762108259533,-0.005390887613222361,0.014888610972683541,0.005602237224136634,-0.01652928566578902,0.036920613183971294,0.004175415522564792,-0.031090619081118393,-0.00294982785393308,-0.011834495551014358,0.0,-0.02061926613156173,-0.03571806353464562,-0.013178078222433129,-0.022100348131657847,-0.0212773260525632,-0.04062690770173977,-0.003868396088002522,-0.0189964404623214,0.0,-0.010152361634350938,0.0,0.0,0.0,-0.013103029074812075
2025-08-27,0.0,0.024938901102692184,0.00807539141512496,0.0030863852623357374,0.007117508872403224,0.004094142813663118,-0.02057208390276821,0.0,-0.024692625581523475,-0.0025575164503964165,0.0025940640502109687,-0.0030503684294501676,-0.013216028020540756,0.01418460441248444,0.01593669817080098,0.15942765957747992,0.011342274868713328,0.017361977847017276,-0.024938924993493667,-0.01832323250347239,0.024692588360841736,-0.0303053384213638,0.0348037979479744,0.05129330693589695,0.00294982785393314,-0.0039762265626738106,0.012903360372872121,0.002971798838368062,0.030441132204873822,0.007117506785555702,0.0,0.0,0.02171383000163359,0.022989607965604137,0.0,-0.004807661397279207,0.0,0.008368194974638579,-0.012422508040835292,0.010695228520620223,0.003988059148694883
2025-08-28,0.0,-0.02493890110269217,-0.0013413780844001703,0.004611907239950795,0.029122649336297483,0.016210982061139863,-0.011614479151455121,0.0,0.1397619456834645,-0.0012811842012675201,0.005167964264745214,0.0020346124631331103,0.0,0.0,-0.015936698170800883,0.02597551203910581,-0.03442031302823449,0.019777508510371248,0.0,0.002841007350555905,0.0,-0.02898754934309543,-0.006054378564366823,-0.04082201687199717,0.0,0.011881366863417283,-0.02291429880552107,-0.002971798838367979,-0.03957361078262465,0.018072822125353962,-0.0140648864704885,0.0,-0.021713830001633603,-0.022989607965604102,0.013605551740593707,-0.004831003601122116,-0.02061932901721874,-0.00836819497463854,0.0,0.005305054262680241,-0.0005291925715424944
2025-08-29,-0.011560780854287075,0.024938901102692184,-0.0026881661519976576,0.0030627527954286515,-0.016204113092490487,-0.005037784787836855,-0.0023392654363146273,0.0,-0.05014977612362976,-0.001282952088764735,-0.005167964264745197,0.0,0.0,0.0070176002015556955,-0.006715809050150293,0.059719181052113726,-0.0038986717823033604,-0.010260772627925765,0.02985289893588218,-0.004264508124099506,-0.04149979086457453,-0.020572154579185816,-0.004056843527689377,0.02061932901721869,0.0,-0.005922940237464153,-0.020067538831380245,-0.018018529638750398,-0.02885248186079016,-0.0009956108768404913,-0.008534876062017265,0.002148020555816365,-0.017220554630659832,-0.06402181180516582,-0.005420041057301628,-0.007290490282851306,-0.031748668271916365,-0.016949651523318877,0.0,-0.010638402292773018,-0.0075580583578117805
2025-09-02,-0.0058309341316883844,-0.019901153413311293,-0.025904718959279968,0.009132528807751714,0.0034945485663903132,0.01603249894167747,0.0070012104699379634,-0.014184651412004253,0.0,0.001282952088764724,0.0,0.0,0.0,-0.031974256135207234,0.0,-0.024451058611443678,-0.023716428744527215,-0.007662841812903303,-0.009852275462264986,-0.014347436747304763,0.01680720250373278,-0.028104933210173346,0.02607969881668493,0.0,0.0014716927877253985,-0.0019822000632792798,0.006733996480220852,0.0030257499543623685,0.028852481860790175,-0.0019939014999788016,0.008534876062017246,0.003213877886072615,0.0024782246477129603,0.012320532163223884,0.00811911812391788,0.02171381361725576,0.0,0.0253178464979574,0.0,0.015915461405203887,0.0010025675412630363
2025-09-03,0.01739171498597555,0.024815182912860532,-0.0013820963332464506,0.0,0.0057970549124919885,-0.007984119687158557,-0.009345843268540016,0.0071175205584656995,0.0,0.00638975459299399,0.005167964264745214,0.01612937401884334,-0.029248431835653885,0.017889547006743195,0.005376303691593929,0.019608515213029067,0.007968136507069547,0.0,0.009852275462265052,0.010064735766251517,0.03278979077748378,0.021152488493334825,0.042642104235152724,-0.041672718399676796,0.01604691581943994,-0.0019860391597850036,0.0330063645524131,-0.010630271383551316,0.009132478577750893,0.0009973979349279603,0.022409901593400453,0.0,0.00739845006495584,0.008130056692332239,-0.010840161365810883,-0.009592319733282301,0.010695278889458152,0.05669526877200952,0.0,0.010471303827607553,0.0011536872726148487
2025-09-04,-0.005763649508845342,-0.024815182912860462,0.00963535453394141,-0.015267443678972743,0.0023094449426512933,0.001001520701200254,0.0023446327986021863,0.007067130853538524,0.033711007375665625,0.0,-0.005167964264745197,-0.004007970595316684,0.015855289161561786,-0.01069533084083092,0.0013395053585562853,-0.014670253646752618,-0.007968136507069552,-0.0038535121620974725,0.004890005081886959,0.0028572418483835283,-0.024490996172794488,-0.023530585532833728,0.0018957552567933878,0.02105338938245812,0.0,0.005946420695214274,0.025642450835707372,-0.003058135558097166,-0.00913247857775098,0.0,-0.016760255968914062,0.0,-0.0073984500649559425,-0.016326855615562245,0.013531973020922426,0.009592319733282362,0.0,-0.040165975028629626,0.0,-0.005221945950940458,-0.00023442115503428756
2025-09-08,-0.005797131345441776,0.0199011534133112,-0.004118044859737,0.012232576521484646,0.0,0.0010005186609657738,0.0023392654363147305,0.0,0.016438768747964197,-0.006389754592994003,0.0,0.004007970595316668,-0.011299480704704084,0.0035778353552548318,0.0013378459537154988,0.02433212495359847,0.0119284733673386,0.008117966901353099,0.009708793461810042,-0.00715822048761001,-0.008298794604689195,0.04879009308637368,0.0,0.02061932901721869,0.0014461537683033625,0.011787897632568226,-0.03215717727793099,0.01971250468396105,0.01547596706317317,0.0009965035650509498,0.002813002351165066,-0.00859297689225494,0.026863768321965787,0.016326855615562273,-0.010810929779029286,-0.002389583044439399,-0.01069527888945819,0.008163355481942174,0.0,-0.005249357876667129,0.004703265846082225
2025-09-09,-0.0058309341316883844,0.009804088726704189,-0.0152464082545831,0.010582020649033795,0.0023042380238881294,0.003992094213975456,0.002333689230788413,0.0,0.03208826719049032,0.00128118420126746,0.023048400421480267,0.004987599604050488,0.009049819580263328,0.03163712250620054,-0.005420025712555865,0.019048118002694157,0.003944810026658716,0.02209447749528395,0.023867460579487954,0.0014356921435856934,-0.008368241322527534,0.0,0.015037855566438075,-0.01025649013484849,0.0028860485362454174,0.0,0.025807983816293865,-0.016654369125863926,0.008097152169652967,0.0009956108768405074,0.011299564608282707,0.0032310784503659855,0.011976037757457193,0.012072528924189354,0.0,0.01660782852241887,-0.010810905654593653,-0.02469264922532205,0.0,0.0,0.0007691922987040968
2025-09-10,0.011628065477130023,-0.009804088726704213,0.006959021486501856,-0.006033128376036726,-0.011574192500272383,-0.006996658326716904,0.0023282558028346664,0.0,0.01566609416816586,0.005108570391726629,-0.005076147187776826,0.0049627505175919425,-0.018182286911410793,0.006896605660388415,0.0013577463526437746,0.018692234785206464,0.0271860765810009,-0.006263029523760575,0.01869220853404321,0.0028652864956406074,0.0,-0.03226085325440546,-0.013145687398468062,0.010256490134848532,0.022793009724596046,0.0058423903916539925,-0.01282077739651907,0.006088281530163061,-0.004535099167619024,0.0019880546653130485,0.008391681521541381,0.005361898441889039,0.0,0.046883578311892014,0.0054200410573016,0.01293385255567831,0.010810905654593712,0.0,-0.01257876994641129,-0.015915461405203935,0.002479854575657044
2025-09-11,-0.01749319891302229,0.004914029499549277,0.004152173427123451,-0.0015140251155089073,0.0011634546212410755,0.010288242990923204,0.005941681669001435,0.0,-0.036943439562731675,0.0,0.0,-0.004962750517591978,0.015927443565999948,-0.02083416782688446,-0.002717405372578911,-0.004640301564802979,0.0,0.0,-0.013986240364011502,0.004282700981053171,0.0,0.0070013457008656285,0.0,0.01015236163435085,0.00701761071497763,0.0,0.006430856244890291,0.0030303342475170502,-0.028586539540271943,0.0,0.002781628223058762,-0.004324463556007659,0.0023782065334849102,0.003809638038113934,-0.0005461792990257592,0.011614453177869149,-0.010810905654593653,0.0,0.012578769946411373,0.0,-0.0049785989366174805
2025-09-12,0.011696067567580622,0.01459878385498549,0.017796520420050102,0.01538491178082274,-0.005830856804789797,0.01018337263788244,0.007083935846549936,-0.007067130853538568,0.03694343956273165,0.0025445010790072576,0.014093773235988568,-0.006989625674915624,-0.004524886877637613,-0.007042310362630337,0.006779684732491138,-0.00980409526965393,0.011428787787721629,0.024820228117550736,0.004683925724173981,0.09634564758340879,0.0,0.009259226177917674,0.0037735384254854697,-0.010152361634350938,0.013889120080320562,0.005808265048105506,-0.006430856244890323,0.012030185982405574,0.01669798883004016,-0.0029836655421536873,0.008298826361198377,-0.00652164398456053,0.0071005309330378135,0.011342320290376512,0.0027285161051752594,-0.0023120574008007252,0.010810905654593712,0.0,0.0,0.0,0.01085787480249591
2025-09-17,0.017291469305671624,0.005813986228695187,0.02014851170450114,0.0,0.0011688944444300479,0.007067107721019603,0.01169605848923844,0.0,0.035627229053882305,0.012626406358183993,0.012642385841548441,0.005993996942976353,0.0022650578022866867,0.03813293486990519,0.016086145502516764,0.04338025410425261,0.02985293069176489,0.0,0.01392133585891895,-0.08289579506811064,0.024897526988316567,0.02502970111974331,0.007504714965987894,-0.01025649013484849,0.015058426401428484,0.009606221623809152,0.019169970858156367,0.004474249307853547,0.05547037429933155,0.001990132254584763,0.010959022405411472,-0.0021835804598454934,0.02561269696644753,0.0,0.02156412424227197,0.025144054658545578,0.021277378208016763,0.0,0.0,0.00533334803009278,0.007204613253853565
2025-09-18,-0.005730688451384665,0.023867433421530714,-0.00034143633643106625,-0.00766286924338946,0.0023336979143507262,-0.0060545005169157316,-0.01169605848923843,0.0,-0.00501251398722661,0.005006331400181335,-0.017744385176903788,0.005958379249531228,0.0,0.006779713251451596,-0.005333370373529249,-0.00947872225628765,-0.007380076883352776,-0.030069551156208286,0.0,0.00711753760653582,-0.01652928566578902,-0.027336482580822496,0.0,0.0,-0.0068166300728317655,0.0038167797097594545,0.025001245495400365,-0.011976231919716248,-0.0017421047314115903,0.0029776434321559316,-0.002728566832684643,-0.0010933673680402721,-0.018562002827706408,-0.003766591011066171,-0.008032176415772791,0.0,-0.021277378208016652,-0.025317846497957312,0.0,0.0,-0.007954803125986645
2025-09-19,0.0,0.018692185869316796,-0.012371366233708178,0.0015372786141467688,-0.012903380774365744,-0.008130114734352671,-0.002355740551213906,-0.007117520558465665,0.014962850264705969,-0.0012492351217638965,0.0025542534638008075,-0.0029747518459200227,-0.013667614490648992,0.02006755924246935,0.005333370373529277,0.02353061241094372,0.003696891412395533,-0.00295176729452731,0.0045976706074938095,0.004246235642615091,-0.01680720250373277,0.016037048017841428,0.00559187254119755,0.010256490134848532,0.0027322173488063552,0.0,-0.031350438957037645,0.007501982611862775,0.002612106097553673,-0.0009916620327454163,0.005449642481290438,0.01196316121175966,-0.02369782955143851,0.022388990395605806,0.018642361702934047,-0.009070361165147086,-0.010810905654593653,0.0,0.0,0.0,-0.00043793444550286665
2025-09-22,0.0,0.0,0.01100425132077404,0.006125590629242613,-0.0011814395898227593,0.004073319690120272,0.007050638195522876,-0.014388572391274767,-0.009950336277479453,0.0,-0.0025542534638007862,-0.004977572306271929,-0.00459770102036342,0.003305720636564207,-0.009352115543820287,-0.023530612410943688,0.003683185470957326,0.018617866729952755,-0.004597670607493847,-0.004246235642615128,0.008438961181205244,0.004535106561344266,0.018416743787366407,0.020202687854778384,0.004084412724025388,0.009478836796619428,0.018928062283430146,0.002985105327198695,-0.030907589391801635,0.0009916620327453587,-0.0027210756486057857,-0.010869793843719272,0.00954660447965959,-0.029964719674916276,-0.010610185287161159,-0.020714130404856264,0.0,0.0,0.0,0.0,0.003192177448262534
2025-09-23,-0.011560780854287075,0.0,-0.002739714216993398,0.003048781463412211,0.0011814395898227408,-0.00203458585483172,0.002339208836282203,0.021506092949740468,-0.030459161673200282,0.004987543920680715,0.0,-0.0009985139713364316,0.002301436938486699,0.006578996884397716,-0.006734029958696418,0.04652013063564243,0.007326098729548556,0.001035646267473926,0.0045976706074938095,0.0,0.024897526988316567,-0.0090909841568603,0.0036429420275192787,0.01980260859668314,0.0,-0.00567647615040939,-0.012578868821792837,-0.001491512776540287,-0.013544235563440228,0.0,0.0,0.007621233101564248,-0.004761852628327379,0.0,-0.008032176415772791,0.022989472566205957,0.042559573926509976,0.016949651523318773,0.0,-0.00533334803009283,0.00013101977751242227
2025-09-24,0.0,0.018349189603279324,0.0,-0.004576664945313583,-0.00710907498791182,0.0010178602737527548,0.00466195200864731,-0.007117520558465665,0.020408820285805346,-0.003738308798916779,-0.0025608563749014595,0.0009985139713363457,-0.009237924894799075,-0.009884717520961955,-0.016349146007945833,-0.027651576470989567,-0.007326098729548626,0.0,-0.009216691826575156,0.0,-0.00823049106109974,0.015855312158497104,-0.010969059720930069,0.009756165867939136,0.0,-0.007619140355969284,-0.0063491934616372635,-0.008995575162521172,0.013544235563440194,-0.0019841101445870336,-0.016484004189493605,0.0,-0.0023895717821738505,-0.0038096380381138603,-0.010810922515232722,-0.022989472566205888,-0.010471290063899706,-0.008439016688430773,0.012422508040835311,0.00533334803009278,-0.002428823873525697
2025-09-25,-0.0058309341316883844,-0.022989469611310483,-0.00688237366662836,-0.0045977071473414215,0.01064469131821348,-0.004077471703621346,-0.004661952008647329,0.0,-0.02040882028580535,0.0012476764802817938,0.007662855710256809,0.010918253089045437,0.0023175504044713863,-0.00998348276265564,-0.0027510459840511094,0.04567003884838849,-0.01855337647113591,0.0,-0.01869220853404321,0.001417393134483644,0.008230491061099875,-0.006764328001636739,0.007326117693410698,0.0,0.0013577284061295403,0.0038167797097594545,0.012658406234743387,-0.006042297719034139,-0.008104418860227783,0.0009924481118416936,0.013755437356808906,0.0,-0.012033801359589518,0.007604723679132231,-0.005449541416441805,0.0023227988094603703,0.0,0.008439016688430822,0.0,0.0,-0.0007442246123039785
2025-09-26,0.011628065477130023,-0.023530676999514794,0.001380255697889659,0.009174372092654981,-0.00471705592012438,0.010162674399296745,0.013921269562421613,0.0071175205584656995,0.07924923598273996,0.002490632318635014,0.0,0.0019723142616984257,-0.0023175504044715034,-0.0067113790007951625,0.0041237024589882085,0.008888926427065088,0.011173299587783129,-0.0058139016503995855,0.004705968170031648,0.004240303004912925,0.0,0.028987549343095352,0.012692786231329833,0.0,0.01748531914681481,-0.0019066158326451594,0.01869203272229435,0.010550237463728922,0.013471162142093913,0.007905209143225869,-0.005479436801886763,0.003248560742154982,0.009638621290431072,-0.015267531497847965,0.0,0.011534186190791492,-0.021277378208016652,-0.016949651523318877,0.0,0.03141627017542008,0.006597069656392109
2025-09-29,-0.005797131345441776,-0.009569362355517646,0.016416224493313904,0.00909096759358308,0.010582228005407741,0.0020201998042781123,0.002301523142864649,0.007067130853538524,0.055569995306682836,-0.0012445709113796388,0.005076162220387221,0.007850870820955366,0.01153418897667578,0.0,0.0013708420138672105,-0.008888926427065041,0.003696891412395533,0.010976583674743665,-0.009434070157997418,-0.007077240010837816,-0.03333648816952178,-0.04495144999648645,-0.0018034461225246196,-0.009756165867939072,0.013333566266852769,0.0,0.030397465362349482,0.0038125120734062634,0.007111175606245146,0.00392934172448736,0.008208003634571338,0.0043149231927394425,0.0023951800691584713,0.02656703704874866,0.010869612108616677,0.002290980209558973,-0.021739965507499924,-0.008583791501463444,0.0,-0.010362852972701227,0.0011800637044881816
2025-09-30,-0.01169606756758061,-0.004819299927783878,-0.004078843590846319,-0.004535153120892391,0.006992959372276126,0.0,-0.004608355516172031,0.007017624595105809,0.03540183835255475,0.0,0.0,0.006819394783381657,0.002290891990419147,-0.01697831915005789,0.0,0.017699535487287404,0.025502231581290998,-0.009104066069724774,-0.004750680806409728,0.005665779514056212,-0.008510681896768226,-0.02797377813111208,0.019660995127267787,0.009756165867939136,0.0,-0.0038240777293294787,-0.018127362584299908,0.006069769855973713,0.01581756440613669,0.005865165245024607,-0.013717697624341324,-0.004314923192739368,0.007151424410501162,0.0037383366947934624,0.0,-0.006888636196703052,-0.011049891497366387,0.0,0.02439143007312866,-0.015748362940038507,0.0005771658756048245
2025-10-01,0.011696067567580622,0.01913927869815854,0.014875183536334756,0.009049831449339059,0.009248635311544948,0.004028197057620184,0.006904593811131684,0.0,0.017241816387700015,0.002487594791196818,0.002528420387630278,0.0009704140639011144,0.011376722500229834,-0.003430548260802402,0.0,-0.022173859394263667,0.010929060090223559,0.012188882269290213,0.0094787827943755,-0.0014133863875524873,0.016949643077973472,0.0047169394445505984,0.008810638661308521,-0.009756165867939072,0.05036570255443926,0.0,-0.006116269813259214,-0.00911860095907935,0.01299282953409018,0.013552847200768384,0.016438773272947113,0.00539085600639449,0.011919024223680753,-0.0037383366947935383,-0.008141096003441418,0.00688863619670294,0.032789857004866425,0.008583791501463366,0.0,0.020943181766519065,0.005561836460646822
2025-10-02,-0.0058309341316883844,0.10772736455951783,0.019934183079048852,0.02080311841109952,0.0,0.0030104857010738646,0.0022908657893413215,-0.007117539260990695,-0.017241816387700032,0.0061919880749448045,-0.002528420387630268,-0.0038873193025848116,0.037740315751626424,-0.0034423574457723774,0.006825962786650662,-0.004494324707402116,0.014388723877542623,-0.00287884952606236,-0.014252022149691866,0.012649405650026788,-0.008438961181205271,-0.0023558022783493654,0.01911443182401954,0.009756165867939136,0.03951139157053083,0.005730693561974656,0.018237640286387653,0.027110084411652725,-0.001722682877532065,0.008616636485729853,0.005420104775347577,-0.005390856006394365,0.02110281250914685,0.0037383366947934624,0.002721025311266688,-0.0022909802095590144,0.0,0.0,0.0,-0.005194818826480494,0.010390868551106516
2025-10-03,-0.005865133435892159,0.0042463031014638355,0.010471313398812293,0.0,0.0011500738988830745,0.002001999918053738,-0.0068886272271655065,0.0071175392609906215,-0.008733631679096923,0.01348885304614238,0.002528420387630278,-0.016691603564205175,0.0,0.0,0.0054273801358992405,0.0,0.0,-0.0010302578525304045,0.004773239355316455,-0.007007669168437452,-0.017094417683034165,0.009389866849297344,-0.0034482327164368958,0.009661902008877073,-0.01586369912280234,0.0,0.0119761275289797,-0.013463212053875063,0.007728598661393776,-0.0009537351601850039,0.002698976733785919,0.0043149231927394425,0.0,0.0,-0.005449541416441805,0.009132487565953874,-0.010810905654593653,0.0,0.0,0.010362852972701194,-0.0016743709077548287
2025-10-06,0.0,-0.017094378542311335,-0.0013028610531029886,0.0044020594743784,0.005730612715246517,0.0019980978364285084,0.006888627227165458,0.0,0.017391751918285767,-0.013488853046142266,0.0025221044943851438,0.009852219935831304,-0.008752775733203013,-0.020906766308332058,-0.005427380135899191,-0.018182275170186758,-0.018018488472779644,0.0028819718456366884,-0.028987476328809447,0.00421047793503471,-0.04405994813188329,-0.01886851005985342,-0.006932426497390525,0.0,0.02670060343009647,0.0,0.005934849901849275,0.0060060464265810675,-0.01464907516727463,0.0028585759729385365,-0.002698976733785843,0.012834377782006651,-0.02823714324896731,0.0,0.008163248903822879,0.0,-0.010929059852906334,-0.01724179839687098,0.0,0.0,0.0018513713513888179
2025-10-07,-0.011834486113402144,0.01709437854231119,0.0,-0.005873729439965783,0.0011423056817571563,-0.007010583455555914,-0.0022908657893411706,0.01408470672749602,0.008583696148511148,-0.0061919880749448375,0.0,-0.004913976737279489,-0.0022002706088476384,0.0070176002015556955,-0.012320507259505942,-0.00921674434479919,-0.010969020852107306,0.003693014570804062,0.024214236973493036,-0.0056179653026367056,-0.009049826732992521,0.02353058553283369,0.0,-0.009661902008876995,-0.01934773893356541,-0.005730693561974654,0.0,-0.0060060464265809695,-0.006094901261282749,0.0019011244773430168,-0.01634918405852486,-0.0074665661557999806,0.004761909164848319,0.0037950734268708255,-0.008163248903822891,-0.0022753421613496212,0.0,-0.008733728547093875,0.0,0.0051414010916622736,-0.004932470580334501
2025-10-08,-0.005970181475390016,0.004228348226411142,-0.0013046895997284142,-0.0014738389705263879,-0.0034306114874883983,0.005012485619127441,-0.00459776143782423,-0.028370629866651925,0.02531787301936153,-0.007481365462835327,-0.005050524882015359,0.014670265604337018,0.002200270608847659,-0.010544954636966005,0.0013764353138309225,0.0,-0.011090675941079016,0.016653518659403083,0.004773239355316455,-0.007067098369049949,0.0,-0.009345874528988395,0.010380659213827319,-0.009756165867939072,-0.011049670863449398,0.007633774675396773,-0.0059348499018492115,-0.006042337093439719,0.004357337208159127,0.005870791101060412,0.0027435383317950222,-0.0010713224665632305,-0.024039595761929364,0.01129956251840495,0.010869612108616677,0.004545518891647579,0.0,0.017391735442501336,0.0,0.0,-0.001553342429902889
2025-10-09,0.017804667588792206,0.04132821327222703,-0.011818858075025472,-0.0014760143784327854,-0.00344230690951544,0.0,-0.011587633815430357,-0.007220230548584585,-0.03390156916787264,0.014907056027788808,0.012578774556243837,0.003875924690200955,-0.00661528123061155,0.017513651113427363,0.004118109159024233,0.022884295351320277,0.011090675941079061,0.002614859064104385,0.03279001254750003,0.008474585736651979,0.16705402630896798,-0.004706067793289267,0.006861080595762955,0.009756165867939136,0.0,0.003795051833714535,0.011834540344603562,0.0060423370934397196,-0.013129213976577805,0.0,0.016304622460515734,0.01277970340971643,0.014492993113220902,-0.0112995625184049,0.002699058567552538,0.011274108049719164,0.10426097206226152,0.1442497325322905,0.0,0.020305211866556493,0.001332472199551931
2025-10-10,0.011696067567580622,-0.012220047076854958,-0.009290066469696455,-0.005925940649488763,0.008259724289891296,-0.005012485619127416,0.002328316261656012,0.0,0.008583696148511148,0.0024631461526143984,-0.01005035416861356,-0.010695319473582578,0.0,-0.00696869647646129,0.013605647519141692,-0.0228842953513202,-0.022305735765589314,-0.020292935964499492,-0.013921335858918901,-0.001407487367602054,-0.04725284047984155,-0.009478643210556085,-0.005176814916171847,0.0,-0.013673415022724815,0.011299498709413026,-0.02381066787358314,-0.004528271398698374,0.0017604203572929562,0.006806055017018232,-0.01356872399042395,0.0021142305562945082,-0.01449299311322081,-0.022989533260465562,-0.013568670676169127,0.0,-0.030153009265626557,0.007434929997343368,0.0,0.0,-0.004563492780998475
2025-10-13,-0.023530553680982738,-0.020704630195964954,-0.009377248181190375,-0.0029761913523116464,-0.008259724289891414,-0.002012070233739586,-0.018779994335788273,0.014388614426749732,0.01694967023967542,-0.00369684864262311,-0.002528420387630268,0.003902489544697988,-0.011123620378065998,0.0,-0.013605647519141709,-0.0186922026273892,-0.003766479074943084,0.020694651656557223,0.0,-0.005649705234566186,0.023905498144139267,-0.01680705409140581,0.0,-0.02955877446462216,0.0,-0.007518794859930424,0.0060059921111714105,0.0030211248117060397,0.011368793619284856,-0.008759221271640173,0.008163333965536868,0.0,-0.004878053631136817,-0.007782145610599857,-0.008230503540428133,-0.020385792136412142,0.05942336432827762,0.04348509110775976,0.0,-0.015190171050027899,-0.004361513982262504
2025-10-14,0.0,-0.02972626276812967,-0.010825492716581953,0.004460898220965726,0.0011841131649404433,-0.001007604767323895,-0.002372391471705103,0.0,0.008368202779686043,-0.0024722202268492154,0.002528420387630278,-0.0019493410954762162,-0.008988809334394764,0.05111848726059693,0.0,0.0,-0.01520949484440939,0.024790484158304624,0.0807612352433996,0.0014154561205787976,-0.03200270056078121,-0.007290472281843463,-0.01745250914520747,-0.08338159079850715,0.007481339558884709,-0.015209530358593909,0.023669835838190018,-0.004535190506447499,-0.013129213976577805,0.00195316625462194,0.008097167534676628,-0.020267409689249814,-0.004901965730517207,0.019342882191761036,0.008230503540428027,0.006841507356394867,-0.04927100269392679,-0.028778950864801638,0.0,-0.010256441908190722,-0.0023119844068117896
2025-10-15,0.005934820582129754,0.02972626276812969,-0.0013614639188701467,0.0,0.005899738230319114,0.0,-0.0023781495006536127,0.0,0.00829875669891746,-0.004962791727912734,-0.007604582608017354,0.0,0.01122349767315312,0.12183536854345432,-0.01657497313631776,-0.00472807317037212,-0.01156081177920181,0.005859431257428918,0.008583778272919163,0.004234249113987302,0.01612936642298423,-0.0048900510269949005,0.0035149205221800322,-0.021978951350272766,0.002481314193948625,0.011428826509111447,0.01162797562179244,-0.0015162139770518992,0.013129213976577807,0.006806055017018232,0.021277416414129887,-0.0021574590858205946,-0.007398359101006512,0.0038240992910511624,0.0054495414164417895,-0.02531779120381787,0.03960910068504969,0.0,0.0,0.0,5.590295430380363e-05
2025-10-16,0.011764798967164767,0.044997292608767975,0.0,0.0014826530462400459,0.0,0.0,0.004750540972358626,-0.0071683838781651694,0.1020492626137127,0.019705021417205593,0.005076162220387221,0.004866246334159818,-0.002234688338758433,0.020379170168811824,0.0027816556666365446,-0.004750649085915515,-0.0077821332224999465,0.01928703074440522,-0.004282732017422039,0.005617965302636573,-0.00803216400634236,0.004890051026994981,-0.0141345088429871,0.0,-0.0037242839618120134,0.009088762880572022,-0.0057970151599855396,0.0,-0.030907589391801635,0.006760045598353761,0.0,0.02558780562047824,-0.00995032141084811,0.03745767955375684,0.005420070692174796,-0.00936775395194646,-0.02955877446462216,0.014493000361491048,0.0,0.01025644190819083,0.0004590737922458759
2025-10-17,-0.020741535174917187,-0.04082201065649001,0.0,-0.0029673599148942326,0.00469487962330024,-0.0030287218608347575,-0.004750540972358738,0.0,-0.03802746390654173,0.007290525078947191,0.012578774556243837,-0.005842343710238557,0.002234688338758469,-0.029241891807184228,-0.006968666935857114,-0.0047732099723035585,-0.01178794470869139,0.0028612145377905074,0.004282732017421978,0.001399607837506635,-0.016260505111694693,-0.022195732685118767,-0.02158352490059125,-0.09309040529768935,0.031826444121219655,0.0,-0.011696120537585375,-0.006088321287286175,-0.0035938674186020434,0.008624821785932619,0.007863695182298576,-0.01591547672334351,-0.0125787701350334,-0.014815095151142661,-0.002706363204793707,0.014018871399018909,-0.020202687854778488,-0.029199140604449215,0.0,0.01015237518676046,-0.0031744290180809515
2025-10-21,0.017804678380562166,0.044814043112102415,0.0013614639188701714,-0.004467689457402315,0.0,0.001010560501838269,0.016529374463217606,0.0,0.0,0.007237641364830979,-0.007528249674228391,0.013579322025786371,-0.011223497673153142,-0.00595242178974212,0.012508804811761564,0.009523859058219099,0.007874049039800558,0.041964227374791684,-0.004282732017422039,0.004187040257269469,0.03226083119837014,-0.010025160251672962,0.009049822975167833,0.0,0.0,0.009478770962727617,0.0116961205375853,0.010630304263889542,0.014298793257453958,0.0,-0.007863695182298657,0.007458817506982905,-0.007623917719745089,0.00743498320520808,0.005405421772346123,-0.002322798809460516,0.01015236163435085,0.0147061402429581,0.0,-0.015267416003288958,0.005986291067379485
2025-10-22,0.0,-0.020121460039234422,-0.020619322182166968,-0.00448759028573716,-0.0023446280139996717,-0.004048582897475217,-0.01415122496256391,-0.007220230548584585,-0.007782097677712092,0.020226712029262094,-0.002522104494385109,-0.0019287572714599811,-0.004524886877637613,0.026511157410846056,0.015079142380427527,-0.009523859058219066,-0.019802608596683105,-0.011019397795212146,0.004282732017421978,0.0055555430625095995,-0.01600032608667548,0.0,-0.0018034590686499112,0.0,0.0024066655539896633,-0.005676547748289952,0.0,-0.01215817550011402,-0.013399136991113617,-0.022190922401304627,0.0026281726720809463,-0.005322103309442196,-0.02061932901721874,-0.030077567607822212,-0.013568670676169127,0.01843370882370126,-0.020408851769199408,-0.022141070240301524,0.0,0.005115040816528565,-0.00878398395850916
2025-10-23,0.0058651137113246805,0.012121394910160031,0.01789453823310862,0.01340302417492731,0.002344628013999742,-0.002030454718959459,0.0,0.007220230548584504,-0.023716491615440115,-0.008279104315990778,0.005037803233531062,-0.008725126282771624,0.006779730223048405,0.0,0.021535184606499877,0.01895798264121205,-0.012072569651180464,-0.0027739096101659427,-0.004282732017422039,0.02597546209722952,0.008032164006342388,-0.0025221033302286794,0.012556270215481528,-0.024692588966579474,0.0012012218360006866,0.003787912708271244,-0.005830960461806937,0.0030534116426894965,0.008952676737130912,0.0038948311623493714,-0.00262817267208093,-0.010729626481304298,-0.007843170127777188,0.0,-0.01652937855176883,-0.016110910014240802,0.02040885176919942,0.014815077872763325,0.0,-0.025841240831832406,0.003307739789368945
2025-10-24,-0.017699630629052897,0.008000065129074403,0.005442163621034495,-0.0029630375631336165,0.0,0.006079037616434613,0.0023723914717051217,-0.007220230548584585,0.007968125588844249,-0.0035692948857329455,0.01000010146699749,-0.0009741955564749995,-0.0022548433454108656,0.008683156186080293,0.031457328324854934,-0.0047060504126209095,0.02794590378897739,0.0,0.0,-0.024591351672507856,-0.00803216400634236,0.03474299626702044,-0.019802634121999462,0.024692588966579433,0.0,-0.007590135922709032,0.0,0.00759306055261439,0.0,0.005813997080726235,0.013072076559610738,0.010729626481304226,0.01303798217937551,-0.0038240992910511945,-0.005571048454338222,0.002317638101997316,-0.010152361634350938,-0.007380147875420078,0.0,0.015584798923641658,0.0032720164413861373
2025-10-27,0.011834516917728159,0.03906748260024095,0.01079633994548848,0.004441233780834628,-0.0023446280139996717,0.0010096393024397394,0.0,0.0,0.03891539190939255,0.00830858503907933,0.0,0.018349071418042942,0.004504504469851603,-0.005780385258960302,0.0,-0.019048151156908562,-0.007905172057463813,-0.013047706114216013,0.0,0.004140806356875163,0.03174866827191641,-0.009804013423831295,0.0,-0.037271358912990785,0.0023981235175083437,0.028170866705522286,-0.023669835838190063,0.010534317825279338,0.0008908400018147797,-0.0009666239987865926,0.00776202756917522,-0.0074986646316042745,-0.005194812051598307,-0.003838779181756963,0.016620958313605487,-0.006968755549069796,0.020202687854778384,0.0147061402429581,0.0,0.01025644190819083,0.003162464729647413
2025-10-28,-0.017804678380562083,0.011428727438501414,-0.008086324419133605,0.0014760143784328004,-0.0011743787146688135,-0.0030318818746420183,-0.002372391471705103,0.007220230548584504,-0.03101015990602731,-0.009501263769753446,0.0,-0.0019156386017165242,-0.011299480704704084,-0.008733642872195491,0.014093796065547332,-0.009661888366779817,-0.007968162080333081,0.004679436568494138,0.0,0.002751020052562668,-0.023716504265574045,-0.014888632984337069,-0.0036429687271386834,0.012578769946411373,-0.008418598361186887,-0.009302419513984379,-0.012048274230833642,-0.010534317825279357,0.0,0.0009666239987865589,-0.010362795558800122,0.0,0.015504233340894498,-0.007721957399404146,0.0,-0.021202245206897806,-0.03045917798962703,-0.022141070240301524,0.0,0.0,-0.002982697554891319
2025-10-29,-0.02424358883756287,0.0,-0.0013540228529434746,0.0014738389705264273,0.0011743787146688452,-0.0010126072041039106,-0.004761851402291569,-0.014492972198384054,0.007843134023230601,-0.008388236910234463,0.0,-0.0038424151443547257,0.004535147159501564,-0.011764887017383915,-0.008945756004298538,0.0,0.011928559556882547,0.019418037211492777,-0.0043010462554971506,-0.004129407050201727,-0.00803216400634236,0.0049875484091968314,0.0,-0.01257876994641129,-0.003629713690134481,-0.01127831126882894,-0.012195358166725491,0.006033223041505915,-0.007149305586683927,0.0,-0.010471308569985847,-0.005390856006394365,0.005115095676324177,-0.003883502600614486,-0.013831554518843298,0.0023781519895415184,-0.010362838882370162,-0.03802751445891364,0.0,0.0,-0.0012526865735876802
2025-10-30,0.0,-0.011428727438501428,-0.009530384980993149,0.004408528352841246,0.0,0.0020242892744677023,0.007134242873996581,0.01449297219838395,-0.00784313402323068,0.0012026028133701487,0.009901029211167055,0.0048006465516540475,0.004514672420761929,0.011764887017383806,0.005121673423351623,0.0,0.011787944708691447,0.011834455145228634,0.0,0.00687287974960781,0.0,-0.017566317643572228,-0.014706144154627865,-0.03871455189064664,-0.006079149617151517,0.005655055588279279,-0.006153832964790315,0.001502544128435773,0.01689687123281998,0.004819246942352238,0.007863695182298576,0.0043149231927394425,0.007623917719745156,-0.007812544945797285,0.005555573230595105,-0.004761858530870842,0.0,-0.01562531130194644,0.0,-0.025841240831832406,0.0016491798596881871
2025-10-31,0.036148550899951566,0.003824107057141499,-0.0013689188545412897,-0.007358381701800441,-0.008249989839619653,-0.0020242892744678407,0.0,0.0,-0.007905232003365275,-0.015748379144785656,-0.009901029211167034,-0.01836680976262694,-0.009049819580263319,-0.011764887017383915,-0.005121673423351701,-0.004866237116556218,0.015504172207925323,0.02237229837444169,0.00430104625549704,0.0,-0.024490996172794488,-0.012739012472317481,0.0018500835804155264,0.0,0.0060791496171515745,-0.007547172495227137,-0.012422376673607554,-0.003007495771243209,0.0,-0.011605507080740972,-0.007863695182298657,-0.004314923192739368,0.010075642307076067,-0.015810616693685636,-0.0027739285710189467,-0.009592403279430955,-0.010471290063899706,-0.007905128444371511,-0.012121349147384575,0.025841240831832354,-0.0031333432160175058
2025-11-03,-0.0361485508999517,-0.034955113624156174,0.01630469571956049,0.010286640202353918,0.008249989839619627,0.008072686136366098,0.004728195295335972,0.0,-0.007968125588844193,0.01574837914478576,0.012361089287707076,0.013566163210972933,0.01129948070470407,0.0058997449797278485,-0.01813516738412982,0.00970879193169278,-0.01160553541609122,0.0017683361645306503,0.004282732017421978,0.0,0.008230491061099875,0.007662852450343831,0.016499029301351057,-0.08223810271852436,0.01204831205132128,0.013170428175776764,0.03077156780512335,0.004507931466487249,-0.007079709734656935,0.017358186569724363,0.02340815731174256,-0.0010816462379069716,-0.0050251313862273595,0.019724518629497603,0.013793397272966825,0.011976109820760217,0.0,-0.007968117769433994,0.0,0.005089071378290981,0.008212784398192376
2025-11-04,0.006116221220186421,-0.024001123824786794,0.01736848669631764,0.011628032954883145,0.010507915713778126,0.0,0.004705944628824246,-0.007220230548584585,0.0,0.002400991691394898,-0.007398291014017681,0.010531388368087567,0.01781792079533056,0.017493154140234717,0.0,-0.00970879193169265,-0.01568658150052533,-0.0017683361645305685,0.0,0.0,-0.01652928566578902,-0.036273394159137475,-0.009132558615982011,-0.22314353002683654,-0.008418598361186887,-0.00938967622881027,0.0,-0.003002979823679712,0.003546163788865224,0.015180597359192903,0.0025673818226119487,0.008620691838147872,-0.01778952431691793,0.0,0.0027359812788020233,0.0071175561029445285,-0.021277378208016652,0.0,0.0,0.0,0.0006654237195715357
2025-11-05,0.0,0.004040420995902595,-0.006644510027958838,-0.007251660258928846,-0.005824031511812788,-0.0030196750010634487,0.018605171965402467,-0.007272741649799497,0.023716491615440136,-0.008428754945982024,0.0098523140434391,0.0038022379430823496,-0.006644584965791038,-0.008708361699829617,0.0,-0.009803977464007942,0.0039447745809142575,0.026202479868010057,0.004264363298762233,-0.013793323062441791,-0.01680720250373277,-0.010610193703158048,-0.011070155805962092,0.06899290696590589,0.0,-0.003780751946966498,-0.03704122385381021,-0.007547288736247251,0.008810520178319622,-0.013270429632299359,0.007662832115456545,0.003213760840217227,-0.005141394458524434,0.011650624942858862,0.0054495414164417895,-0.014286020097544304,0.0,-0.008032215886105889,-0.05001044853181241,-0.005089071378291048,-0.0012018005129233935
2025-11-06,0.024097529080210435,-0.020367261455651837,0.0,-0.007304631196507693,0.002333572165602014,0.0,-0.018605171965402467,0.0,0.045809561584253825,-0.009720615890198432,-0.00738009061850178,-0.014333626311170014,-0.006689030964996287,0.0,0.018135167384129968,0.019512769395700746,0.007843170127777039,-0.027973879964198475,-0.004264363298762118,0.012422494013002543,0.0,-0.05199533503670866,0.020202714421944254,0.0,-0.007272766941941415,0.013170428175776764,0.006269656048686717,0.0,-0.011468919626496162,-0.010551644738697913,0.005076188113527608,-0.012917375839771183,0.007702212818593349,0.0038534780671450504,0.0027137074873811538,-0.012062906808396764,-0.021739965507499924,0.0,0.0,0.0,-0.0016109341452683527
2025-11-07,0.011834516917728159,0.0323914882513098,0.0039920671580883265,-0.007358381701800441,-0.005844568194735371,-0.001008522056556676,0.002344693566698529,0.0,-0.0074906300588356576,0.012136106379644258,0.007380090618501883,0.014333626311169901,0.002234688338758469,-0.008784792440405035,-0.01813516738412982,-0.019512769395700683,0.0,-0.0035523793817939697,0.0,-0.009648580484126226,-0.008510681896768226,-0.0028129114206961662,-0.005469573175421163,0.03278979077748378,0.007272766941941408,0.009302419513984332,0.012422376673607542,0.0015140656947414761,-0.0035556202521679777,0.0,0.0,0.002164569399313269,0.0,0.0,0.0027063632047938124,0.02634892690594111,0.0,0.0,0.02531785956523302,0.0,0.00011739306434591989
2025-11-10,0.0058651137113246805,0.011881265623775792,0.006618124978457615,0.014663012898308068,0.008172931625582181,0.003022618642273686,0.0,0.01449297219838395,0.007490630058835572,0.0,-0.002454023029421256,0.0018958495164148625,-0.008968654327742236,0.017493154140234717,0.028352354021176723,0.0,-0.027724521833095508,-0.0035651128946970613,0.004264363298762233,0.005524916781597003,0.02531788440050099,0.027779602257025356,-0.016590096036488478,0.03174866827191641,-0.007272766941941415,0.007380074948516337,-0.012422376673607554,0.009036202865185493,0.016777418863119096,0.005769366559268971,0.029927383780342088,0.0,-0.012870239649365116,0.03774044608063025,-0.002706363204793707,-0.0023670080408870627,0.010929059852906247,0.0,0.0,-0.04167271208361074,0.005082391696798088
2025-11-11,0.0,-0.007905202195858734,0.009192467423012884,-0.008771982248373777,-0.003494525052261394,-0.0030226186422737584,0.007001160844929497,0.0,-0.03802746390654173,0.001205502435399102,0.007343958029317737,0.013170342280885712,0.0,0.0,-0.016656420048579458,0.004914062622214047,0.02381062616420465,0.0,-0.004264363298762118,0.012320458277930647,-0.008368241322527534,-0.02216160215183176,0.0,0.015504172207925323,0.009685354395629647,0.0054995537737608,0.0,0.002993988928598469,0.0034965670570274005,0.0009581944569641062,0.019465350692426338,0.00539085600639449,0.0025873211709015985,0.021978832114806335,0.005405421772346123,0.037213724606153534,-0.021978951350272766,0.008032215886105833,0.0,-0.06029218611618226,0.004567433863839659
2025-11-12,-0.005865113711324816,0.007905202195858644,-0.007874082190599796,0.011678959779663937,0.0034945250522613568,0.003022618642273686,-0.00700116084492943,0.0,0.007722097637988093,-0.0012055024353991026,0.0,0.0,-0.0022548433454108656,0.017192397345838543,0.001291193350283788,0.00488991484179406,0.0,0.008003618837109575,0.004264363298762233,-0.006825965525962,-0.04292510534979847,-0.01410459159796565,0.0018569547899654581,-0.04725284047984155,-0.007255178176660026,-0.007339539620092661,0.0,0.00149363967138587,-0.011408702191665057,0.0009574621096270875,0.0,0.003220556345988539,0.005154707127615423,-0.0036297706206676788,-0.013568670676169127,-0.030129781413259706,-0.022472834779709076,-0.008032215886105889,-0.051293321837057954,0.02234723969215893,-0.00197154810980018
2025-11-13,0.0,-0.007905202195858734,-0.002638510899262487,0.0014503259503760278,0.002322842931210282,0.0010055784153465172,0.007001160844929497,0.0,-0.007722097637988115,0.001205502435399102,0.0,0.0,-0.0022598290753509708,-0.0056980432208149955,0.0,0.00970879193169278,-0.023810626164204634,0.0008852735355698525,0.0,-0.009635299108843785,0.0,-0.005698028943715508,0.0018536015401777474,0.0,0.001212877032837358,-0.005540089102184323,-0.006269656048686815,0.007434988165254647,-0.009756123730296155,0.003820431041317036,0.0,-0.0032205563459884656,-0.026043175568838114,-0.010968949548204017,-0.010989194808893538,0.004694790090729694,-0.011428684924131786,0.008032215886105833,0.0,0.016438798281378744,0.0004044475824462904
2025-11-14,-0.005899716318173342,-0.044632084674172914,-0.0052979993116082,-0.0029027584015972356,0.009237899600783396,-0.002012070233739586,-0.002328316261655977,0.007168383878165203,0.02298957828245881,-0.006042332138984673,0.0,-0.006563443288249599,-0.0022650578022866065,-0.01438872335540676,0.0012895283196614209,-0.02941381729539961,-0.004024146438820858,0.004415059248707649,0.008474661142406109,-0.008333409284535614,-0.04485052299443612,-0.02020270028732719,-0.0037105563301432056,-0.032789790777483716,0.002421349754753798,-0.003710608101121488,-0.03195166360881338,-0.0059435036516178414,-0.015267512708880951,-0.0009538094284794255,-0.009685254190527983,0.0,-0.0026420069665181274,-0.0036832477318762174,0.0,0.002339323633218163,-0.03509135651363801,-0.008032215886105889,-0.013245214201674278,0.005420069237751238,-0.004051630469529887
2025-11-17,-0.02395328933036298,0.0,0.010568142552574456,0.005797115178859727,0.0011488569108895543,-0.001007604767323895,0.002328316261656012,-0.0071683838781651694,0.0,0.009650260765576216,0.0024360886565462487,-0.023799313381485974,0.020202727177028774,-0.005813992469446404,0.003858511741587298,0.01970502536370697,-0.02036728304325634,-0.004415059248707719,-0.004228405447908446,0.00556333782138369,-0.02790887272121242,-0.005847977922818981,0.02023980015620308,0.04879011686415906,-0.008500499371905258,-0.005591811412862839,-0.013072092077663513,-0.01048704458010838,0.0,0.0019066179564203563,0.012091981489988338,-0.004310378463071048,-0.01600032608667548,0.01828196790074797,-0.0027662551718562237,0.002333640227998678,-0.02409752908021036,-0.016260512928718288,0.013245214201674292,0.021391133167573653,0.0010820508957694935
2025-11-18,-0.006079040349402174,0.0,-0.02124923099097056,-0.004344682727638632,-0.013873047396514208,0.0,-0.01169605848923843,-0.007220230548584585,-0.02298957828245874,-0.013293239188391199,-0.01224010676240404,-0.003861053625347014,-0.006689030964996287,-0.014684537420132988,0.0,-0.05001036469249421,0.004106777931561642,0.0026655431512745214,0.0,0.008287300237937398,-0.019048177668910055,-0.029764143565908046,-0.007312689560275499,-0.03226083119837008,0.0,0.0,0.006557365635439839,-0.0075585510704916144,-0.02752460238786589,-0.003816785683313811,-0.002406727299460234,-0.02073183517603294,0.0,-0.010928988981293382,-0.03955313265126521,-0.007017547448548316,-0.024692588966579474,-0.02489748871801839,0.0,0.005277059112430883,-0.008249336246368883
2025-11-19,0.030032329679765296,0.0,0.01597908775000437,0.0,0.0034862908848412805,0.001007604767323861,0.007034106480591241,0.007220230548584504,-0.01562523170094267,0.001215762091712967,0.009804018105857935,0.005785910825895626,-0.004484304864543169,-0.0029629766586445686,0.00256411565042393,0.020305279541196066,0.0,-0.00355547881680162,0.0,-0.0013764224179104905,-0.0194180678768161,-0.003025688685649787,0.012762304278613435,0.09381875667605079,0.0060791496171515745,0.009302419513984332,-0.0065573656354398525,0.0,-0.017832550679288333,0.007619058887148268,0.01197612799743358,0.008781563788990357,0.01600032608667546,0.010928988981293387,-0.023324685830148288,0.004683907220549564,0.0,0.008368194974638579,0.03871455189064657,0.0,0.006071734295800707
2025-11-20,0.01176483002949803,0.004140804286378007,-0.0052979993116082,0.002898551501286155,0.004629672760020332,-0.003025766126320376,0.00466195200864731,0.0,0.0,-0.0073170801736060255,-0.007343958029317751,-0.009661835516096402,0.006718993203301515,0.005917200016051795,-0.0025641156504239335,0.00501252999118082,0.0,0.00886527603321037,0.0,-0.008298830310473147,0.02898751015968521,0.012048282946909468,0.0,0.1127954692359408,-0.014652291378775165,-0.007434945655590334,0.006557365635439839,-0.0030394901841804853,0.016901823327405755,0.002842270124204681,-0.0168070296199347,0.0010923862327574488,0.013140781209811856,-0.010928988981293382,0.0,0.0046619588656107444,0.012422508040835311,0.01652929374337999,-0.01273908961882177,-0.032088261517755644,-0.0024230810076915493
2025-11-21,-0.054067240635007376,0.0,-0.00933971318680577,0.0014461312263524964,-0.004629672760020227,0.004032257944713527,-0.004661952008647329,-0.007220230548584585,0.02334732933893085,0.0048840761133556905,-0.0024600600765400647,0.0,-0.011223497673153142,-0.017857687192292727,0.0012829110802382688,0.0,0.008163302695052716,-0.011540326044792147,-0.004246255694497615,0.013793323062441734,-0.03883979734552017,-0.027315739339243895,0.005420077312536448,0.026317283546611638,-0.0012307903162775,0.007434945655590425,0.019418062664665132,-0.0030488311031056387,-0.021647857699539034,-0.006644543328039073,0.0,0.0021810927734556918,-0.029141107296487227,0.007299218360625715,-0.008889025110417099,-0.0023283186376120402,-0.03774036760606838,-0.00823044541253434,0.02531785956523302,0.0,-0.0014764435548632036
2025-11-24,0.006153859705557772,-0.012474108104502809,0.0013395783740428133,0.00719945205146126,0.0,0.0020100481532285917,0.00466195200864731,-0.007272741649799497,0.0,0.004860220391352316,0.007362098645863788,0.005808221044088061,0.024527440334224635,0.020803208814613453,-0.0012829110802382582,-0.005012529991180792,-0.06291386568823035,0.0,0.004246255694497631,-0.006872879749607817,0.0,-0.10707132873438611,0.010752811146831576,0.03822125249212064,-0.004938247126134946,-0.01680720353630508,0.05608955124018227,-0.004590709350864213,-0.0009519910128657159,0.05647031427040405,0.05419459369822475,0.002176239916523862,-0.03836089687452625,-0.025784044699346642,0.0029717723268665335,0.023042449042468206,-0.03922067647349926,-0.02565121747205534,0.0,0.010810919622024299,0.0007478072973147679
2025-11-25,0.024243588837562967,0.008333303818124645,0.0,-0.0028735639645121667,0.004629672760020332,0.0020060159631915694,0.0,0.0,0.0,-0.0060790639750511535,-0.002448015539902515,0.015326056545939604,0.019629980345139325,-0.014815143428114607,-0.020752981766209135,-0.025446666912273302,-0.008695698854858923,-0.018018514251983923,0.0,0.012337414548243882,0.0,0.027028627243813646,-0.012556270215481452,-0.01257876994641129,-0.004962814156209356,0.001881528341771229,-0.05608955124018212,0.004590709350864213,-0.01826084541294784,-0.043224995505436,-0.06148498802100317,-0.012028571082606925,0.011111215122715136,0.01113184741926643,-0.005952402414281634,-0.025376089270466997,0.0,0.008510681896768206,0.0,-0.005390850384273157,-0.004358462516517388
2025-11-26,0.0,-0.012526193567163616,0.01725322945341555,0.005738894213624684,0.005757083751652753,0.0,0.018433686114336986,-0.007326113177988777,-0.08841085582376278,0.00850040318919087,-0.002454023029421256,-0.021134277590027593,0.01713100869380432,-0.0029895505840617045,0.0,-0.026111145320991028,0.008695698854858828,-0.001819830597253038,0.0,0.03612431734445677,0.0,0.026317265518414127,0.0018034590686500018,0.012578769946411373,0.0037242839618119522,-0.0037664205482606065,0.012739114613265936,0.0015255404064650837,0.009652464378506719,0.010285167945813023,0.019324170228765997,0.005485484791829839,0.005509716244311248,-0.022389009153955405,0.005952402414281625,0.0046619588656107444,0.0,0.0,0.0,-0.010869675793054664,0.007885741432902136
2025-11-27,-0.01812736761737642,0.0,-0.01591537715596477,0.0,-0.006912577637199025,0.0,-0.006872845417698015,0.0,-0.034191486627375284,0.0024154904894456374,-0.007398291014017681,-0.019608508802888787,-0.01067249269950466,-0.006005974500333147,0.011726412813685954,0.06155787202085538,-0.03077162963851731,-0.007312622142778001,-0.004246255694497615,-0.017230393628309415,0.0,-0.026317265518414196,-0.029252537397112113,-0.051293321837057954,0.019632515503923642,-0.009478770962727713,-0.010908139432115691,0.012121331951312847,-0.03419967895855145,-0.014051728867188066,-0.019512766448572496,-0.023243891608256118,-0.022223181677700817,-0.02290177920787844,-0.0089419432235973,-0.011696072589558508,-0.013423007444650008,0.0,-0.06453853603873223,0.0,-0.0043430827112648325
2025-11-28,0.006079040349402274,-0.08319896103698877,0.022472874916782414,-0.005738894213624593,0.00806000565830655,-0.007038682758694024,0.0,0.0,-0.0721032236539526,-0.004836829703585475,-0.012453453272400486,0.0,-0.010787624649417429,-0.015174783012186171,-0.027578799433580787,-0.030305339328787307,-0.05035383667496026,-0.019454069616479715,0.0,-0.008053761583724917,-0.00995032141084811,0.0,0.011070155805962028,-0.08223810271852436,0.0036387512556885207,-0.00764828004188422,-0.02614525143510392,-0.0075585510704916144,-0.015022926755144222,-0.0028342145155538646,-0.017391744802215173,-0.019220581354934388,-0.0880333363375414,-0.0720310762529974,-0.018127247957151916,-0.04820200423035959,0.0,0.008438961181205244,0.03922067647349922,0.0054496065553035385,-0.008063527695836384
2025-12-01,-0.012195261569588702,-0.12638159960861414,0.038466217518522805,0.012866505107852432,0.010268251459237413,0.006036226992738482,0.002296238294959622,0.0,-0.03809986611632566,0.0,0.009975162798206053,-0.05599422748851907,0.027809282261095584,0.02715094790055922,0.015852386619894736,0.015267497463121227,0.0,0.04302722733402519,0.0,0.020014076415766493,-0.005012537031211045,0.05511933446592402,-0.012927110595927572,0.0,0.016807058297664365,0.005741640791728817,0.07647035705238428,0.010566046841734802,0.038599674074512036,-0.006644543328039073,-0.0025094205918125487,-0.0011421838323319375,0.0,0.08354743279295061,0.015128742988168053,0.0024660046423912478,-0.041385259272418894,-0.02553337886423942,0.0,-0.005449606555303517,0.012449666598706517
2025-12-02,0.024243588837562967,-0.026248172374949513,0.006269644059489601,0.029393286426995197,0.0,0.03643928149005194,0.011402538783890331,0.00732611317798875,-0.009756180160055722,0.006042332138984661,0.01965662817407601,-0.005249417020674087,0.0,-0.021053418436736533,-0.007894813742386817,-0.02040888483419825,-0.00470599874710827,0.07423592244827704,-0.04348507222945699,0.01702721083730583,0.0,0.027995533288115694,-0.014981549922507187,-0.04380258071909082,-0.004773360188770809,0.015151830761143884,-0.031155074931664826,-0.04452001439507851,0.00290838993563564,0.006644543328039122,-0.0177443857701528,0.011363773768448094,0.006116221220186421,-0.015384835872212276,0.01785770097613178,0.02912816998654925,0.0,-0.008658054700508611,0.0,-0.034815439685157205,0.003704897955608938
2025-12-03,-0.02424358883756287,0.005305066875464453,-0.006269644059489538,0.001378427863292362,0.006787243887002762,-0.0077670182399845016,0.006779764136524136,-0.014706202944834247,0.019418037654635845,0.010785083157280736,-0.0024360886565461936,0.0,0.006309209220058158,-0.006097529463822666,-0.009290056835036118,-0.010362825288856941,0.004705998747108145,-0.030407711377916175,-0.02702866938004951,-0.009132471331486517,0.03457131149583329,0.01522097881451701,0.022388945237815237,-0.015037862537514927,-0.01082375609816703,-0.0037664205482606065,-0.032157172195736085,0.007818734212011574,-0.03547172444408529,0.008478658470352968,-0.03117140272636736,-0.012507263676607587,-0.009188417331775252,-0.007782145610599857,-0.020865150594090987,-0.019324165853582886,0.06805348091874314,0.03419143356474797,0.0,0.0,-0.004770350534264614
2025-12-04,0.024243588837562967,-0.021391184097233982,-0.0037807042594086827,0.0027510320553566286,0.01009547990320474,-0.0019513131414873818,-0.011325167165100862,-0.0074349606950879586,0.0190482060143864,0.0,-0.002441919459994027,0.010471320139336233,0.00418409906927205,0.0,0.002663129586036116,0.005194804820272994,-0.00470599874710827,-0.0077486800667825794,-0.009174299346655557,0.034774903552135465,0.0,-0.009104743227620333,0.005519715280619682,0.11441032432880578,0.004825065903930655,0.0,-0.013158109924983298,-0.026836656619911692,-0.006036339566062223,-0.0009385914301554609,0.01830116653174841,-0.010351017770474265,0.0030721961115887132,0.045809565885426375,-0.009077223507756556,-0.009804004132966379,-0.04027386046153044,0.008368241322527527,-0.012903392926887598,0.0056980156960335475,-0.0010912878315785235
2025-12-05,-0.02424358883756287,-0.01086963613234956,-0.0012634178219531362,0.004112341600326409,-0.0011166761905885292,-0.005876504206661217,0.0,0.0,0.0,0.0,0.004878008116540137,-0.001042221733212698,-0.004184099069271995,-0.006135012363767887,-0.012040301513644179,-0.015666080193164924,0.004705998747108145,-0.032501721729108625,0.013730077942339816,-0.014021925566243477,0.0,-0.012270109836531592,-0.0036764522467264294,-0.041385259272418894,0.010772050383007289,-0.003780751946966498,-0.02684721980674105,0.011137727420516403,-0.02141837909479067,0.0,-0.02359220312564854,-0.003474173464353559,0.012195261569588601,-0.061557933436776555,-0.0030440698624524193,-0.007416570963087179,-0.013793308523969885,0.0,0.0,0.005665732178300511,-0.002810689309767527
2025-12-08,-0.01857636774639301,0.016260499538843586,-0.001265016066008809,-0.008241801518975288,0.0033462946225550306,-0.005911435639874404,-0.004566269965972459,0.007434960695087844,0.009389802607359403,-0.00717715453068896,-0.022141135973570956,-0.013648460461502976,-0.016913691993178145,-0.04725291622705618,-0.008196777791549426,-0.010582084314976556,-0.018958008540059114,0.004454335378346285,-0.022989439888132266,0.0012828989954612917,0.0,-0.03454025938762308,0.02724969221010921,0.013986311933242724,0.01301023123261151,-0.007604658265916715,0.0,0.004735564757529409,-0.006204781528619616,0.0,0.018397367645870126,-0.012843022661880187,-0.01834912127514634,0.03125247056135424,-0.006116230209354314,-0.009975148936854125,0.013793308523969955,0.008298794604689132,0.0,0.0,-0.0023162864088000913
2025-12-09,0.006230543734639389,-0.005390863406493953,-0.006349259120041934,0.02047859017042281,-0.003346294622554936,-0.0019781401846226303,0.0,0.0,0.0,-0.007228921551436475,0.012361089287707076,0.006322436783030977,0.0,-0.012987167328966659,0.0041068203869452915,0.010582084314976484,0.004773274406909948,-0.007136560480508781,-0.014051867807332093,0.0,0.019231344291746166,0.025237891069794724,-0.0017936683978403208,-0.04255965761056675,0.00234734634947948,0.011385410212883269,-0.006825894582711447,0.0,-0.003116887982856984,-0.0009392916032685354,-0.013106331051969868,0.010520183358385882,0.00921664632861435,0.0,0.0018592973559383513,-0.010075655947359163,0.0,0.0404913222594699,0.0,0.0,0.0008615037127067149
2025-12-10,0.030583394379324603,0.0,-0.0038289584205149843,-0.006779751408519153,-0.002237100255020341,0.0019781401846225327,0.0,0.0,0.06336959197485562,0.003620992924844915,-0.004926067589080521,0.008368245411684638,0.0,0.0,0.01356874616723584,0.005249343574820643,-0.024097529426346284,0.029115461248065334,-0.043380233065573315,-0.010309382973204642,-0.019231344291746142,0.027651532696330517,0.007155621172439089,0.014388723877542623,-0.015357577582091131,-0.007575852243925888,0.0,0.0031446302298543424,0.012565596901749434,0.0065573103354262426,0.002635057042907172,0.014002553702935872,-0.012307835936622316,-0.02729206666808143,0.0030911921089124272,0.0,-0.041964242256993904,-0.03226083119837008,0.0,-0.005665732178300458,-0.001965815707690624
2025-12-11,0.006006018469991941,-0.005420082401518016,0.01648735568792753,0.0188684767206683,0.01665773543761428,0.013739252988023073,0.01137670545881716,0.0,-0.06336959197485567,0.0012041675163722034,0.012270025618398345,0.016529293642997118,0.007305233585376734,-0.013158055632704696,0.010723911958141276,0.02072614445800531,-0.01970505256363134,-0.006980807690829352,0.0,0.020513566191447594,-0.039609100685049775,0.020990268953305836,-0.005361952774598834,0.0,0.0,0.02626794798672044,0.02702855874357294,0.0,-0.0010410726634807385,0.008368288761835187,0.013072065034616727,0.0011581235536059604,-0.006211194113952757,0.04634036780881469,0.018349062902443855,0.007566213213916593,-0.07410799180360525,-0.01652928566578902,0.0,0.005665732178300511,0.008892691803730693
2025-12-12,0.0,-0.005449553730831512,0.0025349104640332567,0.0013342887513004046,0.0022002904318344993,0.0038910499225801656,0.01124873059923032,0.0073800897668454025,0.01851905716199744,0.004801874015088817,0.007290417271973588,-0.0010251273790727892,0.027690823512343567,0.013158055632704703,0.007968179910782547,0.015267497463121227,0.04855318044401938,-0.00791210241028134,0.029128210915881456,-0.010204183218242926,0.005037789189216557,0.029241889804727784,0.008920653416817666,-0.014388723877542694,0.024692581943519386,-0.0018536279509150566,-0.006689001251527417,0.02174010484524779,0.0051947606203518225,0.004618996975708802,0.007762033023560988,0.02401494210803263,0.0246166041567394,-0.011385422667925187,0.0,0.0,0.030305411084514445,0.040821954783826074,0.0,0.0,0.007612223364030017
2025-12-15,-0.012048327267974208,0.0,0.0037902036954668835,0.003992019421397399,0.00109817369546894,0.00580833332081953,0.004464234911727933,-0.007380089766845528,-0.03738766716728235,0.0,-0.017094435377831285,0.015267452473051385,-0.0021030982811969913,-0.013158055632704696,0.009216698646139164,-0.005063289883325772,0.004728136931999134,-0.008865276033210306,-0.024214236973493012,0.014004011873649429,0.005012537031210991,0.022792972140158022,-0.014311511789050444,0.0,0.010398663027944123,-0.007448791563069245,0.006689001251527534,0.006125541420809529,-0.0010367551032110494,-0.0009221476384458931,0.010256474722845858,-0.0022625338444095242,0.015083228108341947,-0.00766287847280819,0.009049834861721196,0.0025094427334426137,0.029413856841548108,0.0,-0.01307206934493735,0.0,0.003601928640699067
2025-12-16,-0.01834912127514634,-0.03333651218001065,0.006285419731958821,0.01581059877903427,0.0032877254737019622,0.0,-0.004464234911727863,0.0,-0.009569398616460697,0.0011968453548864381,0.009804018105857935,0.0,-0.010582149912423542,0.00988471752096197,0.0,0.010101071961400728,0.004705998747108145,0.006213867596082922,0.009756214328641101,0.007556736302185064,-0.010050326220427584,0.011204614527884559,0.005390858372232785,-0.029413856841548097,0.0022962514690375575,0.012999220434089992,-0.006689001251527417,0.003048831103105682,0.0031071470252953147,0.008268344584721605,0.0,0.00564654780545359,0.017804678380562166,0.0,-0.006024114165908838,-0.010075655947359163,-0.01459878544734433,0.015873334137796822,0.0,-0.005665732178300458,0.0027886081380066566
2025-12-17,-0.006191964306195913,0.01877854752632785,-0.007547184268489428,-0.006557462951200029,-0.015435764776983229,-0.005808333320819568,-0.01351376306349833,0.0,0.009569398616460683,0.0023895175402593913,0.0,-0.022472820110718925,0.0,0.0032733381117426856,-0.01054029516559839,-0.005037782078075016,-0.009434135679107251,0.007054747166625527,0.014458022644851952,-0.010088371082641337,0.02000064763127573,0.0,0.001790542539019758,0.0,-0.015020424937059833,0.005519791582240675,0.0,0.007581473160783821,0.0,-0.011039632513596454,-0.0025542270975633537,0.0,-0.005899716318173342,-0.011605460000018695,-0.015220918936918248,0.0025284170524365692,0.014598785447344208,0.023347342335702286,0.0,-0.022989496172240394,-0.00417668648059213
2025-12-18,0.018462045231939988,0.0,-0.005063287531182309,-0.007925996232550211,0.0044345236189395855,0.0,0.0,0.0,-0.009569398616460697,0.0,0.0,0.01740955756943113,0.0,-0.013158055632704696,0.0,0.054067211641026555,0.02803930494051221,0.01828523379051874,-0.009615438429795937,-0.006357238693614563,0.0098522871858351,-0.0055866144226910655,0.008904680872768534,-0.015037862537514927,-0.01053263939001894,0.009132510251740252,0.026491666822390517,0.004521519736695737,0.0030976229859245065,0.002771287928874823,-0.0025608299027998402,-0.0056465478054536136,0.026278858850604037,0.0038835026006144727,0.009160294768018178,-0.012706626007805115,0.014388723877542623,0.030305411084514445,0.0,0.011560811248108576,0.0033208780615667528
2025-12-19,-0.01846204523194002,-0.01690180584621331,0.033689928759669474,0.02229599538134234,0.009906568432601966,0.013500668058693927,0.02463736594588812,0.0,0.03774034966120492,0.0023837060360491426,-0.004889934999896492,0.015113618052526047,0.03962980804909484,0.003305720636564207,0.005284034746286815,0.0,-0.023311168008513194,0.00344529752630125,-0.004842584215055869,0.013933057753659724,0.009756165867939136,-0.0028050886844973523,-0.00711742412199751,0.0,0.0023502173582882926,0.018018470871213905,-0.006557413136515289,0.004501094783773343,0.016360265179205156,0.025502294413973527,-0.0025674045928560526,0.02350411806389093,-0.03519428483470603,0.022989533260465485,-0.0030440686524878446,0.0051020539139806104,-0.014388723877542694,-0.00749066437138548,0.0,0.028330479834181008,0.011470784866434311
2025-12-22,0.0,-0.005697996546194709,0.0,0.0025906738565680716,0.01737288401437642,0.0038240910580831272,0.002209970721020583,0.0,-0.00930234103945926,0.009478749394099133,-0.009852314043438991,0.0009995119981141567,0.010173066599698768,-0.0033057206365642517,0.013089145258016521,0.004773209972303428,-0.009478735386040972,-0.01211090054029163,0.004842584215055878,-0.006309169582456437,-0.02955877446462216,0.008391703107188425,0.014184632584206762,-0.030771720754924767,0.011668718488274651,-0.01257874932888764,-0.006600696788468111,0.013383130775479068,-0.01019375705466732,0.0008988517189035084,-0.007742001698963024,0.0011056270857845681,-0.005988036287827113,-0.03468558080687746,0.0030440686524878737,-0.0025478036984898393,0.0,-0.022814746713128983,0.0,-0.0398912910822896,0.003230274112551237
2025-12-23,0.01234582401175363,0.016997570970261517,0.003674332862936746,0.0012927602066342605,0.009641153671749555,0.005708856226409464,-0.0022099707210205288,-0.0074349606950879586,0.0,-0.005913580633012679,0.0,-0.0009995119981140966,0.012072569651180509,0.00988471752096197,-0.011772519632944196,0.00947872225628767,0.0,0.0034752975738099484,-0.004842584215055869,0.0063091695824564475,-0.005012537031211045,0.0,0.0017590466551457497,0.0,0.0,0.003610140185185317,0.0,0.008823583398180599,0.012220097999972795,-0.0008988517189033742,0.005167988569336586,-0.005540185709219482,0.008968661672374353,0.015564526878671017,-0.0030440686524878446,0.0025478036984897022,-0.01459878544734433,-0.015504172207925167,0.025975462271824908,0.0057971120756082056,0.0031959927800118615
2025-12-24,0.006116221220186421,0.0,-0.008594378367675954,0.0,0.011658860972773527,-0.005708856226409501,0.0,0.007434960695087844,0.01851905716199744,0.0,0.002472223424937221,0.0,0.0019980483476691614,-0.0065789968843976716,0.013072035169183547,-0.00947872225628765,-0.009569442282869082,-0.0017361725225316631,0.004842584215055878,0.006269613397922215,0.005012537031210991,0.02476055059327013,0.00350875387276107,-0.048009173383611034,0.005783693663054038,0.012533703038018781,0.026145251435103992,-0.004402024019851013,-0.007110180793384736,0.0,-0.0077620330235610175,0.01543588628989558,0.0,0.0,-0.009188424697385053,-0.007662845034307451,-0.01481507139420387,0.007782133222499861,-0.052643683918149276,0.0,0.000995570155617079
2025-12-26,-0.006116221220186404,-0.028491969836151994,0.004920045504739214,0.007722106850395494,0.003156285256330937,-0.00766286194354129,0.0,-0.0074349606950879586,0.00913243279360934,-0.002375327951488521,-0.00743502169862659,0.0,-0.006006065915190707,-0.0033057206365642517,0.007762078041897816,-0.019231317267400794,-0.004819282006023489,-0.0008691844561938009,-0.014598798543697052,0.008711929016496695,0.0,-0.00818556286412932,-0.008795119308065227,-0.01652928566578902,-0.009269990119598111,0.012378637147264627,0.0,0.004402024019850984,0.0050838398480790754,0.008060985697198828,0.0,0.004366780967644487,0.014771373712083181,-0.007751981932873621,-0.00617285818839576,-0.01290350312152849,0.0,-0.0077821332224999465,0.03974029099126156,-0.01749314042340947,-0.0007212728387568755
2025-12-29,0.0,0.0057637490077437,0.00976806059198727,-0.00772210685039549,0.003146253530338397,0.003838770885458193,-0.002214757111044253,0.007434960695087844,-0.027651489955606696,0.0,0.009901029211167055,0.003991970872111352,-0.004024146438820858,-0.006644568484809018,0.005141405908835816,-0.004866237116556218,-0.009708805137453664,0.0060684855832059,0.009756214328641101,-0.013724446581100487,-0.020202687854778488,-0.011019477052527718,0.0017652568464254195,-0.10536051565782628,-0.0034986053476190587,-0.005286439626909627,0.006430902944078336,0.015977106783976194,0.004048584135035115,0.004450348963530878,0.0,0.0,0.0,-0.003898643009985357,-0.0031007772146260638,-0.0026007516725007787,0.0,0.0,0.0,-0.011834516917728074,0.0023168029612231425
2025-12-30,0.006116221220186421,-0.023256830491631096,0.0,0.011560881448589789,0.005221958173813997,0.0057306666538767745,0.006629717666546536,0.02230577976489945,-0.0284380086217457,0.001188426770760146,-0.017391684209878126,-0.003991970872111424,0.017982532628789506,-0.006689014262791886,0.0,-0.004889914841793985,0.009708805137453721,-0.02007917542091165,-0.004866209246754187,0.01124306769479267,0.0,0.0027662907661125174,-0.005305146528476461,0.054067168985500444,0.004662092353695696,0.015775958124904843,-0.012903351006160269,-0.007230769126118834,0.003025766696658918,0.0008877666289590683,0.0025940444542245575,0.0021762604478080005,-0.0029368567943550963,-0.007843182710965239,-0.006230548814698833,-0.002607595875661078,0.014815071394203828,0.015504172207925323,-0.01307206934493735,0.011834516917728159,0.0021037107772480094
2025-12-31,-0.012270080925744142,-0.011834548488302758,0.0024272976420359953,-0.01544431551179228,-0.007318360264144965,-0.001906575595793679,0.0,0.014598725340427063,0.0,0.0,0.002503104466796127,0.0,0.0,0.013333582747600865,0.0,0.05251808163669468,-0.014598785870792663,0.005277039233516232,-0.004890005081886913,0.0,0.01015236163435085,0.002758659506938666,-0.003552379858597813,-0.0176995602935799,0.01729145885657166,-0.0034842666919759303,-0.006514693448038619,-0.004363606556604577,0.005022557809833509,-0.017905693544491074,-0.01830116653174831,-0.014231254751314502,-0.026827287569536208,-0.00790518484038507,-0.0031298925365581143,-0.010498725743372482,-0.01481507139420387,-0.007722038985425331,0.0,-0.011834516917728074,-0.0026273517931730446
2026-01-02,0.0,0.03509137897993388,-0.01834914635614917,0.005174653460994415,-0.0042061366963381435,-0.0038240910580831077,-0.011074328526164252,-0.021978839945037153,0.009569398616460683,0.0,0.0,-0.010050355511238474,-0.009950368622447227,-0.013333582747600863,-0.012903483950733725,-0.04762816679490061,0.004889980733338848,0.004376359853401708,0.004890005081886959,-0.01501910602058691,-0.010152361634350938,-0.039330966689904844,0.005323891051175659,0.01769956029357998,-0.017291458856571785,-0.014060009380137595,0.012987141510120532,0.004363606556604689,0.004997554859142957,0.006303575212336206,0.0052631888047090965,0.003302173841148679,0.006024108979433843,0.023530513161949998,0.009360441351256837,0.04134957648875813,0.0,-0.0077821332224999465,0.0,0.04082202574173622,-0.006179349368742312
2026-01-05,-0.006191964306195913,0.011428646404341271,0.017136174627637626,-0.0025839796044265302,0.026002475939926217,0.011428772713289154,0.015469990062635441,-0.007434985903565185,0.009478807397925575,0.007100481813741098,0.007472058331409958,0.009049843489270829,0.0,0.006689014262792013,0.0,0.0,0.0,0.01042577633399359,0.04762812184862998,-0.008866355558199236,0.015190150823567363,-0.0028694118521839698,0.014059983350531666,-0.0176995602935799,0.01729145885657166,0.0,-0.012987141510120644,-0.002906954339507335,-0.0009974565928907555,0.019556069925001418,-0.00790520772221131,0.0,-0.0030075182604515716,0.0,0.01540862306309031,-0.010178208955368438,0.0,0.023167037953535825,-0.02666822164632427,-0.017291480476206843,0.006304310127957391
2026-01-06,0.00619196430619583,0.02801305017844739,-0.030809559915952498,0.010296096641962607,-0.010319937585984242,0.01317035204704776,-0.008810622091973556,0.007434985903565167,0.009389802607359403,-0.0011797845615868796,0.0,-0.010060368433574754,-0.004008017567521535,0.013245197953815195,-0.006514594593233002,0.004866237116556175,-0.00980399092998061,0.03898805355700874,-0.033100022444356794,-0.019268419591905072,-0.0050377891892164845,-0.02620237362042833,-0.019383874401707326,0.05218570446217316,-0.011494464998574734,-0.005323879573146239,-0.006557413136515289,-0.011713137036939759,-0.010030260798710888,0.0008799552828633078,0.023530455743710686,-0.0010995488648451856,-0.009077209638350075,-0.007782145610599857,0.05068147918886715,0.0,0.014815071394203828,-0.031010208081312926,0.0,0.0,-0.0047544112017523866
2026-01-07,0.006153859705557772,-0.011111244332234118,0.008722894218042239,0.005108565672809738,-0.0167369189167252,-0.0018708134957381628,0.002209970721020583,0.0,-0.009389802607359393,-0.0011814070988078827,0.012330604517633511,0.001010524944304012,0.0,-0.016584112231661924,-0.0026178057817113484,0.0,0.0,0.014032374485889806,-0.004819305942463145,0.011605521489341759,-0.005063297066661577,-0.008888995685013602,-0.007142843553190605,0.0,-0.008125323149166051,0.015887354776455406,0.025975457590714277,0.00879770767140126,0.006030162532458649,0.0008790967427258317,0.007722135997359042,0.01094103904115934,0.0180727641866287,0.0,-0.011696038114097928,-0.028536350386161632,-0.01481507139420387,0.007843170127777039,0.026668221646324243,0.0057971120756082056,0.00267527169764183
2026-01-08,0.0,0.022100384401720918,0.0,-0.005108565672809634,0.020877742569329196,-0.0037523440928704695,-0.008869338691682431,-0.007434985903565185,0.0,0.0023611916603947635,-0.014815112317128272,0.002018187737595013,0.006006065915190656,-0.0067113790007951625,-0.003939634794239153,0.0,0.004914010196641713,-0.008230471493403706,-0.009708793461810108,0.015267460735363728,-0.005089064567689295,-0.0487900852262292,0.0,0.04959699328121657,-0.0046729853180318155,-0.005267789290460149,-0.012903351006160269,-0.010271534824698817,0.004000098266252197,-0.005286380823019379,0.0,-0.009841490176314105,-0.0029895360782868233,-0.003913901935812,-0.01183452771383877,0.005249358200452394,-0.015037862537514927,0.007782133222499861,0.0,-0.01162802671208472,-0.00433900392529884
2026-01-09,0.018237570367570944,0.01626051557862026,0.011104279192398528,0.005108565672809738,0.019437925019741203,0.02046571036295051,0.019846307545489394,0.007434985903565167,0.009389802607359403,-0.008288908584501287,0.0,0.008032167773643342,0.02756077241182295,-0.0033726974790184226,0.02597551911991712,0.009661888366779788,0.004889980733338848,0.0,0.0,-0.0012634488617142647,0.040005296451461635,0.024692572156048906,0.0035777992897908137,0.06252038902684111,-0.0011716663182260321,0.012248590159264333,0.025642478747697536,0.0,0.0069616823429078205,0.018381263726647855,0.0,0.0054793654756964275,0.0,0.011696047546411837,0.005934806425834021,-0.015831472233467724,0.044451719379062976,0.022989587532424763,0.013072069344937442,0.01162802671208485,0.010113040085062242
2026-01-12,0.017910980532380612,0.0,0.007335095221388245,0.006349224873592407,0.01707726772396387,0.0073394725785218915,0.002181157340420152,0.0,0.05455890369752371,0.003560822067685715,0.017263127857030828,0.012916279058495824,0.023033625740421015,-0.017036169931841823,0.0038387501087701974,0.00956942890062089,0.0048661851346001326,-0.008298838872439766,-0.014742280544151963,-0.002531634780456188,-0.0248151456278942,-0.018462013980644492,0.0,-0.04652006294016572,0.0023419614409177438,0.027446023691029848,0.031155074931664837,0.0029455568520361645,0.024475054976071556,0.01035389435345262,0.015267464613339483,0.006536019780733559,0.011904962062388738,-0.003883502600614486,0.0029542114766020642,0.021053418504820853,-0.04445171937906307,-0.030771720754924767,0.0,0.005763699172500381,0.005263143448265982
2026-01-13,-0.03003232967976516,0.005361920004331762,0.020494932998213294,0.01880932375137052,0.0009955037161384298,0.010909273213017821,0.010834253100827772,0.0,-0.017857518396125878,0.018780016897149542,-0.012300329583341544,-0.0009877620383286615,0.015066184148213285,0.0068492850912711825,-0.003838750108770315,0.0,0.04276193147194801,-0.0016679872620554476,0.014742280544151868,-0.0025380602254382813,-0.0050377891892164845,0.01540860909301349,0.008888935314575276,0.0,-0.0011702951226916951,-0.018787851913323262,0.024243585167052245,0.014598746561778987,-0.02348441836911313,0.000857977297085439,-0.005063319939277082,-0.003262564794072228,0.01176483002949803,-0.007812544945797285,0.0029455098114026853,0.005194819143572751,0.0,-0.007843170127777188,0.0,0.0057306692280980846,0.007497896338793273
2026-01-14,0.012121349147384488,0.005333386974015386,-0.0035863655620874527,0.009888827876462128,0.015795020872656655,-0.0018099526739886287,0.006444778542341469,0.0,0.04405995859174371,0.0,0.007398291014017835,0.01665889065874665,0.033091310392042834,0.010186884840570615,0.006389775134595722,-0.019231317267400794,0.018433683459957093,-0.010910752711869195,0.004866209246754096,-0.005095527833515519,-0.005063297066661577,0.0,0.0,0.015748342185240974,-0.010594521222835884,-0.017391877634208283,0.03529785049018128,0.0014482139368567615,0.03883978922526229,0.00683761060971544,0.0025348646173162753,0.0183491348441431,0.02026116556424217,-0.007874061722265416,0.014598797365761076,0.023048435726152026,0.0,0.0,0.0,0.011363747874334085,0.0015852567404783667
2026-01-15,-0.006042308797982368,0.03141618569489378,0.011904869220560891,0.006131285199293481,0.01939920900794934,0.005420059783384119,0.016985530938335488,0.0,-0.008658120239188825,0.002322798049279,-0.0024600600765400647,-0.0019454539930660604,-0.0127390567308311,-0.01018688484057053,0.0012731071013011715,0.019231317267400867,0.02257430016795043,-0.02132276302745856,-0.014670188271029554,-0.010269679768883684,-0.005089064567689295,0.009132459429601386,-0.0017715111925777406,-0.01574834218524093,-0.002369595943069041,-0.017699543683074522,-0.005797057823861795,0.007209845768362726,-0.014388674257660551,0.021904883942788136,-0.0025348646173161604,-0.00428721452685944,0.008559245244474677,-0.007936554971420288,-0.011661938108351632,0.01507566831375805,-0.030771720754924767,-0.015873334137796888,0.0,-0.011363747874334036,0.002480977969034862
2026-01-16,-0.012195261569588702,0.010256517225017714,-0.004744954164911725,0.004878056088075982,0.006701777536416638,0.005390841031565991,-0.004219463413804628,-0.007434985903565185,-0.008733631679096923,-0.0034863362514253567,0.0,-0.026641953685847725,-0.011049825512574671,-0.013745890751659795,-0.007662882235896794,-0.019231317267400794,0.008888938939973553,0.0,-0.009901049491016382,-0.009073347703920445,-0.005115095676324061,-0.003034944561831065,-0.0017745699949706843,-0.03226083119837008,-0.005948958710565081,-0.001787281146643875,0.0057970578238618715,-0.004319694719176133,-0.0019343286036184514,-0.002503141921774468,0.0025348646173162753,0.0032170811281086527,0.008486605863890113,0.003976151078147425,0.002928259365620142,0.027061845063562837,0.015504172207925323,0.0,0.01290339292688759,0.011363747874334085,-0.0014119690365167175
2026-01-19,0.0,0.0,0.0,0.0,0.0,0.0,0.0,0.0,0.0,0.0,0.0,0.0,0.0,0.0,0.0,0.0,0.0,0.0,0.0,0.0,0.0,0.0,0.0,0.0,0.0,0.0,0.0,0.0,0.0,0.0,0.0,0.0,0.0,0.0,0.0,0.0,0.0,0.0,0.0,0.0,-0.00023943112875146922
2026-01-20,-0.012345824011753648,-0.05775883514595176,-0.028952542966566363,-0.025879497355787255,-0.0329806009141966,-0.009000948140961296,-0.0021164269940593746,-0.007490679256724252,0.008733631679096845,0.004645715132629186,-0.014888579743082022,0.00995035012164251,-0.05519954088718781,-0.006944499324890165,-0.012903483950733725,0.02398196635331643,0.0,0.0,0.0,0.002600832788697913,-0.06899286712031094,0.0030349445618311297,-0.007130110877797846,0.04800917338361099,0.003573620349728239,0.0017872811466438858,0.005763715659593787,-0.004338364986043341,0.010592241242546988,-0.0033472721613285674,-0.010178179388578703,-0.01401643665132,-0.022792987851500978,-0.011976199207264017,-0.008810628434432305,-0.024571212629402955,0.0,-0.04082195478382607,0.0,-0.03448614298701731,-0.00777979904627526
2026-01-21,0.01234582401175363,-0.010869690330927302,0.0061013425984838094,-0.002500000214856739,0.027238961170917887,0.003610107109395278,0.004228281043249013,0.0,0.0,0.0023148450451758126,0.004987550531914958,-0.00995035012164256,0.017459158563923417,-0.003490418567270277,0.010336085249516319,0.018779963325028088,0.004415014026497735,-0.0034542897587321367,0.014815023433404724,0.006472514915222634,0.0,0.012048282946909468,-0.0035842109368601173,0.0,0.005927686686512351,0.0035650938943163507,0.022728225079763634,0.0,0.006682734628110661,0.002511524127118118,0.0,0.020419818267974555,0.011461432556962851,-0.0040241530637822095,0.0,0.007435070456991175,0.0,0.008298794604689132,0.02531785956523302,-0.017699630629052897,0.003964914143849594
2026-01-22,-0.006153859705557642,0.005449646502979459,0.009685278195874631,0.017370156283274343,0.007648186481488916,0.010752776650959483,0.008403506600061138,0.007490679256724237,-0.01754431995642901,-0.005797021975658584,0.00496279827368938,0.004987599604050488,0.0,0.006968696476461335,0.0064061488099875705,0.00925930315458815,0.004395607327108693,0.012038004517848904,-0.014815023433404741,0.003863507635471084,0.005479460395805221,0.008941986006396374,0.0,0.0,0.0035397738029567783,0.005323879573146144,0.011173254143482282,0.00433836498604328,0.00852676044235551,0.011637704747832552,-0.005128234495655973,-0.005333248217903705,-0.014347434665984182,-0.012170544047807728,0.0,0.0,-0.03125251439316616,0.0,0.0,-0.005970161462834003,0.006620019100390633
2026-01-23,0.006153859705557772,-0.027550030904700342,0.0,0.0024569416591349617,0.0019030103533314556,0.012400495956142761,0.0,-0.007490679256724252,0.017544319956428984,0.0,-0.002478290474194341,-0.002989573634600002,-0.0019248807046657911,0.0034662214156991646,0.0063654326871254606,0.0,0.0,-0.015504200931190471,-0.004987561481667125,0.022872675085729797,-0.005479460395805272,0.002963004929694926,0.007155621172439089,-0.048009173383611034,0.012873309646473237,0.008810570215611872,0.00554019123508795,-0.004338364986043341,-0.00852676044235545,-0.00829881479184754,0.005128234495656002,-0.006437838042947455,-0.0028943552301342276,0.0,-0.008889017902436002,-0.004950566320695894,0.0,-0.008298794604689195,0.0,-0.02424358883756287,0.00165834648967892
2026-01-26,0.0,-0.04572218890715154,0.03782957835306607,0.0170320956690202,0.01228166342492182,0.012248690567802284,0.018653399621742985,0.0,0.008658120239188747,0.011560743425897503,0.0049505138991316824,-0.0009985139713364316,0.009587746450276317,0.003454248214616029,0.015113595661611589,-0.009259303154588248,-0.035718048379316844,0.006920486172073853,0.00995030945280695,0.0037617111126924565,-0.033522726277075525,-0.011904990936091438,0.01591539962157901,0.0,0.0069524152147363025,0.025975562738922976,0.03794500434569137,0.012959105319364186,0.00852676044235551,0.02061927734399099,0.0,0.0,-0.026433302111003445,0.016194697111589867,-0.0059701665568319935,0.05315257055105539,-0.01600032608667548,0.0,-0.01257876994641129,0.006116221220186421,0.013902960322403854
2026-01-27,0.006116221220186421,0.00583089499130505,0.037568452304283684,0.014371557947809047,0.025951426675989105,0.022356875035942754,0.02634397694579018,0.0,-0.03509133855290389,0.031676817473067526,0.004926067589080451,-0.010040264505423354,0.009496784005849792,0.003442357445772434,0.01488857159107909,0.03653365669512124,-0.022989495542170862,-0.0034542897587321367,0.0,-0.0025062549234146783,0.011299544599374666,0.014859171266314012,0.027683506418632774,0.0,0.005757056077934487,-0.0034246874651035,0.010582064929441137,0.009964549556899889,0.0,0.023397578024838692,0.01017817938857873,0.005367704644196486,-0.002980625384547116,-0.05786742315801724,-0.012048337641206453,-0.011834491254951354,-0.016260505111694693,0.0,0.0,-0.006116221220186404,0.015464080523099208
2026-01-28,0.0,-0.03550674903474713,-0.03409433900820396,-0.010759273775154446,0.006383952732837891,0.003395584193428367,-0.010050351655798756,0.0,0.0,0.009972346847236606,0.009780046685864041,0.013032723379420597,-0.01523837557190871,-0.010362827076087615,-0.016139385427403792,-0.013544138470422544,-0.023530587180201755,-0.018333057701052057,-0.0049627479711398595,-0.007556736302185127,0.05996347327187628,-0.0178576423921361,-0.013745917795605161,-0.01652928566578902,0.03497259816979594,-0.005158997639611147,-0.015915420968564818,-0.0028369263432630443,-0.01043161357734221,-0.009615426317784956,-0.033465213841594975,-0.004291814738575476,-0.0029895360782868233,-0.012848151869964072,0.0,-0.021661419213054738,0.04800917338361099,0.03278979077748378,0.0,0.0,-0.008368018014719475
2026-01-29,-0.024692588966579474,-0.03681388810340538,-0.02102863904673882,-0.026798120436980297,-0.013730141530960105,-0.01365206973923208,-0.020408904213264266,-0.007547213277003642,-0.027150948178240063,-0.0055278391185935956,-0.029631790972282107,-0.00918834464318084,-0.0038461548842174623,-0.003478277909190989,-0.008799534873335933,-0.009132461407166392,0.00947873538604097,0.004395596596716942,0.0,-0.005069695005894513,-0.021391169524983083,-0.0555697787417187,-0.010434979506144505,-0.01680720250373277,-0.01789766022661127,0.0,-0.021622438701109394,-0.005697972957687374,-0.007655531574392432,-0.02115624679509629,-0.007884368273351032,-0.018448701800361386,-0.01812736761737642,-0.035091237230941395,-0.012195198241105832,-0.0024360849869958135,-0.048009173383611034,-0.024490996172794488,0.0,-0.01857636774639301,-0.01468175845282292
2026-01-30,0.006230543734639389,0.0062305227066985205,0.012903367806023974,0.042302359358314015,0.029066488638312914,0.013652069739232083,0.004115278923272641,-0.015267487766720322,-0.009216716122538174,0.002214760973509316,0.0,0.0,0.007677573520835802,-0.003490418567270277,0.0100503487096606,-0.00921674434479919,-0.019048177668910055,-0.0176995855417133,-0.015037875502477281,0.0038047097030270475,-0.005420062216286015,0.02507964292203339,0.006968793095609155,0.0,0.01122354625287443,0.006872848942291078,0.0,-0.004294957573777945,0.018087145151734613,0.05907543064134839,0.007884368273350968,0.006550184807501116,-0.015361270533752153,0.026433168090299077,0.0,-0.019705079232348908,-0.01652928566578902,0.008230491061099875,0.0,0.024692588966579433,0.0057549997554850385
2026-02-03,0.01234582401175363,0.006191943537858619,-0.0023337166843017364,-0.03614861876300851,0.01245572762966999,0.011794559919525369,0.016293625289991433,0.007662787523768298,0.018349148916147487,-0.0044345456337444526,0.005000019331642003,0.012232556840809858,0.003816794879762768,0.006968696476461335,0.01611937241227436,0.0,0.0,0.0017841157890760707,-0.00506332222184382,0.017566300473859292,-0.021978951350272766,0.015361269456627582,0.006920399861402155,0.0,-0.008968715327112924,0.01022155041300185,-0.022100456870808957,0.012829856874728257,-0.042395607088335376,-0.032298935840405524,0.020726204550216405,0.008667472559882471,0.01536127053375201,0.07130907878139885,-0.0061538646613378475,-0.0049875436002495875,-0.01680720250373277,-0.02489752698831648,0.0,-0.006116221220186404,0.004230277866415337
2026-02-04,-0.01857636774639301,-0.025001269357053716,-0.007034121609002565,0.0012263021838657072,0.00617012104686494,0.0,-0.008113627733940485,0.0,0.009049895345791011,-0.00222472306840791,0.004975143466564272,-0.0010137080557741332,0.007590162055527754,-0.003478277909190989,0.0024570068396222514,0.004618990681854966,-0.0194180678768161,-0.0026773687560295027,0.01010107424777164,-0.013776073383878923,-0.016807102601408698,-0.027822507212523793,0.003442322920949196,0.0,0.008968715327112875,-0.010221550413001903,0.01111124726535063,-0.0014174226632795578,-0.017875332804779553,-0.0024048220150603584,-0.007722135997359051,-0.002159809251849641,-0.024692588966579474,-0.012220019897856984,0.0030816660794833394,0.03922067162161262,-0.017094417683034165,0.008368241322527527,0.0,0.03021375030039692,-0.0031165530141244128
2026-02-05,-0.14069990729574572,-0.0387144991771844,0.002350285714242794,0.0,0.001755897578759588,0.0,-0.002038759854870941,0.0,-0.009049895345791143,0.0,0.0,0.004048584813456464,-0.0037878797250464123,-0.010508018768825875,-0.003687807660817513,-0.02331119330924414,-0.019802608596683105,0.006236079428162966,-0.01010107424777153,-0.010139455162788658,-0.03448614298701731,0.021706271625627133,-0.012100373464318118,0.0,-0.02143335185521685,-0.006872848942291102,-0.02234727393925438,-0.008547126893620326,0.01689064516830442,0.0016038054682805307,0.002580718274876583,-0.021858814570309516,-0.04473592744204911,-0.041847239763339796,-0.015504184217720663,0.0,-0.017391726485559075,-0.03390162018676693,0.0,-0.030213750300396826,-0.006793618737554116
2026-02-06,-0.014492993530554128,0.0,-0.007067262528496887,-0.0024539268553100645,-0.010582103933899476,0.0,0.014184598455671701,-0.015384841617457826,0.009049895345791011,-0.008948610181715432,0.0,-0.011173265962353112,0.0113208649296784,0.013986296678016817,-0.014888571591079038,0.018692202627389264,0.0,-0.0026677764496276014,0.01511363624265415,0.005082578595219441,0.0058309146364764605,-0.03115513594547703,0.0,-0.017094417683034165,0.0034148638763323047,0.0,0.011236026673903618,-0.002865307317828436,0.00980398932881178,-0.0024066738068757327,-0.005167988569336523,0.005509661085962764,0.0032626425892958387,0.021142553857723956,-0.00941922049044212,-0.002406654409723918,0.017391726485559075,0.008583735786265884,0.0,-0.012345824011753648,0.0010450433482490301
2026-02-09,0.16142344456093935,0.02597545195807564,0.010582194560921685,0.014634400422029552,-0.007117521478256962,0.010000150787730807,0.0218914760871117,0.03802743439413755,0.008968620038839652,0.022223201371078985,0.0,0.004077473751843094,0.007476663345923151,0.03077169448694802,0.012422595571002636,0.03189334422238787,0.014888598400041446,-0.006252859286051304,0.01980258491507193,0.01509467634735855,0.0,0.046376114759994036,0.003472204214123251,0.0,0.015783812085104307,0.0,0.022100456870808936,0.014245273294361344,0.010674472628154226,0.0040079884938796625,0.010309406291819027,0.01634915348434689,0.009724540873323983,-0.0873918780185292,0.021841738628679393,0.009592403279430914,-0.017391726485559075,0.0,0.0,-0.018809313681050734,0.010602512403873846
2026-02-10,-0.02515853511234698,-0.019418079818268576,0.0,-0.007290490352348164,0.019452445218073527,-0.004987615948653511,0.005888113622313397,0.007434985903565167,-0.008968620038839711,-0.00661532248721128,0.0,0.012133605603430374,-0.013121030663829657,-0.01697831915005789,0.0,-0.013544138470422544,-0.009901061633650766,0.003577809274469618,-0.014815023433404741,-0.0012492438893910822,0.06744128230222217,-0.012158148115251179,-0.006956590185928391,0.017094417683034057,-0.019198675961436484,-0.0034542614790665075,-0.005479476021081706,-0.009950315720583377,-0.02146412015896492,-0.0008002981402241422,-0.015504241771597593,-0.008686294505659626,-0.016260505742097555,0.0831989971864615,-0.003091192108912524,-0.016847664261667297,0.034486144168593025,0.02531788440050099,-0.025642482545709326,0.006309163024485387,-0.002149290118213172
2026-02-11,0.037504359124100606,0.0,0.004667439723603908,0.0012187686773408807,0.0,0.02143533126948251,0.005853646587105922,-0.007434985903565185,0.017857518396125913,0.0011056507972728488,0.0,-0.004028199056637114,0.00751882500082888,-0.010327153921190818,-0.008679634727739602,0.05310970039934064,-0.004987536766390735,-0.006269591828170136,0.00990104949101632,0.0,0.010810905654593712,0.024170321525492346,0.0,0.0,-0.002283144776941173,0.00345426147906639,0.02173996140883182,0.0,0.00589961984238542,-0.007231885400254934,0.005194835479778502,-0.005467487492115026,0.006535964868773553,-0.021232337948247526,0.0061728581883957806,-0.004866133397053981,0.0,-0.008368241322527534,0.0,0.0490895635058816,0.005051467506054253
2026-02-12,0.006116221220186421,0.0,-0.007009469180463195,-0.001218768677340877,-0.007029874222718904,-0.009836130638245691,-0.0019473472342316875,-0.007490679256724252,0.07663331963066072,-0.001105650797272936,-0.0024845077994949524,-0.0010096143362832743,-0.0075188250008288715,-0.0034662214156991147,0.008679634727739511,0.012848164625830192,-0.010050326220427584,-0.0063092173543973454,-0.024938924993493667,-0.005012517564603884,-0.03278985700486635,0.005952406857414961,-0.00524936555872018,-0.017094417683034165,-0.0022883694579916916,0.0,-0.010810936779858268,0.002853044835331789,0.0,-0.004040376414867314,-0.007802408261053063,0.016313591249624323,-0.0032626425892956865,-0.00862074938640142,-0.01238405735090346,-0.017220575096053656,0.0,-0.01694964307797349,0.03822125249212064,0.0524902029006039,-0.00315920420938096
2026-02-13,-0.024692588966579474,-0.01980262101579345,-0.00824016510406222,-0.0024419418580781766,-0.025905871489617847,-0.00661158468258322,-0.017699585608234956,0.0,-0.03333654035569396,0.0,-0.010000101466997396,0.001009614336283334,-0.001888617886725481,0.006920469630315243,-0.004950511101231875,-0.008547040730825815,-0.010152361634350938,-0.014572157809447477,0.005037752025927642,-0.010101108768313894,-0.011173290180334456,-0.014947946133749942,0.0,-0.017391726485559075,0.011389620367299819,0.0034422873131355505,0.005420077863040709,-0.0057143225022934846,0.0048900276884252195,-0.023761850498100083,0.020672644455672098,-0.017410727520798742,0.0,-0.008695606941712829,-0.006250019403375182,-0.015000287108864578,0.0,0.008510681896768206,0.0,-0.005698015696033632,-0.006480637441352228
2026-02-16,0.060624634964517955,0.006644514082602397,-0.009501232622226468,-0.012300333577886804,-0.004535167456227595,-0.010000150787730668,0.0019821836774224773,0.014925665160289389,0.0,0.006718997367987594,-0.0025156987391460684,0.0030226455089908673,-0.042477387197709056,0.0,0.023299524608939626,0.004282600222871592,0.01015236163435085,0.002748503647155544,0.014962871447689352,-0.006365394184003458,0.027702642073505958,0.03259548735482095,0.012205955744648705,0.017391726485559075,-0.0011331639402967992,-0.0017197459388662083,-0.005420077863040653,0.03242003539226105,0.0058366805685648145,-0.006655656522788895,-0.023287034453016355,0.020641771953776696,-0.003273322279477878,0.004357202130503372,-0.015798114469612445,0.0,0.0,0.0,0.0,0.0056980156960335475,0.0009882617898089082
2026-02-19,0.0058651137113246805,0.013158106933191012,0.010682679923760851,0.011077031595625255,0.014440705824694058,0.010000150787730807,0.0019781657794015676,0.007380114604610096,-0.008510642930837677,0.008888938939973553,0.0,0.007017637738925139,0.019531851816036117,0.03056260385742795,-0.0060790245747912594,0.02531795247241309,0.034742915550449546,0.0018281478982628567,0.009852275462265052,0.01897590239787334,0.03226083119837014,0.005813977812593763,0.01034485623745076,0.0,0.01015243629827933,0.006861143730445394,0.016172890093217467,-0.011157690477622299,0.018260891375699778,0.009140141380291903,0.0104167982583974,-0.0021529385971691428,0.022691390156293966,0.0,0.012658394940285155,0.010025150538409473,0.01680720250373278,0.008438961181205244,0.0,0.03352272627707552,0.006211772866479948
2026-02-20,-0.023669792091886934,-0.013158106933190956,0.0023583695941356247,0.0012233019822615624,-0.005390845833831827,0.01317974327129722,-0.005946469991242793,0.0,-0.03478613634412895,0.0,0.007528249674228431,0.0,0.005785885630212574,-0.01008407647981364,0.0,-0.0425597194194797,-0.00980399092998061,0.0018248118713481841,0.004890005081886959,0.009975157673873136,-0.021391169524983083,0.0,-0.005159009908204968,0.017094417683034057,-0.007887391024934,0.0017079969376194066,0.0,-0.007037335679792361,-0.001906669097840502,-0.007472049601172046,0.010309406291819027,-0.002157375238371577,-0.03257614007055464,0.0043384048112094864,0.003139719529327168,0.004975136570455142,-0.01680720250373277,0.0,0.0,-0.016620931367026272,0.0004108319830227334
2026-02-23,-0.0060060184699918355,0.0,0.0011771599185841967,-0.0036743435401587173,-0.004514692534634484,-0.0016380800541331442,0.009891293167466179,0.014598725340427063,0.008810688277332146,0.007713503401217435,0.022250678388945823,-0.0009995231984015918,0.0019212741795516252,0.003372697479018511,0.007290501411786407,0.02575253970439499,0.004914010196641713,0.02431455775226178,-0.004890005081886913,0.020872328241692623,0.010752781438702515,-0.0474867325488015,0.0,0.0,0.017937683802113264,0.010186759495013088,0.010638418226083177,-0.0014134158473014416,0.0009537889722325364,0.004158056251588683,0.012739009291378639,0.0043103138355406745,-0.006644536402944578,-0.0043384048112095125,0.024769064414347078,-0.02512695992560114,0.033336488169521845,0.008368241322527527,0.0,0.0,0.0029338119699667347
2026-02-24,-0.024391430073128693,-0.02006755713870844,-0.007083835246142243,0.015825095425841366,-0.012750680485937286,0.014646374889610361,0.0019665912823688615,0.0,0.008733631679096845,-0.004400443105183411,-0.019753763524100087,-0.020202687854778488,-0.0019212741795517096,-0.006756808551776593,-0.007290501411786381,0.01263176788593229,-0.050261786586310205,-0.01253369381308365,0.004890005081886959,-0.010995692376728141,-0.016172843654988424,-0.05948542420521166,0.003442322920949196,0.0,0.008849659895133508,-0.005080449702901084,-0.010638418226083208,-0.0028328390829126405,0.019821343620685765,-0.004158056251588569,0.0025284553219608046,0.0,-0.03045917798962703,-0.013129193832192241,-0.0030627890782138774,0.007604572093824487,-0.03333648816952178,0.0,0.0,0.022100391762831545,-0.0022608107683270554
2026-02-25,-0.006191964306195913,0.013423043056106077,0.0035483057334225712,0.0036166987628658605,0.00821551302970979,-0.0016168922966694164,-0.02789027823634076,0.0,0.008658120239188747,0.0011019537304638209,0.007453433940758483,-0.02166150033277437,-0.007722038985425331,-0.010221510598281297,-0.012269988932916547,0.004175411829152675,0.010256490134848532,-0.004514734652935899,-0.009803979024275343,-0.04909737570559467,-0.010929059852906334,0.025479120524687714,0.0034305959348832978,-0.017094417683034165,-0.008849659895133468,-0.005106309792112008,-0.016172890093217412,0.00565774444292859,0.02583166675407106,0.00166531388208043,-0.010152407612976288,-0.006472562363560912,0.0,0.021787262972834665,-0.0030721985818546855,0.007547238894922596,-0.05218570446217314,-0.008368241322527534,0.0,-0.005479460395805272,-0.003540991558149866
2026-02-26,-0.006230543734639407,0.006644514082602397,-0.0011814473015343279,-0.00120409348832665,-0.0045558289389422925,-0.029558761758758607,0.010050351655798671,-0.021978839945037153,-0.008658120239188825,-0.005521846353188035,-0.007453433940758548,0.003123347974977056,-0.0019398167285818448,-0.020762071813351293,0.0024659760200764877,-0.004175411829152582,-0.02061932901721874,0.002711313788856042,0.0,-0.03813740538919476,-0.022223181677700817,-0.0063091778319892215,0.01866034778032129,0.0,0.0022197945614252507,-0.006849394729198552,-0.04445171133542556,0.0,0.014466870571698551,-0.00835427933791487,-0.005115057000363165,-0.002166829274407702,0.0,-0.0043196643294328005,0.0030721985818546993,0.0025031012003092997,0.0,-0.008438961181205271,0.0,-0.033522726277075525,-0.00393844561398735
2026-02-27,0.024692588966579433,-0.06145276072794012,-0.050920067120653154,0.011976067006157342,-0.027779550469884774,-0.0033388966169896773,-0.014098986258478685,0.007380114604610096,0.05908899967423165,-0.004439514833672001,-0.012547269033459351,-0.012552454174974605,-0.021590658679159096,-0.010544954636966005,-0.006176649989955668,0.020704674189942703,-0.04255957392650997,-0.008155955077591995,0.0339014502711978,-0.0013414081246942414,-0.005633812421074309,-0.051959731808562684,-0.015241562291415293,-0.035091286779138975,0.011025446216740014,-0.01210045909084221,0.016901705856724576,0.014005780533112414,-0.013556494887096588,-0.02377022044804856,-0.0051414177224825735,-0.026375245501457357,-0.02787642598232802,-0.013071984343593721,-0.021706275336133382,0.0198025767162171,0.0,-0.017094417683034165,0.0,0.0,-0.014073756362864521
2026-03-02,-0.05001044853181241,-0.035846149678241665,-0.012515772675130531,0.007117582749315217,-0.008486563998730857,-0.020270935816128727,-0.01636026961058429,-0.014815100508175227,-0.0855222179879468,-0.016825929113299554,-0.005063249893284863,0.0,-0.00597011373266383,-0.025045955963341228,0.012315501747570515,-0.024897491737058186,-0.027549991219932637,-0.027677021030752466,-0.028987476328809447,0.0026809538402246067,-0.03448614298701731,0.12221761209613022,-0.029439380285667,-0.018018488085736913,-0.018816273915453163,-0.019315812472365957,-0.07539795179097386,-0.0069784042859842455,0.01265838293507408,0.005141340759708878,-0.0077620330235610175,0.00222478317506934,-0.021429371382642688,-0.004395614299808073,-0.00944888776288556,-0.0273308160885368,-0.03636760869192046,-0.035091286779138975,0.0,0.02801301003276436,-0.009599657350910411
2026-03-03,0.01273908961882172,0.007272815236675338,0.010025179351571194,0.016413021990280403,0.014104553514396954,0.010186830883530878,0.008213591734884887,-0.007490679256724252,-0.008968620038839711,0.012366617064980429,-0.01020418842498925,-0.005277077284427373,-0.004000096886446756,-0.03315215584021479,0.00853135712118552,0.008368229376267968,0.0,0.005597010642923108,-0.014815023433404741,0.002673785540330237,-0.011764830029498071,0.017544333773747214,-0.024912336901376172,0.018018488085736917,0.0022321817913238447,-0.007117437067210171,0.029675824018980376,0.006978404285984214,0.010723951693186908,0.0,0.0025940444542245575,-0.00892866104778381,0.010772086837747724,0.017467598643401874,0.012578780299443563,0.00752823937231977,-0.03774040439905813,-0.018018488085736913,0.0,0.01643877609721746,0.006881293293944987
2026-03-04,-0.025642482545709326,-0.05205640447841566,-0.008766591055026826,-0.011696034323873509,-0.0074976581568518535,-0.015319426786989828,-0.010277498480789635,-0.007547213277003642,-0.01818232813940033,-0.005602277099279644,0.005115109838702186,-0.016000300653732667,-0.010070521112402926,-0.018904227637506908,-0.0012144191761015416,-0.008368229376268039,-0.057487035748264206,-0.004661997375697145,-0.004987561481667125,0.002666720566289734,-0.01190496206238883,0.0,0.014311511789050328,-0.03636760869192046,-0.001115468066347491,-0.010772093856327656,0.0058309310955549365,-0.015417270045826832,-0.0062416105805513855,-0.014636521058867431,-0.002594044454224525,-0.002244650397334208,-0.04754089916459048,0.0,-0.00941922049044212,-0.010050340095231883,-0.0194180678768161,0.0,0.0,0.010810905654593712,-0.008052416725557777
2026-03-05,0.01290339292688759,0.007604657732665291,0.011257184378586159,0.0,-0.019953191618556396,0.00342465599097789,0.012320423370357604,0.0,0.00913243279360934,0.0,0.002547745871554535,0.0064308331413835676,0.010070521112402905,0.0,0.0012144191761013891,0.012526179400060202,0.005899716318173401,0.010227855769083994,0.0,0.011912756249090455,0.005970161462833876,0.028573342911221156,0.012356698979360082,0.08855331315409355,0.0022295863986095945,0.010772093856327629,-0.011696061459594323,0.011236046789688797,-0.0071813512449473834,-0.003475230824642647,0.014388755401927276,0.010061538564977681,0.011173289684249525,0.004319664329432826,0.012539347357259315,-0.0050633041097093365,0.019418067876816054,0.0,0.0,0.005361938000394903,0.008782311819865447
2026-03-06,0.02531785956523302,0.0,-0.008744627192585515,-0.002355829810354196,0.000959309223053865,0.005115093393568426,-0.006141237701180016,0.0,-0.018349148916147393,-0.007896227900768478,-0.005101999335355298,0.03361667900519021,-0.016161953165857588,0.0,0.0543226944545135,0.020534603663758172,0.017493140423409482,-0.02150613244791261,0.0,-0.014579476815380075,0.0,0.20067068928710385,-0.012356698979360101,-0.017094417683034165,-0.008948543626243774,0.0,0.0,-0.008415194246754453,-0.0009013498468148766,-0.00698690455145378,0.0,0.008859445834173862,0.011049825512574631,-0.035091237230941395,0.0031104219478817444,0.002534887057272617,0.019048177668909923,0.018018488085736917,0.0,0.021164791166404323,0.002832843129485474
2026-03-09,-0.03822125249212061,-0.08701137698962981,-0.025414257313733327,-0.021454807611525187,-0.037113676896797745,-0.025841194056286026,-0.02705690622180406,-0.007604700242951893,-0.05715838731584067,0.0,0.01774438517690377,0.011299519830985965,-0.03312929268291544,-0.038915377946228104,0.003442265286409701,-0.08479654187271618,-0.07188723165328811,-0.03071263009601571,-0.030459204301444272,-0.03671383449958459,-0.036367610005954516,-0.033178366825146646,-0.03617034562692691,-0.05310977486487591,-0.028492004403098705,0.03336574019852354,-0.03755749293137302,-0.025679006103410406,-0.012704331061553852,-0.02305071745714507,-0.031664884759671726,-0.04217147748471669,-0.05264377361130946,0.0,-0.012500160880584196,-0.012739000075695424,-0.058268854142409246,-0.018018488085736913,0.0,0.07560273044173646,-0.02587823506124706
2026-03-10,0.019293261114412995,0.04839652366609032,0.010243338536422194,0.023810637421879374,0.024571232331623064,0.017301444671739663,0.027056906221804015,0.0,0.03846624366902206,0.014615225268756015,0.006349251899202967,-0.002044939737195085,0.029047658136671237,0.027398890732788644,-0.03141615369239291,0.03905047622070696,0.036589412849316556,0.013552994978683303,0.025446642306561653,0.02732410646462391,0.006153859705557772,-0.054468914354975514,-0.06269862014236745,0.018018488085736917,0.040775794259617484,-0.010416757350923254,0.02439144953323888,0.02144473771317449,0.0027945740216124312,0.03003762200859894,0.01595777025991132,0.02415298939897977,0.041593948098734956,0.0,0.01250016088058419,0.030305300823613487,0.01980260859668314,-0.009132474615119266,0.0,-0.04467239775171135,0.01629848361054131
2026-03-11,-0.0590335521056746,0.0,0.018928018455767623,0.01285803351580417,0.010622997548982861,0.011935333577974694,0.0,0.0076047002429518095,-0.019048206014386275,0.013303952966471196,0.007566233103822359,0.0,0.0,-0.011650568442618418,0.02140394534293568,0.021053511964458843,-0.02424358883756287,-0.010633294720610753,0.014962871447689352,0.013387081833809367,0.042048267218125074,0.05205631271963129,0.0,0.05218570446217316,-0.002222261043928816,-0.008764323467288565,0.006006023189359962,0.007047186101843496,0.018433684270128904,0.0043422175291059064,0.005263165090945669,-0.005698042789053764,0.014706133209623233,0.013303974258106869,0.006191969323538508,-0.032872728121166005,0.03846624554572604,0.03603990164082969,0.0,0.00506329706666151,0.0041636528035675175
2026-03-12,0.0590335521056746,0.023347263600202693,-0.0012508396174865483,0.0011608811514896022,0.0019194470161917965,-0.00261900515003773,0.012552454174974593,0.007547213277003725,0.05608949857735239,0.0,0.01000007379760166,0.012207667440051305,0.008146677051625077,0.0077820763807278735,-0.011834503060066504,-0.025317952472413207,0.024243588837562967,0.0115942939673196,-0.0049627479711398595,0.00882259630199189,0.017493140423409482,0.10536052717563239,0.013632205066766247,-0.017094417683034165,0.012161666024629567,0.012248590159264333,-0.012048336763914879,0.01117334233789535,0.0018248597850706663,0.006047534990408401,0.005235609152347886,-0.005730696632532716,0.01449299353055419,0.004395614299808029,-0.007518810230592076,-0.024886688106208713,0.0,0.0,0.0,-0.005063297066661577,0.0013041623955552522
2026-03-13,-0.045610544661024634,0.03030549153408743,0.0012508396174866958,0.002415400157722015,-0.0038835888409663663,-0.01054490345582453,-0.004166668762577977,-0.007547213277003642,-0.03704129256296604,-0.03359780697706415,-0.007490664594348024,-0.0020243384981853702,0.004048584813456464,-0.011695990974361388,-0.0035777896075703734,-0.008583724117875998,0.005970161462833876,-0.016465207761097448,-0.02611118106761108,0.0,0.10939855620472233,0.03208833528355106,-0.005819619680640188,0.0,-0.030119483332435474,-0.008733705856501635,0.0,-0.013986260049503098,-0.031484095509171243,-0.02294895334414942,-0.005235609152347987,0.005730696632532733,0.01428594386615902,-0.022173871881693844,0.0,-0.026883313545619493,0.09015112220120755,0.06840276263062166,0.0,-0.005089064567689295,-0.007132307942324992
2026-03-16,0.03278979205930277,-0.007490729015390742,0.0004488166846321915,-0.004836764199049148,0.0009723120873157967,0.014035305200489975,0.00208555419132783,-0.007604700242951893,-0.009478807397925552,-0.006857108690263342,0.0,-0.006097525498911612,0.0,0.003913914593633632,-0.004790423808819532,0.012848164625830192,-0.011976179932825855,-0.0019551035509202076,0.0,-0.004062322424309712,-0.010416751156715455,-0.03644563657852305,0.0019436697460568913,-0.035091286779138975,0.006772150054856999,0.01739187763420835,-0.024541030306597957,-0.0014093630302199837,0.029659235724100605,0.0017841626227588217,-0.023905498144139285,0.005698042789053831,-0.017889547963743268,0.01336323652098344,0.0031397169492848147,0.0,0.0,-0.025105997108422044,0.0,-0.02061932901721874,-0.001348831108063688
2026-03-17,0.01282075260172188,0.00754719816612951,0.007662865278947024,0.012048384201170593,0.003879729607110218,0.01039877998110434,0.012422507734227345,0.0076047002429518095,0.01886861000528489,0.0022908949361331405,0.005000065104307523,-0.0010199112123867836,0.01603248777474598,0.007936542086844474,0.008368213416389996,0.008583735786265884,0.041303837273963445,-0.012801707701942121,0.005277052121341313,0.008108144952543106,-0.026526729166799174,0.07768855658027576,0.019231335372513467,0.0,0.004489313816646322,-0.008658171777706726,0.024541030306598068,0.0014093630302199223,0.0009128461566319706,0.01591539804428352,0.0,0.0,0.03546467658313273,0.0044150210609024375,-0.015798101405066645,0.0027210874663637827,-0.035091286779138975,-0.017094417683034165,-0.03822125249212061,-0.010471290063899706,0.008469438564561442
2026-03-18,0.006349221431296268,0.022305735765589245,0.011385281246753002,0.01780457894851043,-0.006799413695085314,0.011996663906413125,0.014300487850344563,0.0,0.009302341039459247,0.013636562387651652,0.012391661123691325,0.0030565212584707452,0.017734390876625962,0.011787944708691447,-0.009569442282869082,0.012739014169903515,0.02285811627493255,0.0,0.0,0.010709660627136904,-0.005390843438307593,-0.010152313468980687,0.04669382271671768,-0.018018488085736913,0.05022891252106265,0.01210045909084221,-0.006079045184225655,0.002812917711607738,-0.0009128461566319304,0.01739180905944718,-0.005390843438307593,0.018018488085736917,0.027493196619055086,0.0131291938321924,-0.006389868187525432,-0.005449599457101125,0.0,-0.008658054700508611,0.0,-0.021277378208016652,0.010939465111619648
2026-03-19,-0.006349221431296386,-0.029852933931718725,-0.010113856786534538,0.0035231667026496354,-0.025667769056748654,-0.01199666390641306,-0.01224503963950984,0.007547213277003725,-0.01869214364681863,-0.020525162036484038,0.007362047842330416,0.01313814902878626,-0.009813565238323423,-0.01178794470869139,0.0012012288664791963,0.016736876257225072,-0.07020426234687842,-0.004967703381249652,-0.010582099318558446,-0.010709660627136786,0.016086122327765937,0.1118698798611655,-0.01655974429034332,0.0,-0.03909307075259139,0.013652112042157412,0.012121358758780546,0.004204664047619002,-0.002743461540416739,-0.013889181725769854,-0.010869661673387007,-0.06453857080810949,-0.006802740702696069,0.0043384048112094864,-0.0194180678768161,-0.0027359771418190757,0.03509128677913902,-0.035401893431374704,0.0,0.07257068514391353,-0.005274636114640324
2026-03-24,-0.06581323251580311,0.00754719816612951,-0.005095547628986277,-0.009422911402011267,-0.03562721717369347,-0.022668819242311525,-0.0020554482108346927,-0.007547213277003642,-0.019048206014386275,-0.0034622869875178,0.014563349860448363,-0.00503274248199306,-0.025975508678431056,-0.052750514340708723,-0.006020510872502626,-0.02096520853036036,0.012048327267974135,-0.01971493019453543,-0.01069527888945819,-0.014915484201620588,-0.0434851358943245,0.05675284599720705,-0.018727121491084,-0.037041347336331645,-0.005552473518515068,-0.006802717312958901,-0.03681389222601907,-0.0013995685423184886,-0.011049825512574671,-0.018527221284089717,0.013568716037264268,0.06118476862642241,-0.0206904559163591,0.008620749386401498,0.02261814384986192,0.01360563881520608,-0.05310977486487591,-0.009049826732992521,0.0,0.03922067647349922,-0.0069690066619123945
2026-03-25,0.020202687854778384,-0.015151880967518485,0.00763361767689211,0.009422911402011274,0.013381580922814239,0.00877963751654155,0.014300487850344563,0.007547213277003725,0.009569398616460683,0.012636654233122609,-0.009685296229311491,-0.011161927805263965,0.010070521112402905,-0.02105348951614806,-0.0024183209047600263,0.0042283322731352085,0.005970161462833876,-0.004479794323407976,-0.010810905654593653,0.0,0.021978951350272665,-0.06040915369425566,-0.009496784005849865,-0.038466245545726065,0.0011129851863461424,-0.01029168204233403,0.030771578651464185,0.009756160397571973,0.0,0.005328646794962176,-0.02179920709836396,-0.0033651951863005233,0.013841120781837989,-0.02169273372999522,-0.019355501260566236,0.018742163862969754,-0.037041347336331645,0.009049826732992556,0.0,0.004796167875959231,0.004624257270247392
2026-03-26,-0.013423007444650008,0.05205640218045205,-0.01019116141077373,0.003510908975371523,-0.00821359089721744,0.0,-0.022564989557944313,-0.015504263907377904,0.0,-0.00572413583227633,0.0,0.02717827128576328,0.0020020485387774287,-0.017167787811240575,0.007237602910783497,0.0,-0.018018488730808243,0.0,-0.021978951350272766,-0.0013670854902367677,0.026811231741269096,0.06040915369425568,-0.0019101729294405552,0.0,0.0033315423887810345,0.008583685104714644,-0.03077157865146418,-0.0027777561115877895,0.014706133209623233,-0.0035492461323130718,-0.025105963433480493,-0.01016374629864795,-0.006896572255120058,-0.013245235305711018,-0.02640414926194726,-0.005319156418319687,-0.019048177668910055,-0.018182301348111753,0.08701137053891049,0.10440313199415831,-0.003378512739044066
2026-03-27,-0.006779680410128465,-0.05205640218045203,-0.014184652436154898,-0.01411798028404588,0.0,0.001746765343429994,-0.004158006026627518,0.0,0.0,-0.0011487915070965734,0.014492993113220902,-0.0009934700420366795,-0.024292669118037107,-0.0043383975598869666,-0.008449017806745519,-0.021322749956169382,0.012048327267974135,0.010758227884596282,0.0,0.00409559748097391,0.05657035905723801,0.0,0.04486729635393114,0.0,0.009436654710013394,0.011894756432632481,0.006230548344866196,0.0,0.0036429877979378892,-0.008928664956833478,-0.011363747874334036,0.04440236683144519,0.013745907389641179,0.004434599945000584,0.01658411227764279,0.007968162080333152,0.019048177668909923,0.0448505229944361,0.0,-0.017391726485559075,0.0010281812980680218
2026-03-30,0.026847224257723172,-0.031010208081312926,-0.028987509552559205,-0.020347694502329445,-0.02611114452388126,-0.02294895334414942,-0.029600542256902927,-0.01574834218524093,-0.009569398616460697,-0.03390154789575934,0.019002928829705303,0.06540786138656661,-0.022798942414447923,-0.03991656941231858,-0.004860272235849283,-0.04405994813188329,-0.03658941284931647,-0.0006058905448542524,-0.022472834779709076,-0.0403112195361975,0.12221762850445134,0.055336818179416915,-0.050619989170101326,0.057158472275874325,-0.016713544911183792,0.04782445905073668,-0.012500159935009018,0.004246253050879978,0.0072464016350320464,-0.018100024849794897,-0.02898750882400805,-0.010917180823618769,-0.01029167593525461,-0.04063767258066561,-0.03685505705678026,0.007905172057463819,0.12405274238797438,0.1000834635364851,-0.036367610005954516,0.0087336717850503,-0.014556725637459566
2026-03-31,-0.020067543847594634,0.01562530335027708,0.009314793987511687,0.02034769450232951,0.0031695466575543917,0.014184621799781118,0.004282657856401812,0.0,0.046957065783743174,0.01182051363968419,-0.007083904606024704,0.0009306868041112048,0.010427662775286402,0.009009061234425433,0.027629330779505853,0.017857600292717848,0.04849437491170521,0.0012114142086347627,0.011299544599374666,0.007067126736469661,0.01754429313865675,-0.00983613526541211,-0.08004263125732523,-0.01869222673014813,0.008948597461870642,-0.026102588930578794,-0.038466350790955554,-0.018532264796812182,-0.014545697130018563,0.0,0.05715835929975084,-0.014372842247307765,0.03390151879036072,0.018265360180083946,0.010186835410455923,-0.02929634158244684,0.016529285665789057,0.09097178231922884,0.0,-0.049007532246580825,0.0014563481586241734
2026-04-01,0.020067543847594575,0.07466154804886728,0.020970603999135917,0.022262259465915188,0.029108155896386614,0.026065784764974842,0.0190482276518422,0.007905172057463819,0.027150948178240177,0.020930921509077063,0.0,0.0009298214315124015,0.0286317847508562,0.02655020688292125,-0.028848127880388107,0.00881062135360639,0.034887225142181455,0.015814555384118162,0.027702642073505958,0.002812938735484649,0.008658054700508674,-0.11695966212083525,0.07618906548185483,0.01869222673014823,-0.0022296000938832375,-0.006633494293597675,-0.0065573995080717914,0.012866532618511835,0.007299295494986573,0.018100024849794876,-0.019635956130786295,0.016565875803282278,0.026317283546611638,0.009009075879598122,0.020067543847594575,0.005390843438307659,-0.03333648816952178,-0.04445171937906307,0.0,-0.03721367218611709,0.010908387621612598
2026-04-02,-0.006644536402944578,-0.02919912674017744,-0.015686581011620026,-0.010483515022541419,-0.023847734229710302,-0.017301453220606597,-0.012658384774144153,0.007843170127777039,0.0,-0.009248612425238053,0.014117980284045808,0.016590182632461904,-0.04326113038120818,-0.004376370490078377,0.0024361105434864867,-0.008810621353606442,0.0,-0.018441091536341932,-0.016529351893171625,-0.004222347285121497,0.017094417683034057,0.10034792102986899,-0.02938499730908068,0.0,0.0,0.023027272144011905,0.0,-0.005698015696033632,-0.04176939479716123,-0.013544190895225138,-0.005681828079570931,-0.012121322317095503,0.03822125249212064,0.01336323652098344,-0.009983434478912992,-0.002691789074430514,0.033336488169521845,0.1410785459751301,0.0,0.06424231844597329,-0.006222123477381602
2026-04-03,0.013245214201674292,0.07833185173733481,-0.013262844540539704,-0.026098785180284724,-0.008429968324230557,-0.01760607157677191,-0.01067250073409989,-0.007843170127777188,0.07729166441969407,0.0011607928346388217,-0.009389843352046762,0.044690190634223664,-0.023430280583042445,0.030239857156177847,0.0036429587932450486,-0.0314632391079241,0.07165598637006731,0.013463420409713657,0.011049891497366392,0.026445528962822165,0.025105997108422026,-0.011794525185087888,0.0,-0.03774040439905813,0.0,0.008097155556139152,-0.006600682979515338,0.002853066265385662,0.0056710422662696325,-0.012808989906094874,0.011331555294538047,0.013216038204338676,0.09246521005391163,-0.0044345999450006,0.01658411227764279,0.013387067963888643,0.1376213373951415,0.06371582987789336,0.0,0.026317283546611638,-0.0016500968962078026
2026-04-06,-0.013245214201674278,0.006825958405077651,-0.012088753873190307,-0.021871995961644616,-0.005305072627996234,-0.0035587191446187104,-0.004301077929863997,0.007843170127777039,-0.008298756698917486,-0.002322823782987026,0.0,-0.030170806586939884,-0.01083428014750502,-0.012848130670618841,0.02039663696868431,-0.013793308523969885,0.010582099318558432,-0.0009984221117873057,-0.00550971624431123,-0.011049891497366387,-0.07729170157059509,-0.025752512266386064,-0.007984161927725615,0.0,-0.04217147748471669,0.0,-0.0066445416528073285,-0.0028530662653855803,-0.02577703643014663,-0.022347277854463853,-0.008486605863890075,-0.0032877494432177598,0.016949542331297432,0.004434599945000584,-0.009917427277352855,0.0026560415352040127,-0.04380258071909082,-0.0313504994185429,-0.07696104407956754,-0.01746767667204602,-0.008689989695692306
2026-04-07,-0.013423007444650008,-0.034605578862290355,-0.006779712848030252,0.0,-0.0053332645945755675,-0.005361980613494304,-0.008658054700508611,-0.007843170127777188,0.0,0.0,0.004705998747108145,-0.0009013275636019807,-0.006557446338053988,0.012848130670618959,-0.01797527292735724,0.0318933325926575,-0.005277052121341222,-0.018145675521713343,0.0,-0.016807102601408698,0.0,0.02235692656401734,0.0020020485387774287,-0.03922067647349926,0.01157413723039534,-0.0032309674357594753,0.0,0.0,0.013448751375823223,0.012166749535859986,0.016901794910049242,-0.015486967745702438,-0.005617987036759381,-0.0223723124005815,0.016474821672361778,0.0026490056620134053,0.0,-0.012820752601721806,0.0769610440795675,0.004395607327108693,-0.002364704676341684
2026-04-08,0.026668221646324243,0.04811928496677107,0.028170882373013392,0.015844342196226168,0.01801851278819601,0.0142351025356305,0.021506185371127504,0.007843170127777039,0.012685146738906987,0.015003069799402276,-0.014184734133149203,-0.009968420730624762,0.0087336717850503,0.025211495542775488,0.003620973394739315,0.0,0.031252575526135445,0.027096475884252375,0.01098917664011634,0.0,-0.018018488085736913,-0.050577466909687625,0.013902939027250689,0.0,0.013714596587686048,-0.029558792827165836,0.026317304136982685,0.004276586611975298,0.04751711237600155,0.02752469065116354,-0.0027972020093996125,0.0022271171841228015,0.013986228915818986,0.03991652729367634,-0.006557394395008837,0.031252575526135445,-0.06155792547768068,-0.05299247991408127,0.0,-0.054067168985500305,0.011532350016163682
2026-04-09,-0.013245214201674278,-0.02721253704006281,-0.014657175833125058,-0.03319302270808071,-0.01481512166903452,-0.01423510253563046,-0.021506185371127483,-0.01574834218524093,-0.01694964307797349,-0.0045924264258159035,0.01886857873808785,0.010869748294226697,0.004338397559886872,-0.02521149554277554,0.009592390367769765,-0.009009061234425377,-0.005141394458524434,-0.008950800362539094,-0.010989176640116416,-0.004246253050879878,0.10354068071743179,0.040320976774838986,0.009813565238323333,-0.020202687854778488,0.002267518397879395,-0.0016681105221884216,0.006472513494232565,0.004258307732981223,-0.02674202394698492,-0.004535172426464753,-0.005617987036759381,0.012161632418628715,0.0,-0.021978814838095342,0.0,0.020305246499891447,0.061557925477680665,0.07216245394709941,0.0,0.0318933325926575,-0.005954145815557718
2026-04-10,0.0066445364029446095,-0.013889181725769854,0.0093521286359079,0.018576338766832897,0.00319316216312679,0.0,0.010810957345391062,0.0,0.008510681896768206,-0.003458186035497487,-0.007034075678021155,-0.0117808440560585,-0.002166794352419148,0.008474619285550421,-0.004784693483860293,-0.00909096283426231,0.02544664095841606,-0.011049876354337261,0.01643877609721746,0.005657718186832747,0.02429266911803713,0.0,0.015504172207925323,0.0,-0.002267518397879459,0.0,0.019169989548341003,-0.0028368786489228145,-0.028437954174627276,0.0036297645952369758,-0.008486605863890075,0.002195336095339993,0.027399013566558723,0.0,-0.006600677798729731,-0.030614667789187797,0.0,0.018809313681050693,0.0,-0.018100024068687628,0.0030022188238553
2026-04-13,0.006600677798729651,-0.021202188000719557,-0.01743841853217219,-0.01732709079189004,-0.011758516713449192,-0.016260548889711474,-0.010810957345391049,0.0,0.01680720250373278,0.006904563588962702,0.004694839837348985,-0.0045683213254873335,-0.019715896346124594,-0.008474619285550513,0.011919024223680753,-0.004576662532905611,-0.015190150823567389,0.009132499117593838,-0.005449599457101125,-0.01277521301028688,-0.024292669118037107,0.033786964913948586,-0.01160553541609122,0.0,-0.011415692333591479,0.00499592638711482,-0.01916998954834101,0.007077197314253113,0.02375408686913485,-0.01735992224863949,0.0,0.010905274992518265,-0.013605638815206152,-0.00455581208221365,-0.006644536402944578,-0.018301147270321092,-0.015037862537514927,-0.0379792877140689,0.0,0.04027386046153039,-0.006400130281757568
2026-04-14,0.013072069344937442,0.05556988107220004,0.0214198716306203,0.01117331911864117,0.0010747156922507012,0.005449643002904319,0.008658054700508674,0.0,-0.008368241322527534,0.011402566874813098,0.011641619218773538,-0.01755246332281616,0.015368067691660532,-0.004264394884352925,-0.00952387286095172,0.004576662532905499,0.015190150823567363,0.0004039680457120583,0.01086966167338706,-0.007168516922478154,-0.03333648816952178,-0.020134889076731378,0.015444308209867733,0.020202687854778384,0.00458190512543632,-0.003327815864926389,-0.012987193490820736,0.009824597595795924,-0.03633278782331502,0.004597639092906718,0.005665732178300511,-0.009809359388932652,0.018996482253513837,-0.018433683459957186,-0.013423007444650008,0.0026350451548232076,-0.030771720754924767,-0.00647250851269115,0.0,0.0,0.004512199847699122
2026-04-15,0.025642482545709343,0.033225616041333075,-0.006644567981564034,-0.006191993649176389,0.0,0.0018099966406076196,-0.008658054700508611,0.0,0.0,-0.0011343478405923414,-0.011641619218773457,0.0018622405931039336,0.004347828654464118,0.004264394884352982,-0.02176619810708669,0.0,-0.0050377891892164845,-0.0004039680457119793,0.005390843438307659,0.014286011745932307,0.0,-0.046842904597062654,0.015209494844409475,-0.06187540625445534,-0.005730696632532716,0.0,0.012987193490820611,-0.012649455472663674,0.008725135178709778,0.009132518560495809,0.014025462222215351,-0.019912196165873326,-0.010810905654593653,0.03653370752864489,-0.006779680410128465,0.002628119936122682,-0.01574834218524093,-0.01307206934493735,0.0,-0.004395607327108627,-0.0027880162547845515
2026-04-16,0.04335039926239289,0.07550755675803075,-0.006689013752792,0.0061919936491764025,0.00428724773891021,0.0,0.012959132630372629,0.0,0.0,0.0011343478405923307,0.0023392358406720136,-0.019728215079712907,0.0021667943524192055,0.008474619285550421,-0.006131250286114892,0.01360563881520608,0.01005032622042762,0.00020196589711511342,0.005361938000394903,-0.009978724371895216,-0.017094417683034165,0.0017745793586180468,-0.001888617886725481,0.0416727183996768,0.0,-0.0016681105221884216,0.006430889331871989,0.005641758404814116,0.005774839955022102,0.00904986988655931,0.008321815632248535,0.00779087384877782,0.010810905654593712,0.017778229065734227,0.016863789778809972,-0.005263165090945717,0.015748342185240974,-0.013245214201674278,0.0,-0.03132244105220812,0.003729428912274301
2026-04-17,0.012048327267974135,0.0,0.0026809642684590866,0.00982807914878778,0.009579551606990765,0.0036101086507148382,0.004282657856401812,-0.007968162080333081,0.0,0.002265058492354844,0.0,0.0,0.03822127732738862,0.004210628908069916,0.004907980574122903,0.0,-0.025317783531102575,-0.00020196589711520636,0.0,0.007137816160416206,-0.02620234783916546,-0.012488957079089652,0.0,0.0,0.003442313678817918,0.0,0.03154842790327176,0.007007697067849566,-0.012554497508327116,0.0009004300644702787,0.008253199498297299,-0.0011092878010480678,-0.002691789074430514,-0.008849606874565673,-0.010084109368681576,-0.010610169046851185,-0.01574834218524093,-0.02702864625985619,0.0,0.009049826732992556,0.003249710461236505
2026-04-20,0.023669792091886827,0.07020426234687847,0.015936640453413038,0.0,0.0,0.021391169070398217,0.002134521408939022,0.015873334137796822,-0.01694964307797349,-0.0011318879350677698,-0.007034075678021155,-0.009532997232637518,-0.02318336299156213,-0.004210628908069958,-0.014796803085972112,0.03104459213640266,-0.005141394458524434,-0.010152371464017962,-0.010752781438702409,-0.004276586611975195,-0.008888938939973515,-0.04780326028024439,0.011278304423166925,0.07847154199718774,0.0057110598179126275,-0.005020848342941338,-0.012500159935009018,0.0055710398696598214,-0.018637084522276526,0.008068188521750055,-0.01379337475135253,0.01103757656216908,-0.013568716037264155,-0.02247283417764251,0.020067543847594575,0.013245214201674292,0.0,-0.006872872530504391,0.0,-0.009049826732992521,0.004173702601355097
2026-04-21,0.04572220571876607,0.02785699409877504,0.027292146637388645,0.00973242732034403,0.024072381648472658,0.0017620713156032127,0.02318336299156216,0.0,-0.025975462271824953,-0.0011331705572871038,0.002350231073082586,-0.01350062850778367,0.008492611877578821,0.06532938457130615,0.012345765322425175,-0.00877197781718711,0.02544664095841606,0.00020402656339369045,0.03713951171022402,0.012775213010286888,-0.018018488085736913,-0.0364374077781921,0.005591852363011973,0.14058202805376344,-0.004566213754130247,-0.0067340843986561,0.012500159935009001,0.01379337475135257,-0.009950368622447227,0.02469258974538498,-0.002781640379193324,0.0032877494432178075,0.03753788331971127,0.0,-0.01333351815324252,0.010471290063899701,-0.01600032608667548,-0.013889181725769854,0.0,-0.018349120606183555,0.007625149791489869
2026-04-22,-0.0398912910822896,-0.016620931367026272,-0.00772210011839466,0.0012099491453649305,-0.010395143778893461,-0.012400459177022434,-0.008368241322527534,0.01562530335027708,-0.008810621353606442,-0.0034071280609998247,0.0046838446049385874,0.0029083619923418536,-0.006362738402164858,0.0,0.01823765733598722,-0.013303952966471248,-0.0050377891892164845,0.007318605961846399,-0.005221939105117153,-0.01277521301028688,0.02690742702571047,0.01934294500170171,-0.011215059824510343,0.03226083119837014,0.007977324098087674,0.011754932741597451,0.006269606921925908,-0.005494513919280685,0.029558820759492167,-0.014919023787118749,-0.01402546222221544,-0.005485498052988559,0.013072069344937442,0.022472834177642478,0.0,-0.005221939105117153,0.03174866827191641,0.0,0.0,0.004618941278365039,-0.002884033063153674
2026-04-23,0.0057971120756082056,0.016620931367026387,0.005154707127615423,-0.004848605320285066,0.008324702244286086,0.0,0.016667035927216762,-0.0077821332224999465,0.00881062135360639,0.006802794766490444,0.0,0.004828613016999381,0.010582149912423598,0.015686581500525463,-0.02439142900923605,-0.02257430016795056,0.02000064763127573,-0.007522632525240146,0.005221939105117212,0.012775213010286888,0.043296765522199646,0.06130060042360853,0.005623207461498323,0.015748342185240974,0.004530014546082792,-0.003344429677099636,0.04281995658395584,0.005494513919280717,-0.0009713676147683776,0.010554177276845853,-0.011363747874334036,0.0,0.02310761430387036,0.013245214201674292,0.0033500836743294788,0.013004072327616994,0.030771720754924695,0.04779070051613047,0.0,0.03174866741355533,0.006590723189532299
2026-04-24,-0.005797112075608216,0.0,0.0025673929907793006,0.0024272412789581284,0.0,-0.005361980613494304,-0.006217680033439156,0.015504172207925323,0.017391726485559075,-0.007941124890040245,0.0,-0.004828613016999462,-0.006335862900008393,0.06769503874691678,0.0,-0.018433683459957186,-0.00496278464445737,0.013178123113261622,0.0606246254686803,0.0014094085496369315,-0.03448614416859313,-0.00904986988655931,0.0,-0.01574834218524093,-0.0033956667054905213,0.005012540199288082,0.017804678380562166,0.00410113120770051,-0.007804910225958981,-0.0035056969047001798,0.0,0.0,-0.010204160244013445,-0.0176995602935799,-0.006711428144459117,0.0,-0.030771720754924767,-0.02702864625985619,0.0,-0.004474276099262872,-0.000790220598906376
2026-04-27,0.011560811248108576,0.12386942511603567,-0.01941809784395807,-0.006079069336731612,-0.01566607721385704,-0.005390800595484875,-0.018888317074982886,-0.015504172207925167,0.008583735786265884,-0.014917100390480303,0.00466200844211412,-0.0029083619923417864,0.0,-0.014652262710496819,-0.0024722456827359356,0.022989495542170824,0.014815071830292343,-0.001814336753281569,0.0,0.065418418973879,-0.008810621353606442,-0.0036429877979378762,-0.005623207461498255,-0.01600032608667548,-0.005684976837638533,0.004987539902944657,-0.005899716318173342,-0.005471964702323253,-0.004909208780967947,-0.01950418769019808,0.0056980156960335475,-0.006622587118136989,0.007662865278947024,0.004454346091905558,-0.010152361634350938,-0.002587321170901612,-0.01574834218524093,-0.013793308523969885,-0.025001277987246565,0.02655020688292125,-0.0017860938956262558
2026-04-28,-0.011560811248108578,0.023981942745787976,0.016850704853178685,0.003651828057773653,0.0021030982811968487,0.010752781208979089,0.012631835249782387,0.0,0.016949643077973472,-0.00579702922683453,-0.002328343008603325,-0.004866208169120658,0.0042283322731352085,-0.026169692073329243,0.0049382769891932795,-0.018349120606183555,0.02898751015968521,0.031578437758482986,-0.009852287185835048,0.010498774243293617,-0.008888938939973515,0.03231876081561247,0.0018778882429633585,0.0,0.004550628997046219,0.0049627877499562965,0.005899716318173401,-0.004123680424658028,0.011741806919611197,0.008025023127163777,0.005665732178300511,-0.005552506519400019,-0.0102302582697264,0.008849606874565697,0.0033955857023685687,-0.015666102115498,0.0,0.0,0.012578769946411373,0.004357301294971909,0.0071543218420257685
2026-04-29,-0.005830914636476495,-0.028848127880388107,-0.011635574199509544,-0.00243303095689129,-0.004210628908069958,-0.01617288650030154,-0.006295972349773998,0.007782133222499861,0.008368241322527527,-0.012873274252141723,-0.007017510038449247,0.002922528467036467,-0.008474619285550513,-0.015267548546999533,0.0012307975562154533,0.0,-0.004773274406909872,0.005847954879724014,-0.014962858442059175,-0.009180352321064764,0.0,0.0,0.0,-0.016260505111694693,0.0,-0.001651500796528739,0.0,0.005494513919280717,-0.012726566146882343,-0.002667915050747734,-0.011363747874334036,-0.007825606980943804,0.0025673929907793006,-0.008849606874565673,0.013468204076441457,0.0,0.0,-0.006968745732304421,0.0,0.008658054700508674,-0.005321681180692438
2026-04-30,-0.04179715970926327,-0.03980621261711122,-0.00390882712603492,-0.008562705919049795,-0.007411330597837767,0.0036166370397949996,-0.014846544796776563,0.04546242130868971,-0.01680720250373277,0.007042331892575515,0.013986227983039808,0.03159668621602531,-0.008547052740754846,-0.01160553541609122,0.029092933192540964,0.0,-0.024214235752775266,0.05207044541316048,-0.0050377891892164845,-0.014598816975027516,0.0,0.044912596527305074,0.009337171581546781,-0.03333648816952178,0.0011343478405923307,0.024490933406553363,-0.017804678380562083,-0.004118085360568834,-0.0059288184163689694,-0.008944552418123733,-0.002861229548440992,0.0,-0.02072617244601174,0.04348507135785213,0.0033388980759683543,0.0,0.0,0.013889181725769988,0.0,-0.02178733381266773,0.0009295590753324403
2026-05-04,0.047628074345739874,0.0,0.00390882712603502,0.007343908818167356,0.002123191625806121,0.017889547963743282,0.014846544796776646,-0.03774038232326442,0.025105997108422026,0.011627971586400805,0.016073754681327504,0.00938096775398718,0.010672500734099949,0.003883496430666036,0.0011940573217919478,0.0,0.03373810861372705,-0.04336210294976728,-0.005063297066661577,0.01723039488187696,0.01769956029357998,-0.03787032040515782,0.012927178232690564,0.0,0.005652948001197369,0.016000465473551346,-0.02424358883756287,0.017723724175774985,-0.003972196004524487,0.0017952881239393355,0.02546104015452383,0.010050352978966205,0.033465185842080844,0.016878122262197547,0.013245214201674292,-0.010582099318558446,-0.01600032608667548,-0.0069204359934654305,0.0,0.026088411742531663,0.010254900125660943
2026-05-05,0.0057971120756082056,-0.010204160244013445,0.02567532697736046,-0.0024419430876502345,0.007395669598904551,-0.00711746112599564,0.0,-0.007722038985425331,0.0,0.00805999170021701,0.0022753659248559606,0.0037278665522055853,-0.0021254479933449652,-0.003883496430665945,0.016568466418927705,0.004618941278365039,-0.00952387286095172,-0.020438727085089776,0.0,0.024660568730539366,0.034486144168593025,0.0378703204051578,-0.012927178232690609,0.01680720250373278,-0.004519777443910304,0.0,0.012195261569588601,0.0,0.011869564078653519,-0.009009018468760384,0.0055710398696598214,0.0,-0.002534853152055743,0.004175367253950492,0.019544577857628517,-0.008010716096175893,0.01600032608667546,0.02061926692904748,-0.01257876994641129,-0.017316433925344658,0.004393236028343936
2026-05-06,0.005763699172500381,0.030305320297493388,0.0050568960638672465,0.010942376465708847,0.0052493758583805105,0.0017841626227588217,0.008385785412396695,0.0,-0.01666703592721668,0.004576662532905499,-0.011428739421586523,-0.004662030931499662,0.0063627384021648315,0.003883496430666036,0.018605169261404868,0.018265330079867182,0.10008347485353675,-0.007897330564814337,0.015113623287089218,-0.014202967190288789,-0.03448614416859313,-0.00848184743929752,0.005560669208365045,-0.01680720250373277,0.0022624961482034752,-0.004773354238568383,0.0,0.0,-0.005917218488681364,0.0009045888093798518,0.016529351893171736,0.008849606874565697,0.05673531627381866,0.008298794604689132,-0.026145255656358113,0.008010716096175936,0.0,-0.020619266929047586,0.0,0.0,0.0053876460970375475
2026-05-07,-0.005763699172500427,-0.010000073797601792,0.013776064446554293,0.007228882631897586,-0.003146277577183601,0.0035587191446186765,0.020661872724274735,0.007722038985425329,0.08068883359442745,0.0068259043419073235,0.0,-0.004683867305492407,0.03326706964693001,0.0,-0.03636769300212449,-0.013667625367167967,0.02141407482365579,0.03122201848085651,0.004987536766390722,0.0,0.034486144168593025,-0.10592847688950834,0.0,0.0,0.0033840677678083084,0.005417830416661608,0.0357181193598611,0.0,0.016675234977803592,0.021467708563271005,-0.0027359771418190757,-0.0022050178405892047,0.019002928829705303,0.0,0.006600677798729651,0.0026560415352040127,0.0,0.0,-0.01273908961882177,-0.013186991843684808,0.0011263585806492223
2026-05-08,0.005763699172500381,-0.03580947984078617,-0.013776064446554324,-0.0036079092371582625,0.007326007918800615,-0.007130148014993584,-0.0020470328671578298,0.0,-0.01562530335027711,-0.002270092259693771,-0.016222764562698378,-0.004705819230948972,0.008146677051625077,-0.023530475407740826,-0.012019306440717158,0.02267668660159317,-0.04329676552219957,-0.01451404309854962,-0.010000073797601792,-0.007832930663269287,0.041499790864574636,0.01690174975501596,0.0018467648743243795,-0.017094417683034165,0.0011255182532255254,-0.022839470648454752,-0.029675810561878704,0.0013504056182226689,0.024028066735568916,0.0008845846319302746,-0.01657501513054577,-0.006644589033976515,-0.02140394534293558,-0.03789933686159212,-0.003294892790826186,-0.005319156418319687,0.046520062940165696,0.054067168985500444,0.0,-0.040637606353528935,-0.006153537407350892
2026-05-11,-0.017391725884585128,-0.005221939105117153,0.0,-0.0024126016353442597,-0.0041797303416171066,0.0,-0.006166558030059634,0.0,0.007843170127777039,0.0,0.0,-0.00947877994225316,0.0,0.011834446516350102,-0.008500433378058666,-0.018100024068687628,0.026202347839165366,-0.013739191166899794,0.005012537031210991,-0.002624670876981086,0.07816478960961254,-0.0037313441273883574,0.012832384302829545,-0.017391726485559075,0.0056084541036358565,0.006578964906357279,-0.006042308797982368,-0.0067704678345085305,-0.023055754648253126,-0.012455707318052407,0.005555564693543584,0.0,0.011947619161938802,-0.017316433925344658,-0.00995032141084811,0.0,0.07302506505638691,0.11778307051290071,0.0,-0.00925931621435231,-0.0015744112280124784
2026-05-12,-0.03571811935986113,-0.010526403080123783,-0.0037902424548698042,0.008418648400448541,-0.008412239069549347,0.005352329078857885,-0.0020639330310401926,0.0,-0.023716504265574045,0.0,-0.004683844604938501,-0.0066889588913741195,0.0,-0.015810591126645002,0.003651828057773653,0.004555812082213534,0.0,-0.014531947997670259,-0.005012537031211045,0.01045760154025033,0.014925635610135518,0.025831670748531054,0.0,0.034486144168593025,0.010016795609166327,0.0,-0.012195261569588702,0.004067766011879691,-0.012714119006926877,-0.010801174686528803,0.0,0.0,0.0071005585069712955,-0.013186991843684808,0.0033277869243214537,-0.0053476012130601,-0.014184621799781234,-0.005865113711324816,0.0,-0.014051851794160847,0.0030035463394375906
2026-05-13,0.012048327267974135,0.031252575526135445,0.0025284439146058177,0.0,-0.004232806387735853,-0.0053523290788579135,0.008230491061099875,0.0,-0.01612936642298425,-0.00455581208221365,-0.014184734133149203,0.002872164011611266,0.0,-0.01606458712121865,-0.009768078620962812,-0.013730179327818531,-0.03956556287840182,-0.0010030944315727753,-0.0050377891892164845,-0.018373202434615682,-0.007434971238749889,-0.0018231093902705716,-0.010989111498427523,-0.017094417683034165,-0.004439514833672001,-0.016529286317205204,-0.024845974668318813,-0.004067766011879717,0.03766745086936672,0.0009045888093798518,-0.00834496418401017,-0.0022247459980224804,-0.031140154268900582,-0.022372276273661795,0.00991742727735285,-0.03270049548379848,-0.028987509324886983,-0.011834516917728074,0.0,0.009389843352046751,-0.002430746324671435
2026-05-14,0.011904962062388738,0.01020416024401339,-0.0025284439146058255,-0.004801925185013666,0.0021185923144771313,0.0,-0.010298791447429973,-0.007722038985425331,-0.008163302695052731,0.0,-0.021661418882859624,-0.0019139200223934648,0.002026389548073811,-0.012220099466856578,0.00733504766407149,0.0,-0.027274391314292535,0.027323043238156614,0.01503786298681836,0.009228766156232793,0.0,0.009082749033782358,0.007339475745370616,0.017094417683034057,0.0033315618004588414,-0.003338898075968429,0.10157976640648553,-0.016438776097217507,0.013182807782544529,-0.0009045888093798337,0.0055710398696598214,0.013274624104356723,-0.01470613277992456,0.017937683425593834,0.048163431864416933,0.005524936517721633,0.014598785447344208,-0.011976179932825855,0.0,-0.018868578738087744,-0.0004181704158143729
2026-05-15,0.0,-0.020513581533309712,-0.002534853152055743,-0.004825094974829871,-0.0031796246346512185,-0.007181352338604389,0.016427458860832002,0.0,0.008163302695052716,0.0011409275042690052,-0.017178378462660533,-0.027186115129478886,0.0,0.004089981263258659,-0.0012187971008823376,0.00459770471269931,-0.00925931621435231,-0.021718569312469325,0.004962784644457254,-0.006583264554168493,-0.04580958329243974,0.010791460989319218,-0.001829781334262149,-0.017094417683034165,0.0022147853599034494,-0.011774765552674074,0.011299544599374666,0.004135114137728521,-0.05183501787918261,-0.000905407831227805,0.005540175253055282,-0.0010995304668196682,-0.0024722456827359356,0.013245214201674292,0.003129889972640981,-0.00275868557901671,-0.05971926792606267,-0.062131797679197014,0.0,0.014184734133149192,-0.0030753282968538844
