Date,1155.KL,1066.KL,5819.KL,6033.KL,5225.KL,1082.KL,1818.KL,1295.KL,5347.KL,3816.KL
2023-05-23,0.0034904255916930137,0.0018165136058645856,-0.009049739314242435,0.002352939799045509,-0.010118175620072641,-0.016997489658587533,-0.011067383368383128,-0.010178167437730264,-0.00417558456962605,-0.006798127602593197
2023-05-24,-0.005824096034029081,-0.009115746170894022,-0.016293512792261454,-0.004711365318689396,-0.008510584153306711,0.012493175029613314,-0.009584619177175931,0.0025543578405115073,-0.004192755229210171,-0.004101351846685867
2023-05-25,0.0,0.0,0.003075133050138187,-0.011876675277159956,0.0,0.0011279226896051902,-0.004827111261131276,-0.007682590439887641,0.0062826709733461,-0.00963506165710397
2023-05-26,0.0023336704423361668,0.0,0.002045138531426035,0.0023867619878855783,0.0,-0.005652976876664695,-0.0016141417082131124,0.002567473982465288,0.011416556285790315,-0.0027702089571431847
2023-05-29,0.002328369985326695,-0.003669693545103829,-0.004094249174500664,0.0011910234656950876,-0.0017110163067179506,0.0022650866057705664,0.0,-0.002567473982465208,0.006173230323934753,0.001385911115375222
2023-05-30,-0.0011635405890309258,-0.0036834250222346457,0.002049110643074634,-0.004773209335427995,-0.010327073996923609,0.0045147798157105425,0.004834803492375845,-0.012936832351622516,-0.013423124388822413,0.006901344623737367
2023-05-31,0.00696042783943015,-0.012999239659911982,-0.00925446630384778,0.001195423881847337,-0.0017314931174122483,-0.02508693595824146,-0.0032206617841627596,-0.007843058770622758,-0.011500330910241958,0.00411801487513466
2023-06-01,-0.005796887250399161,-0.0037452871423481232,-0.004140871399559136,-0.010810871986637407,0.01156476013673729,0.008050597734043203,0.0,0.005235558595671174,-0.005271508276366456,-0.02076193339167478
2023-06-02,-0.002328369985326839,-0.0037594769024499194,-0.016736888642055237,0.00722030466585694,-0.006993038227418844,0.0068494028929530345,0.006430897593763526,-0.013140835248016717,-0.0042373974998976644,0.008356662777427606
2023-06-06,0.0,0.0,-0.008474449154270997,0.004830958274062588,0.0310907259773504,-0.030025188016168006,-0.009661878120329818,0.007905276652345486,-0.012820656843095338,-0.0013879110530025344
2023-06-07,0.0,-0.0018848868319074814,-0.002129852862979182,0.003607916348537725,-0.027588050574549494,-0.0023475014031904156,0.003230980526566346,0.0,-0.0032309836324998175,-0.0013897633992053474
2023-06-08,0.002328369985326695,0.005644363734357358,0.003192967120029109,-0.009650318158812782,0.0,0.012843070822418232,-0.0016141417082131124,0.0,-0.016313504702178048,0.01947204113901683
2023-06-09,0.0023228949819775043,-0.007533030574323556,-0.008537873785862663,0.007246487512447704,0.0017468344487439505,0.003474328032482108,0.004834803492375845,0.0026210979582337595,0.006557442052623163,-0.0041406501602400565
2023-06-12,0.0011593609682671422,0.0018886668399661624,0.003210279665588272,-0.002409687398141793,0.015584670610868202,-0.009291670314999508,0.0064102853003288034,0.007822750862488886,0.008676705491508264,-0.004158245340398839
2023-06-13,-0.001159360968267207,0.00188488683190751,0.009569462968443269,0.017932343506209168,-0.008628205366284369,0.015055182956078928,0.007955607044416323,-0.01044384882072251,-0.013043630497821914,-0.005571006102605235
2023-06-14,-0.0023228949819775117,0.0037594769024499263,-0.007434835968197917,0.0011839349879165487,0.005185817264976867,-0.0023012745593708364,0.0,0.0026210979582337595,0.00654314042473776,0.0027893065718055353
2023-06-15,0.0,0.0,-0.008565410601124816,0.005899745549695068,0.0,0.009174335758216199,0.006318972215145737,0.007822750862488886,-0.009830894608861664,0.00278169953079973
2023-06-16,-0.003494624465982315,0.0037452871423480313,-0.005390893323961495,-0.0058997455496950305,0.0272126561893162,0.013605652055778678,-0.02713650687062009,0.00518130442716437,0.00983089460886168,0.0
2023-06-19,0.009291511716381413,0.0,0.010752880676471862,-0.005934632061562013,-0.006734117892442913,-0.013605652055778598,0.008058091787697605,0.0,0.0021716061131557647,0.0013880291135401034
2023-06-20,0.0,0.007448861833912702,-0.00536198735251038,0.011834377611257075,0.013423024813177314,-0.0011423352082562865,0.003205177581420856,0.0025807964029623885,0.0,-0.004169728644339865
2023-06-21,0.010351062059657606,0.0,0.007498666679947727,-0.013025427561759468,-0.021904948650645024,0.006833920107976368,0.011137734286462643,0.007702174070772,-0.003259180186233283,-0.0013935285691665754
2023-06-22,0.0011435827293934972,0.003703672736104292,0.01588177110870548,0.003569346482543119,0.00848192383746775,-0.006833920107976335,0.023456819737213176,0.0025543578405115073,0.0010875740730775078,0.0
2023-06-23,-0.0011435827293935325,-0.0018501217200650798,-0.012685174324549185,-0.005956093496275827,-0.01018689118791488,-0.00343425115523007,-0.01244168483871612,-0.010256531911283624,0.0,0.002785497330617241
2023-06-26,-0.0045872567377442455,0.0018501217200651101,0.005304983105218708,0.0035777969642350046,0.005106459355569251,0.0011459001950668132,-0.0015661936996261552,-0.005168057346302291,-0.002176215418424019,-0.005578927948558961
2023-06-27,0.0011488376684393993,0.005530130112129563,0.0021142059058268407,-0.0023838388504468146,-0.01195571836322013,-0.009205887671504967,0.0078063013904742995,-0.002594043483824422,0.001088641345346499,0.0013976526153027503
2023-06-28,0.0022935270610406917,-0.0036834250222346457,-0.002114205905826759,0.0011927888999444768,0.008554226358097905,0.020595753209164132,0.0031057216860865566,0.00518130442716437,-0.019780992592763655,0.0013957780026388835
2023-06-30,-0.01152080135154809,0.001843301055488073,0.003169466049052354,-0.004779012338738751,0.003401492005122165,0.0,-0.0015516131984251744,-0.0051813044271643415,0.004429912459979314,-0.0013957780026389612
2023-07-03,0.013809276089205832,0.0036765470566984208,-0.003169466049052293,0.010720759362886625,-0.0016991728482827683,-0.006818267907942577,0.0015516131984250202,0.023107648253157698,0.005509552927553273,0.005571006102605137
2023-07-04,-0.00573083946713776,0.001833270455152059,-0.001058838080489584,0.0011839349879165487,-0.00853995568665161,-0.002283246669553242,0.0,-0.007643373352258956,0.0032912433894873878,-0.01680715427835996
2023-07-05,0.0,-0.007353118567338439,0.0,0.0011829768454196502,0.0,-0.0011434001924356214,-0.006220950324478509,-0.0025607586169108516,-0.005491517777472745,-0.0028286819937374075
2023-07-06,0.003442364729480068,0.0,0.0021165562086420515,-0.0011829768454197165,-0.005158977929593279,-0.013825166471714844,0.0015589536621195299,-0.005141415453861204,-0.0011019553137919383,0.0
2023-07-07,-0.0068966202782104495,-0.003696826809960071,-0.0031762901293486295,-0.0011839349879164867,-0.0017256480363951861,-0.0011607765425461845,-0.00625002641420189,-0.007762100830126809,-0.002207323225776082,-0.009964697247959177
2023-07-10,0.0,0.003696826809960071,-0.0021232968469727695,0.0011839349879165487,0.005168036137702884,0.0046351045750283445,0.003129684958249782,0.002594043483824453,-0.002212681377112441,0.009964697247959117
2023-07-11,0.008041512286474404,0.003683425022234712,0.004241868848168786,0.0023642406383603525,0.010256545514937277,0.0023094901074941264,-0.006269535479445082,0.002587260943339904,0.0022126813771125593,0.004240220479058569
2023-07-12,0.0011435827293934972,0.0018364230899518628,0.0021142059058268407,0.001179807075014232,0.011834272541996102,0.004602919175703633,0.0,0.0,-0.002212681377112441,0.011220387693072459
2023-07-13,-0.0022884747376575873,0.0054894401452241755,-0.002114205905826759,0.0023556978363202564,-0.030719023423217733,0.0022934783883074034,0.006269535479445057,0.012837328314246084,0.00772223430466581,-0.009810992529132931
2023-07-14,0.007986463942986494,0.010889402488763468,0.0052769887039906555,0.002350537669054618,0.012058698902266763,0.01703633822419831,0.024692723801230786,0.01769942485937215,0.00984152720523112,-0.0028209336492606737
2023-07-17,0.0056657059869246315,0.0018035150124454287,0.0,-0.0023505376690544835,-0.0068728816372899465,-0.01018693533124512,0.0015231694807659585,0.0,-0.006550283815743644,0.008438963191760322
2023-07-18,-0.0033955442010113485,-0.009049854626251666,-0.004219270575838093,-0.0035355049113345513,0.006872881637290017,0.0011371397766366635,-0.003048745050639181,-0.007547091566972099,-0.0032912433894874867,0.0013995323686916109
2023-07-20,-0.0022701617859133306,0.0,0.0,-0.0011812637929408034,-0.0017139037076966633,-0.0011371397766365894,-0.015384810113046508,0.002522077284973936,-0.0033022297017772737,0.0
2023-07-21,-0.002275262069239596,0.012646946470583693,0.0010564877776742256,0.004716768704275305,0.006837636529812304,0.0011371397766366635,-0.0015516131984251744,0.002515663483745113,0.00440043637122427,-0.001399532368691632
2023-07-24,0.015819373619249122,-0.0035970918443321326,0.0,0.0,-0.0034129316047244456,0.004535015738898092,0.01081082316785877,0.0,0.03769977981548537,0.0
2023-07-25,0.00670403915695034,0.017857551373249785,0.012592108102143307,-0.0058997455496950305,0.0,0.0011307712453801412,0.010695280285777913,0.017435184357756338,0.001056549754306014,0.009756220200139934
2023-07-26,0.0022245810533325695,0.003533641944094209,0.019618470476117717,0.011765138008076976,0.0034129316047245076,0.005633510964882894,0.00757016910780919,0.007379927999122532,0.013634296036889718,-0.0027777598828893223
2023-07-27,-0.0011116083722556014,0.001761995472020858,0.002042940403564177,-0.004689495753557674,0.005097866866103584,0.021123819773038795,0.004514583425320427,0.0073261303957009374,0.0,0.005547976109747986
2023-07-28,0.0,-0.003527307137984238,-0.00306603249313768,0.0035190411849215855,-0.0016963748609814657,0.0010995150272477478,0.0015003972724903088,0.007272715798976435,-0.0031301928009895307,-0.00554797610974802
2023-07-31,0.003331378343270221,0.005286408440443373,0.002045138531426035,0.0,0.010135099693713262,0.005479398606197781,0.005979016918670681,0.007220205069714342,0.003130192800989513,0.0
2023-08-01,-0.0033313783432702914,-0.0017591013024592288,-0.004094249174500664,0.0023392912093337724,-0.001681940382883253,0.0,0.016260598810685332,-0.01206284498530644,-0.005222182632465757,0.0027777598828893305
2023-08-02,-0.00445947001769516,-0.005295637416115133,-0.0051414424076918356,-0.007034229099079761,0.0033613904139585754,0.0021833112876726165,-0.0029368230840522737,0.0024243177730329437,0.0020919898314761534,-0.0013880291135401394
2023-08-03,-0.00560228926377862,-0.008888966771921076,0.0020597721517928752,0.0058653924583819865,0.0050208285070601055,0.01084630393924098,-0.011834550363096061,-0.009732467450042814,-0.0010453917686364855,-0.006968658717908105
2023-08-04,0.0011230356480347555,0.005342897501204724,0.007175919430399567,-0.004689495753557674,0.0033333789747871318,0.0032308219522974714,0.0074130404829028254,0.007308149677009948,0.004175584569626063,0.004186959187108222
2023-08-07,0.0011217117954115676,0.0035460692707163003,0.004077337356434862,0.002347465490156566,-0.013400623602143733,0.009631091326477501,0.0014759567501970655,0.0024243177730329437,-0.00417558456962605,0.0
2023-08-08,0.005589762686224702,0.005295637416115159,0.0020326681510264236,0.0070093263864786865,0.0,-0.00641044780796432,-0.0044345818352850685,0.002418322142559298,0.004175584569626063,0.0
2023-08-09,0.003338857524058065,0.0052678434435839035,0.020101130777277793,0.009270176489946144,0.0016850257063380798,0.006410447807964348,0.008849584946028752,0.007220205069714342,0.004157887764875181,0.00416972864433994
2023-08-10,0.0,-0.010563480859699102,-0.012012170572802197,-0.006944547903778552,0.01005029733469294,-0.010706834735412134,0.008772034932870406,-0.004807584897414419,0.009292791463200388,-0.00556325721350642
2023-08-11,0.0022197699710147963,0.0,-0.0030257245012397446,-0.01285831716762729,-0.003338860786318834,0.0010757434089346267,0.004357290320728639,0.0024065496671418288,0.007168553253895722,0.0
2023-08-14,-0.002219769971014738,0.008810648697273984,0.005037728442504405,0.002350537669054618,0.0016707823726447018,-0.00972440835674779,0.008849640118308863,-0.0024065496671418357,0.0,-0.0027934306179417754
2023-08-15,0.0033278099197460954,0.005249407849422799,0.00200807101823855,0.0011728245259264376,0.0016680784136741103,0.0010850824342385577,-0.004414952602187699,0.014354227408105729,0.009141763167198988,-0.005610150346632261
2023-08-16,0.0,0.0034842908037527724,-0.0010034778569695813,0.0023420302634010667,0.0,0.0010841349270836547,0.004414952602187666,-0.004761994472477596,0.010060259661349491,0.0014055101692694812
2023-08-17,-0.00666666744380426,-0.014010705406355222,-0.0020100891120043655,-0.008221090294702154,-0.008368356951809605,-0.009798749719436181,0.005856471255995286,-0.007185683268486306,-0.0040118160877656225,-0.02129246799915637
2023-08-18,0.003338857524058065,-0.003533641944094213,0.0010054959507353447,0.0023556978363202564,0.008368356951809562,0.008714614792352544,0.002915462273096654,-0.007237491982001003,0.0,0.017070151101388233
2023-08-21,-0.0011116083722556014,0.00705473871857422,-0.0030196336603857048,0.017493226090351692,-0.006688906920734324,0.0032485429046183465,-0.017621573647400798,0.002418322142559298,0.0189152647884789,0.0
2023-08-22,0.0022221726983243117,0.0017559099786996688,-0.0020180947821186886,-0.0011566684534347314,0.006688906920734336,0.011821730800388836,0.010316918394663813,-0.002418322142559283,-0.007920813724924262,-0.0014115384853211769
2023-08-23,-0.00222217269832422,-0.008810648697273849,0.0,-0.00813491879999569,-0.013423024813177272,-0.019417915667968307,0.0,-0.012180524052118254,-0.006982634975788924,-0.0014132250614181197
2023-08-24,0.0022221726983243117,0.0017683302781308305,0.0,-0.005851101167866713,0.005054667861367724,-0.01205516276814212,0.0,0.0,0.0010005247043216603,0.0014132250614182198
2023-08-25,0.0011092056449461072,-0.003539896496362699,-0.0020223918964323625,0.0011728245259264376,0.003355917606639126,0.0033022948682036343,-0.0044084650988330904,0.0,-0.0030044747037324513,0.011236148175754645
2023-08-28,-0.002219769971014738,0.0017715662182319076,0.002022391896432379,0.0011715756947650766,0.0,0.007662709893870587,0.00587367102538058,0.0,-0.007045890400510835,0.004181275333256132
2023-08-29,0.00995032708155536,0.008810648697273984,0.004032232491769083,0.007001085800193315,0.005012439345170425,0.0021786696303327927,0.010196767074245282,0.01459884619467751,0.0020182133006281925,-0.001391968761450596
2023-08-30,0.002197878914939528,-0.015915406608409,0.004016038867506619,-0.004661794590859454,-0.008368356951809605,-0.008743187918646284,0.0,0.021506208040644174,-0.00809729901216321,0.00278169953079973
2023-09-01,0.004381131341923185,0.007104757911135194,0.0020021475517846147,0.008144134997120352,-0.01183427254199614,-0.005503407521984588,0.004338413870519794,0.002361218980745018,0.00809729901216321,0.012422546193084028
2023-09-04,0.0,0.005295637416115159,-0.0050126904685560535,-0.004645675514740452,0.006779604680628473,-0.001104488577925944,0.0,0.009389770583343593,-0.0020182133006281335,-0.009648714189076257
2023-09-05,-0.0021881350914974,-0.003527307137984238,0.0,-0.0011648767712859795,0.0,0.007705114381675692,0.0,-0.007033920184231841,0.0010096157983435397,-0.01816944779704651
2023-09-06,0.00546141757998686,0.0017653116659633182,-0.004028171963212775,-0.0035024193517917664,-0.00338405697136413,0.0010957845884841395,0.0,0.0,0.00503284549868376,0.016783644906578937
2023-09-07,-0.0010899871921101639,0.001761995472020858,-0.0010095564792916105,0.0035024193517917235,0.0016934178843966568,-0.014340894106935332,0.0,0.0,-0.009077221751474828,-0.00556325721350642
2023-09-08,-0.003276858124855987,-0.003527307137984238,0.0,-0.0023335827110938377,-0.0016934178843967568,-0.005571211400401555,0.001441965383964611,0.0,-0.0010138181828637186,-0.0027934306179417754
2023-09-11,0.002185806323841985,0.0,0.0010095564792917322,0.011723419047680959,0.003384056971364241,0.005571211400401571,0.0014398130479515373,-0.002355850399111825,0.00303815937588341,0.009880013430380894
2023-09-12,-0.0021858063238418945,0.003527307137984152,0.0,0.0,0.006734117892443002,0.0033275852295244217,-0.007220192302436035,0.0,-0.005068666450107301,-0.0028128494315250796
2023-09-13,-0.0021905318877171705,-0.005295637416115133,0.0,-0.0011663184654211985,-0.0033613904139585525,-0.0033275852295243866,0.004338413870519794,-0.0024125187439180233,0.01111711002369103,0.01814440764486964
2023-09-14,0.001131882658286593,0.00705473871857422,0.004028171963212758,-0.002336230732298847,0.0016819403828832928,-0.0011118558644248819,-0.007241104929906304,0.007220229776485722,0.0020078660883549268,-0.006939873637648899
2023-09-15,0.007887321636449762,-0.012378673053185954,0.008008096280005485,-0.008221119415514155,0.003355917606639126,-0.0123112816992853,0.005797057278854757,0.004784643415404392,0.008986584975199744,0.0027817763705928547
2023-09-18,0.0022421323378956017,0.0070922646127425425,0.0,0.009390040644831139,0.0,0.00673397317215958,0.0,0.002383764196694798,0.007920813724924203,-0.0055711623429454335
2023-09-19,-0.0022421323378956047,0.003527307137984152,-0.008008096280005426,0.004661884314595531,0.0,0.005577308527125751,-0.004344696911503721,0.0,0.0,-0.0013975033156626443
2023-09-20,-0.005627455000764798,0.0,-0.0030196336603857048,-0.0023282563461925134,-0.0016764675755637668,-0.017957754385824424,-0.004363655702911907,-0.0023837641966946645,-0.0019742764009150174,-0.005610155325534473
2023-09-21,0.004504469745217323,0.0,-0.0020180947821186886,-0.0011663184654211985,0.0016764675755638553,-0.0022675944695194736,0.0014566686468913547,0.004761987127333556,-0.005946537324009246,0.0028090496133298995
2023-09-22,-0.0022496985937921943,-0.0017619954720209446,0.0,0.0011663184654211675,-0.0016764675755637668,0.00903968825009863,-0.0014566686468913774,-0.0023782229306388092,0.00989130560107862,-0.0014036895754760102
2023-09-25,-0.001126718891282369,-0.001765311665963301,-0.001010576713647445,-0.0011663184654211985,0.0016764675755638553,0.004489147869147161,0.0014566686468913547,-0.004773288540902117,-0.0019704918761543374,-0.0014053600378538533
2023-09-26,0.0,0.0,-0.0030380888289305887,0.0,-0.0016764675755637668,-0.0033652665686345804,-0.0014566686468913774,0.0023895243442074924,-0.0019742764009150174,0.001405360037853832
2023-09-27,0.0011267188912824084,-0.0018164342537478762,0.00303808882893048,0.0,0.005889771231813285,-0.004504314628974231,-0.007315264882200637,-0.012004873191890168,0.008016083661326947,0.0
2023-09-29,-0.010186780454775071,-0.012809003538835956,-0.014256913671550504,-0.017657870774494912,-0.018628940381591245,-0.001129196335908773,-0.01033222426175216,-0.019512786428162718,-0.002998624864210456,-0.005633785275817792
2023-10-02,-0.004560968025845197,-0.0055402001259653695,-0.00205331812056445,-0.004761845675432768,-0.012037933225737063,-0.0011307712453802136,0.005917271659564512,0.0,-0.009049779918738473,-0.007087046024806775
2023-10-03,0.002283084314335357,0.0036968750725193456,0.0,0.007134417602827203,0.005176929408041954,0.0,0.002945440513049519,0.0,0.0070459009033612295,0.007087046024806731
2023-10-04,-0.004571519774908828,0.0036831541420224555,-0.006185593769523643,-0.002372571927394359,-0.0017226101707900259,-0.02288413331429309,-0.0014716747333398692,-0.0024659977848827635,-0.0010034473462893724,0.0028209358442928063
2023-10-05,0.003430597599804994,0.0036698462557059326,0.0041279408796874644,0.0023725719273943327,0.0034422580579082213,0.0011566872343004772,0.00587367102538058,-0.002472359811500041,0.0,0.0
2023-10-06,0.0011409221751037426,0.007299328194553537,-0.0051627875465880746,0.002366893612171214,0.0034306188941235173,0.004613537344322576,0.002923987053092828,-0.0024782876488387527,0.006005951225876964,-0.0014094732125965492
2023-10-09,0.0034149141681747487,0.0,-0.004149352060479619,0.007067252223115358,-0.0034306188941235515,-0.004613537344322507,0.0,0.0,-0.0050025038795877,0.0014094732125965318
2023-10-10,0.01017526305313185,0.009049969439777096,0.00828166820977646,0.003514922279515152,0.010256497566336332,0.006912409283197521,0.0014587936262052633,0.02451114361753268,0.0,0.007017644719205672
2023-10-11,0.001124185538770402,0.0035970363699945013,0.0,-0.004689583304649145,0.011834413126522393,0.0022934783883074034,0.0,0.004830936199163097,0.002003879015377397,-0.00420479528768054
2023-10-12,0.010061754701034296,0.00358424562748366,0.001030471397291281,0.0070258140369480505,0.0016793856193095232,-0.011520785001554033,0.0014566686468913547,0.007202700704371426,0.0010006463825371092,0.008391684575695722
2023-10-13,-0.001112986316719689,0.0,0.0,0.003494574811613712,0.0,-0.002320207244979237,-0.005839449326189442,-0.002395119071197079,0.001997978481673358,-0.005586574387906759
2023-10-16,0.0,0.0,0.0010293007545016724,0.0,-0.0016793856193094484,-0.005823933665119625,-0.007347436805090132,0.0,-0.007010512364635984,0.0013996850998914897
2023-10-17,0.0022246123319877775,0.0,0.003081670255898952,0.0,0.003355872803918534,0.0023334976614507816,0.002945440513049519,0.002395119071197142,0.0030103443778652047,0.004186889288015156
2023-10-18,-0.0055710848847494296,0.0,-0.00205331812056445,-0.0034945748116137296,-0.005037917014733162,0.005810643248648129,-0.01481520646132234,-0.002395119071197079,0.004000167986770783,0.0
2023-10-19,0.0011167150515812361,0.0,0.0,0.0,0.001682044210814555,0.0,0.0,-0.012062863697319178,-0.004000167986770843,0.0013918928805180199
2023-10-20,0.003342743817900119,0.0017871139676940441,0.0010272957135008685,0.003494574811613712,0.0,0.0,0.007435078432151649,0.004842633920833392,-0.01616177361325244,0.0
2023-10-23,0.0,-0.005371359595177849,-0.0020556478488354363,-0.0034945748116137296,0.0,0.01152078500155393,0.0,0.004819166701827495,0.0030502424225991977,0.0
2023-10-24,-0.0033427438179000034,0.0,-0.001029300754501585,-0.001167309502981896,-0.006745386733357305,-0.0034423750304256413,-0.008928656031212658,-0.004819166701827455,0.0,0.0
2023-10-25,0.0044543698331682155,0.0017936269150722714,0.003084948603336966,0.004661884314595531,0.008424772352666662,-0.00345402253358532,0.008928656031212677,0.004819166701827495,0.0030410733542618595,0.004163645001474595
2023-10-26,0.0,0.0035777326801055987,0.0,0.0,0.0,0.004602919175703633,-0.010424467741552562,0.0024010630746582827,0.001011674950631102,-0.0041636450014745216
2023-10-27,0.0,-0.003577732680105709,0.0020512119995486095,-0.0023282563461925134,0.0016764871846091205,0.0011475781932406856,-0.004501145376563549,0.0,-0.0020242676914606086,0.011065055180195203
2023-10-30,-0.0011116260152681558,-0.0017936269150721877,0.0010239210505895654,-0.008192132502369146,-0.00167648718460912,0.0011459001950668132,-0.007547306813275675,-0.0048075816331743515,-0.001013725965104461,-0.002754806654496815
2023-10-31,0.0033313004301478806,0.0017936269150722714,0.01244834468452982,0.010520388848561695,0.006688985938384513,0.005711088726271764,0.02838137322722275,0.0024065185585162327,0.004048539746147146,0.0
2023-11-01,0.0,0.0,-0.010362629608391693,-0.007001218655354056,-0.001668097825330569,-0.0011607253421968928,-0.017831132069715858,-0.0024065185585161655,-0.005063294394475101,-0.004146603524223873
2023-11-02,0.0,0.001790618712411587,-0.0010422045739818817,0.001170413111441498,-0.0016707196497068783,0.016129350649642375,0.005979029279275981,0.00480758163317431,0.005063294394475159,-0.001385881730104991
2023-11-03,0.0022148195683712054,0.0017871139676940441,0.0020831061662827982,0.005830805543912508,0.0016707196497068694,0.015873493640303334,0.005943649494609009,0.002395119071197142,0.0070459009033612295,0.012405361492696998
2023-11-06,0.00771367746865058,0.007117493654784135,0.0031168713984568363,-0.004661884314595565,0.003333335458278173,-0.0045095477163815244,0.002958590369111745,0.01660792819885265,0.003004525397914408,0.0
2023-11-07,0.004381126468490841,0.0017714860625922418,0.0010368020008527019,0.0,0.006633603322998567,-0.005665830640449053,-0.005925959975786119,-0.0023558130775846206,-0.005012533882962681,0.0027359639123144606
2023-11-08,-0.003284195727966997,-0.0035460150116902196,-0.009370035852329104,-0.007034173542951139,-0.008298840955946267,-0.02648406853888876,0.002967369606674473,-0.007100603649727242,-0.003019752504483416,-0.002735963912314494
2023-11-09,0.0,0.0,-0.0031431044465861802,-0.0035355104278245453,-0.010050415768508663,0.0011661398253215796,-0.0074350784321516655,0.0,-0.00201813991382953,-0.013793241273991725
2023-11-10,-0.004395509391249992,0.0017745289490980602,0.001048762956788665,-0.0011814117611716893,-0.008453091615340363,-0.0011661398253216327,0.0014914289375425166,-0.011947693617396156,0.002018139913829445,0.0
2023-11-14,0.0032985786507261894,-0.005333264149404657,0.005227597776534249,0.003539931673202813,0.0033897490927976845,0.0023309816467329153,0.005943649494609009,0.004796182145855198,0.005027760989531638,0.0027737615113995603
2023-11-15,0.003287491678722339,0.005333264149404548,0.00312314310456171,0.012873048373340332,0.011774940816013837,-0.005837825273858757,0.0,0.01189086603268176,0.003004525397914408,0.013755443674906477
2023-11-16,0.0,-0.0017745289490979838,0.00414936461676276,-0.0034945748116137296,0.0,0.0011704763839972536,0.001480389341278338,0.002361249088586202,-0.0010006463825371313,0.0
2023-11-17,-0.0021905609381985963,0.0,-0.011452441292580539,0.0,-0.005029554082656686,-0.023669890630119005,0.002954298174842951,-0.002361249088586257,-0.0030073263616665754,0.009517533982434389
2023-11-20,-0.0010969307405238455,0.0,0.00522213814523774,0.0023311550317786102,0.0,0.0035864351419840654,-0.005917271659564447,-0.004739354561140919,0.0010034473462892696,-0.016371567478620275
2023-11-21,0.0,0.0,0.0,0.0,-0.006745386733357305,0.004761930936544874,0.0014825841434431344,0.014151206879505612,0.005002503879587733,0.00548702402348842
2023-11-22,-0.0010983784969505316,-0.005342964705686021,0.0,-0.015249560266707839,-0.006791111915163232,-0.010746426498211469,0.0,0.0,-0.004000167986770843,-0.012388434202209099
2023-11-23,-0.0010995253976041504,0.0,-0.0031299873806172667,-0.002366893612171194,-0.0051237931502146564,-0.003607814176968616,-0.005943649494609021,0.0,0.004000167986770783,-0.0041636450014745216
2023-11-24,0.0,0.0,0.0031299873806173396,-0.004750723356602411,-0.006872876952031841,-0.007255290836560939,0.002976279887934547,-0.004694790152193683,-0.0019979784816733437,0.0
2023-11-27,-0.0033057264670220423,-0.005371359595177849,-0.00626980235051624,0.0,0.0,0.0036342253094891093,0.002967369606674473,-0.0023558130775846206,-0.01612950611714522,0.0
2023-11-28,-0.001104321319586002,-0.010830468513470614,-0.004201777666112304,0.002378151429208061,0.006872876952031808,0.0,0.002958590369111745,-0.004728150499818468,0.0050685337262874885,0.0013898834900749372
2023-11-29,-0.0011057257874880206,-0.00363638040639527,0.005249441871390789,0.0,-0.0017138383045336063,-0.00850036958211897,0.004421537660058974,0.004728150499818514,-0.001011674950631191,0.0
2023-11-30,-0.006659106315238591,-0.007312776830300774,-0.005249441871390709,0.0011872092657509111,0.0,-0.018462049501171307,-0.00589973868789238,0.007050603229778267,0.01107200095895171,-0.0013898834900748557
2023-12-01,0.0022246123319877775,0.0036630210903427366,0.007341592636011275,0.0,0.001713838304533609,0.023328193773800937,-0.001480389341278277,0.01164162829003676,0.0029986248642103305,0.008310248525698418
2023-12-04,0.0,-0.003663021090342713,0.0041708889729181135,0.0011980880574747914,0.0,0.007255290836561006,0.0,-0.00930247282308743,-0.004000167986770843,-0.006920365035623491
2023-12-05,0.0011105758801325683,0.005489615852344768,0.0,0.0,0.0,0.0,0.008849640118308863,-0.007033945619142901,-0.001002335892816861,0.0
2023-12-06,-0.0011105758801326449,-0.0018265947620019368,-0.011512481608929346,-0.0011982135803401553,-0.006872876952031841,0.0024066551291573378,-0.008849640118308855,0.0,0.002003879015377397,-0.004216501418150887
2023-12-07,0.0011105758801325683,0.003649755739958018,0.00629611915590982,0.0011982135803401703,0.0034422580579082213,-0.006027720656229021,0.007380128029170635,0.0023502762634725048,-0.009049779918738473,0.0
2023-12-08,0.0033239181031180457,0.0018198431100944887,0.002089855086830617,0.0,0.006849340105755122,-0.00850036958211897,-0.004421537660059007,-0.0047060893410571245,0.001009525917027594,0.0
2023-12-11,0.0011057257874879758,0.0018165372963007973,0.0041665443044679625,0.0,0.001705071938583013,-0.0036651159818665456,0.0,0.002355813077584666,0.0,0.005617960777789541
2023-12-12,0.0022074244587339345,-0.0018165372963008337,0.0010389563851638292,0.002392316205276457,0.00509767366794064,0.002444839370958595,0.004421537660058974,0.0,0.0020163178040202684,-0.00702739634383218
2023-12-13,0.0,-0.0018198431100943998,-0.002078993323442954,0.004767655514869542,0.0016934382472225031,-0.006123628740825877,-0.011834569634388463,0.0023502762634725048,-0.005048064761261309,0.005626011701391854
2023-12-14,-0.0022074244587339635,0.0018198431100944887,0.008290165138315488,0.022340608487416272,0.008424772352666662,0.006123628740825886,0.00741303197432946,0.009345753949654593,0.00906812194357443,0.00837981520284249
2023-12-15,-0.0055402197707387895,0.005439742336414164,0.006172938573821965,0.030912663258057294,0.006688985938384513,0.006086420883537566,-0.0074130319743294796,0.002322792315722947,-0.0020080084850482645,0.00831025053124759
2023-12-18,0.0,0.003610227103363048,0.004094259621898779,-0.013620867392702098,0.0016652376329475821,-0.0012142235314406206,0.027881486773802054,0.009238020754830462,0.004011887500425529,0.0
2023-12-19,-0.0022246123319878976,-0.0036102271033629438,-0.005120314729161264,0.006833773053661227,-0.003333335458278172,-0.0012158256794388745,-0.0014481537731275674,-0.0023014085252699053,0.0010006463825371092,0.006872986992064553
2023-12-20,-0.0011142881111859783,-0.005439742336414044,-0.0010272165949722224,-0.007977538917362427,0.003333335458278173,0.0036429257498216605,0.001448153773127547,-0.00461901631618015,0.0,0.0
2023-12-21,-0.008958665811898987,-0.00913261994039527,-0.02497549484149846,-0.001144835731470552,-0.0016652376329475565,-0.006079020811571865,-0.002898484465162933,-0.011641628290036647,0.0,0.0
2023-12-22,0.0,-0.005519708651886771,0.0,0.0,0.003327788997493878,-0.007343905351733733,0.0028984844651628807,-0.004694790152193683,-0.0010006463825371313,0.006825998828564539
2023-12-26,0.0,-0.003696875072519354,-0.0256149437208307,0.0,-0.0033277889974939164,0.013422926163305747,0.0028902600973923893,-0.0023558130775846206,0.0010006463825371092,-0.006825998828564668
2023-12-27,0.001124185538770402,-0.0018536806182738665,0.0,0.0011448357314705732,0.0016652376329475821,0.0,-0.0014440476510515425,0.002355813077584666,0.0,-0.0013707943255174587
2023-12-28,0.0011229852555476108,0.012903556088521447,0.017149323156582196,0.0,0.0033223432392120306,-0.0024271000703828247,0.0,0.0070339456191429684,0.0,0.001370794325517597
2023-12-29,-0.0022471707943178183,-0.0018332917458416748,0.004241879402700062,-0.004587288053007715,0.0,-0.0012158256794388745,-0.0014462124463407843,0.0023336965853401055,0.00399197300387612,-0.0013707943255174587
2024-01-02,0.0033688963684527042,0.0,-0.012779779020882802,-0.0023012880763350328,-0.006655678697490241,-0.004878075861606088,0.0014462124463408405,-0.0023336965853401515,-0.005994162508973573,0.0
2024-01-03,-0.0033688963684525767,-0.007366437828456548,-0.008611423538399438,0.009174502389247165,0.0,0.008521001611427872,0.01149426068582682,-0.002339155466949185,0.007984188928085393,0.014976369459368649
2024-01-04,0.01562541679662784,0.009199729574298167,0.020332335217700136,0.004555819251875368,0.003333335458278173,0.0036298281002716134,0.014184825392671402,0.004672852052289259,0.03515996109499944,0.002699113630572833
2024-01-05,0.003316690548769678,0.007299328194553537,0.004228316920263525,-0.003415140950496341,0.0,-0.0060569281706545075,0.0250360736610936,0.00928082728723104,0.00764822873359896,-0.002699113630572894
2024-01-08,0.0,0.0018165372963007973,0.007356914676924061,0.0034151409504964126,0.006633603322998567,-0.002433194475696267,-0.004129477678325414,0.0069046211619469425,0.0038022398785323122,-0.004062343435562489
2024-01-09,0.004405251864626205,0.007233432143476167,0.0041799335712560046,-0.0011372039960478746,0.003300250354867411,0.0012173687962573844,0.0041294776783253545,0.0068570906075674926,0.0018957122601793797,-0.0027172328697241117
2024-01-10,-0.011049792954950888,-0.005420188672471789,-0.014706297826861421,-0.003418615255827584,-0.0016486821251200058,0.0012158256794389227,-0.002751113791128958,-0.018391358732378488,-0.007604708281989571,-0.006825998828564668
2024-01-11,0.0,-0.005449623877399698,0.0,-0.0011421603962031327,0.0,0.0024271000703829358,0.0068633920302453195,-0.0023227923157229076,-0.0038239497021747932,0.0
2024-01-12,0.0066445410903246925,0.003636380406395374,-0.004241879402700048,0.0011421603962031637,-0.004962828313534058,-0.0012128765389421816,-0.0013687847332010806,0.0,-0.009624596269511534,0.0013687720656751772
2024-01-15,0.0022050517108503725,0.010830468513470555,0.00741132898138137,0.003418615255827499,0.004962828313533978,0.007255290836561006,0.0,0.013857060440533909,0.01535530211496419,0.012236803068176061
2024-01-16,-0.00220505171085041,-0.003597036369994385,-0.007411328981381445,-0.0011382006203248906,-0.008285171552746122,-0.006042414297618695,0.006825839939249039,0.0,-0.0038169535277110087,-0.006779576305286575
2024-01-17,-0.001104321319586002,0.0,-0.0063964690285936866,-0.00685732450954127,-0.0016652376329475565,-0.004860294546079097,0.0,-0.0022962473699806208,-0.0019137523177417336,-0.013698985820629186
2024-01-18,-0.003320545355859274,-0.001803638061933246,0.007458599176315001,0.0022909836141341423,-0.006688985938384634,-0.0036607070653487984,-0.001361402494209045,-0.009238020754830448,-0.007692455489077755,0.004129370328884347
2024-01-19,0.0011081761266755156,-0.0018065890414297235,-0.0021252782202100385,0.0,0.006688985938384513,0.00244198079985592,-0.002728594548428317,0.009238020754830462,0.007692455489077781,-0.005509551502420631
2024-01-22,-0.0022172746614225244,0.0072072634733573995,0.011634243271810429,0.0,-0.005012498753775465,-0.0024419807998559222,-0.005479336402527052,-0.0023014085252699053,0.003823949702174763,0.0013801811735362106
2024-01-23,0.008839691677214077,0.005371359595177896,0.005243825743502906,0.0011437658637013205,0.0050124987537754125,0.0012217041889481608,0.004112278239116408,0.0023014085252698584,0.0019067561432780237,0.012337450443857288
2024-01-24,0.0010995253976040639,0.0017842295053793844,0.0031332562867367555,0.007968040512616341,0.011599091310813598,-0.007352841759749069,-0.0013687847332010806,0.00458704973797038,0.0019028269288045093,-0.0027283536298084586
2024-01-26,0.004385870175673,0.0,0.0,0.004524838601526969,0.001646049773736429,0.0012292130189231062,0.002735842896611694,0.0,0.0018994129497277746,0.004089889006580417
2024-01-29,0.009798781941490814,0.007104750211996819,-0.0020877828066354,0.0011279882785588643,0.011447503666737224,0.009780000413483926,0.02028465840963914,0.009111698463559897,-0.0038022398785322975,-0.002724854381304165
2024-01-30,0.0010827969854098013,-0.0017714860625921867,0.0031299873806173396,0.0,-0.014742235565593583,-0.00365637167265805,0.0,-0.002270122519951302,-0.001906756143277946,0.0
2024-01-31,0.0021621427018655493,-0.007117493654784004,0.0,0.0,0.006578887361428439,0.002439002876400699,0.004008103491143146,-0.0022752877040308262,0.02264260202480328,0.0027248543813040943
2024-02-02,0.008602360170896156,0.0035651801792256446,0.0020809385305799863,0.0,0.0016379610092297193,-0.0073349277081216835,-0.0013342973588522044,0.009070374366094324,0.01297510004612874,0.0
2024-02-05,-0.002143662438287705,0.0017777845264604628,-0.0020809385305799186,0.0033764683491217,0.004898007858208651,0.0036742206427728356,-0.0013359387357716236,-0.004524964142112098,-0.011111287203402837,-0.004089889006580356
2024-02-06,-0.0010735569187093803,-0.0035587352003066002,0.0020809385305799863,0.003365340623214066,0.004874054121123947,-0.0012231351820105926,0.0,-0.004545410223982151,0.00371762744264811,0.005449428360467075
2024-02-07,-0.002150577609607872,-0.0017842295053794655,-0.0020809385305799186,-0.0033653406232141128,-0.004874054121123816,-0.0012248869605382133,0.0026702360946237406,0.0,0.0037036631403950943,-0.006816766116776035
2024-02-08,-0.0032345632042912738,-0.003577732680105709,-0.01047158001662852,-0.001124066189339037,-0.0016298706885133029,-0.001226198500223975,0.003992032502567615,-0.004566288239577733,-0.0037036631403951073,0.002732372381585179
2024-02-09,0.0,0.0,-0.002107472805533368,-0.001125566915589222,-0.0016327738935810192,-0.0012277039091049167,0.0013271439325419562,-0.004587049737970276,0.0,0.0027248543813040943
2024-02-13,0.01925192846148863,0.008920697385791765,0.020877707800306296,0.0011255669155892064,0.01459883455003032,0.01221004962436356,0.007926087413470695,0.011428625681579048,0.027449072974366242,0.004073302111292446
2024-02-14,-0.004246250980272382,0.0017745289490980602,0.0010324117524718904,0.0033686498025394026,-0.011336189967936077,0.0,-0.003955260705047552,0.0,-0.0018066633899601477,0.009440340196630214
2024-02-15,0.0,-0.005333264149404657,0.0,0.004474459580153205,0.00649344721355316,-0.007308125072485666,-0.0013218810452891615,-0.0022752877040308262,0.0036101635382578385,0.006688950489982411
2024-02-16,0.003186465412291608,0.0017809506738462296,0.0010315628777752331,0.0,0.0016168547804920024,-0.0012231351820105926,0.005376398655633204,0.004545410223982278,0.0071813667090835425,0.019802795821067844
2024-02-19,0.0031763440931643076,0.0017777845264604628,0.0,0.009994378643044597,0.0,0.002444839370958595,-0.013495515873327276,0.004524964142112,0.0017871948103026865,0.0
2024-02-20,0.0052714724625083685,0.005314468771721108,0.0010303920134097735,0.002207767991722609,0.0,0.006086420883537566,0.009465929214897533,0.011223453711231622,0.014184558155769598,-0.0065576429060685325
2024-02-21,0.0021007630965259295,0.0,0.0010293313984639006,-0.006637283587514638,0.0016142447805340126,0.0036342253094891093,-0.005398165726494051,0.006674209148027719,0.0017591795219780112,-0.006600576797575178
2024-02-22,-0.0010497717852936076,-0.0017684537600308533,0.0,-0.0022222537671270953,-0.0032310995610259313,0.0024153125708065884,0.006743166260568452,-0.006674209148027685,-0.01415963734491505,0.0
2024-02-23,0.0010497717852936265,0.001768453760030888,0.006153837155350947,0.004439464139069878,-0.0048660678768263224,0.00481356713323384,0.00803216444431827,0.0,0.005333375440975063,-0.006644576117424001
2024-02-26,-0.002100763096526013,-0.0017684537600308533,0.001022074750720852,-0.006666784025797239,0.006482922657318315,-0.009650228474587335,0.0,-0.004474228792665448,0.007067082381962066,0.0013325086983657908
2024-02-27,0.0,0.005295806640361334,0.0010209243319264808,0.006666784025797176,0.0016142447805340126,0.006042414297618721,-0.006689040153335292,0.002239616734656676,0.0052678203301879944,-0.0013325086983657936
2024-02-28,0.0,-0.014184786357737613,0.001019776368746934,-0.0022172103719426527,0.0,0.0048076563759877665,-0.002688124825057397,-0.008988841653222708,-0.04111389998313096,0.010610190169636146
2024-02-29,0.0021007630965259295,0.0,0.005083871762406955,-0.0044495736538545,-0.008097167437852274,0.019002892476074607,0.005369112462869164,-0.006795086662063464,0.027004395311262377,0.0026349627453630367
2024-03-01,-0.008430013387070797,0.0017842295053793844,-0.006103648131153896,-0.006711293518029079,-0.0016273793367267437,-0.009456308176882363,-0.005369112462869144,-0.009132378311598358,0.003546060285197741,-0.009252941757406236
2024-03-04,0.015748527108255122,0.0017809506738462296,-0.001020924331926599,0.0055960041246313095,-0.014766424458614133,-0.007151396007123065,0.005369112462869164,-0.01385706044053389,-0.008888934099286623,-0.0013290378199658699
2024-03-05,0.003119953913351474,-0.00356518017922555,-0.008205243304535774,0.004454178988221467,-0.001654300420386279,-0.002395188292069143,0.0,0.004640388229103398,-0.0035777781957875344,-0.003997531110818761
2024-03-06,0.001038016541268163,0.0017842295053793844,0.002057711980402285,-0.006688847632553116,-0.013333526473944599,-0.003603542487028955,-0.00941493229075313,-0.004640388229103281,0.0,0.0013343577731916789
2024-03-07,0.006204774993638191,0.003558735200306732,0.0,-0.004484374549021808,0.006688985938384513,-0.0036167000863060535,0.0026990078306805506,0.0,0.0,0.0
2024-03-08,0.005141265543636954,0.0017745289490980602,0.0020532717022347345,0.007834332586751314,0.004987580872159741,0.0,-0.0026990078306806217,-0.0023283880086439473,0.010695253969595043,0.0
2024-03-11,0.0071538549222222424,0.0017714860625922418,0.004094259621898779,0.005627614530097685,0.008257560212390462,-0.0036298281002715743,0.005390820361958352,0.0023283880086439196,-0.0035523587309167705,0.0
2024-03-12,0.0010178303615758554,0.001768453760030888,0.0,0.002242277515014078,0.006557479747916034,-0.0012128765389421816,-0.001345000534074399,0.002322792315722947,0.021127568958668092,0.0
2024-03-13,0.01044948888589084,-0.00531446877172105,-0.012333196961296502,-0.0011206841643899175,0.0016327738935808887,-0.004866144272629713,0.0013450005340744555,0.0023725382227264367,0.005212807210131871,0.005405467580319807
2024-03-14,0.0031134946126619664,-0.0017777845264604923,0.008865721461460337,-0.0011215933506240933,-0.004906098178924957,0.0,-0.002691812531277784,0.0023668606024486553,0.001731672445694899,0.010723920032056378
2024-03-15,0.00619849915199056,0.0,0.005178723488298948,-0.0011229689172789841,-0.0032841554625720995,0.014688187083586898,0.005376398655633204,0.009411878180003063,0.003454193074471538,-0.0066890139508386185
2024-03-18,0.004110943396724159,0.008857384880006671,0.0,-0.0011241150812726745,0.0016435071347497005,0.002427130206475154,0.004013344961862192,0.00467289682248534,0.0,0.0013413589041050664
2024-03-19,-0.010309442548714803,0.0,0.0041236701678030886,-0.013590410383181947,-0.008244107683739772,-0.00364293915900379,-0.005354806795234597,-0.002333718918136859,-0.008658140922730116,0.018592863403423025
2024-03-20,-0.008324702111851507,-0.005305071404448304,-0.006192006573675364,0.007950334083583801,-0.00331675153806611,0.0024300171774071806,0.001341461833372402,-0.009389784285697565,0.0,-0.010582066771499574
2024-03-21,-0.0020919087509692004,0.003539939822623067,0.0,-0.004535171115970325,0.0016597918746657108,-0.0012142082248786643,-0.0013414618333722926,-0.004728132401102568,0.0034722754025635722,0.0013290203090487104
2024-03-22,0.004179674029157198,-0.003539939822623132,0.006192006573675324,-0.0022754396371932927,-0.0016597918746656794,0.009673558900948636,0.001341461833372402,0.004728132401102512,0.001731672445694899,0.0
2024-03-25,0.003123442221001772,-0.003552313475558457,-0.003091264008620225,0.0,0.0016597918746657108,0.001202587731963835,-0.012137731890791077,0.0,-0.00520394784825861,0.007936482180852676
2024-03-26,0.0072500566178672204,0.0035523134755585245,0.0,0.0022754396371932077,0.012474215565194022,-0.016970027446887213,0.00406232540447744,0.0023558327491095907,-0.0017405318075681185,0.015686600467519792
2024-03-27,-0.0041365620052051695,0.0,-0.0010324061591828783,-0.003415162967613511,-0.003311315562781516,0.0024420103759097197,0.008075406486313576,-0.009456441075085375,0.0035650001989276105,-0.007812541869841684
2024-03-29,0.004136562005205194,0.005305071404448398,0.0010324061591828902,0.004550885432764559,0.0033113155627816086,0.010915659345543156,-0.0013414618333722926,0.002372475924873275,0.012378582786353752,0.002610854346290399
2024-04-01,0.0020619371467854655,0.0052770760737590044,0.007198105230176713,0.035678038303446936,0.004946343482351565,0.014371729003055828,-0.002688124825057397,0.004728132401102512,0.0,-0.001304540885977393
2024-04-02,0.0020574740486868385,0.005249275574088863,0.002047060232860044,-0.02326983600385372,0.0,0.004744980070579533,0.0013450005340744555,-0.00236127179865394,0.005258595146837876,0.009096791112283982
2024-04-03,-0.011369467813339426,-0.012291483229673177,-0.012345908028091861,0.008928664748052966,-0.006600630663024072,-0.010708104260692868,0.0013431242909829925,-0.016687013578524923,-0.01231334927719174,0.002584071944283049
2024-04-04,0.0072500566178672204,0.005286274651243885,0.00722037883172476,0.0,0.0016542871806724052,0.004773169919765023,0.001341461833372402,0.011947677051203033,0.01754434682256337,0.00643084740491249
2024-04-05,-0.005173242715815739,0.007005208578429363,-0.0030880817615002894,0.0011106132559772963,0.0,0.0,-0.0026845861243552775,-0.0071515132341484515,0.001737632466217386,0.0
2024-04-08,0.005173242715815798,0.0,0.001030385052036652,-0.002222231306786275,0.008230392261843742,0.007117488096009231,0.0013431242909829925,0.0023895457996210017,0.024014786384034953,0.0012812082128571681
2024-04-09,-0.006211221796190409,0.0017436859919230988,-0.004127925724881362,0.004439420739557411,-0.0065789180802468695,-0.005927533825660896,0.0,0.0,-0.011935262106680595,-0.0012812082128571326
2024-04-12,0.0020746597909852053,0.005212889216987988,0.006185622434345034,-0.0022171894327710387,0.00493828203886891,0.0,0.002680987637811734,-0.0023895457996209748,0.00342468559176132,-0.0012829863987153015
2024-04-15,0.0,-0.005212889216988005,0.0,-0.004449527201820694,-0.009901071783247346,-0.00835834152828489,0.0,-0.014457930272445648,-0.00858371718720512,-0.003858527421876996
2024-04-16,-0.00728021870011855,-0.006992961566012054,-0.008256099952343715,0.0022272958950344444,0.011541707824625325,-0.008428730729669764,-0.014835041677766761,-0.004866244304517961,-0.010398782237378303,0.00385852742187696
2024-04-17,0.0020855880515972913,0.003502643089247376,-0.0010367949511437434,0.0011116180508088872,-0.001640636041377918,0.0,0.00677048887137927,0.012121464578722714,0.003478289555467971,0.001282986398715288
2024-04-18,0.007265105949486438,0.0018264928580380773,0.005173258636817959,0.0055402013226771175,0.0,-0.0036342374277007336,0.006725027001948053,-0.0024126683755154405,0.006920492681910413,0.0038387775946446528
2024-04-19,-0.0020704753009651226,0.0,0.006172895537146159,0.0,0.0049139351373393425,0.006049580682599424,0.0013395258044394192,0.002412668375515392,0.0,0.02272832404433803
2024-04-22,0.009283399992241495,0.007272792355210125,0.001025209693030631,0.00220774273885232,0.004890065744197166,0.006013387474770993,0.0,0.01197604283108718,0.0034423688527466132,-0.0012493944642997796
2024-04-23,0.00817988640438043,0.0018099634271197555,0.0010240539232882946,-0.0033132158343933665,0.0145279446722428,0.0,-0.002680987637811774,0.002378180401302054,0.006849215279012793,-0.016383464263580616
2024-04-24,-0.0020387072940423654,-0.0018099634271196822,-0.0020492636163187156,-0.003324114971158786,-0.006430760139279966,0.0,0.001341461833372402,0.009456441075085427,0.011874608681315374,0.003804831357020881
2024-04-25,-0.0020428721137670126,-0.0018132453357594521,-0.002053259270476616,-0.001110613255977396,0.008032146408801621,0.004784650189235849,0.0,-0.004717104547763448,0.0,0.0
2024-04-26,0.0010219577226018234,-0.0018165391678367743,-0.01033076591415146,0.0011106132559772963,0.0031948652652298254,0.004761927118156989,0.0,-0.0047393365273218765,0.005046218486797781,-0.0012667357126119562
2024-04-29,-0.004094222162699659,-0.005469599969180903,0.006211129647481987,0.0,0.01582314303188947,-0.00715135996922144,-0.0013414618333722926,-0.0071515132341484515,0.0,0.007575862755409756
2024-04-30,-0.0020534693480374145,0.005469599969180777,-0.004136463685674108,-0.001110613255977396,-0.006299260039227762,0.0,0.001341461833372402,-0.014457930272445648,0.0033501973291602196,0.0012571155079147318
2024-05-02,0.005125733788135222,-0.005469599969180903,-0.003113615267935076,-0.00445425187098963,0.0,0.010708104260692993,0.01595777075726105,-0.004866244304517961,0.005004216616310865,0.005012390355847107
2024-05-03,0.0020428721137669905,-0.005499481486315709,0.005184092785933739,0.009994453193666876,-0.006339192393434746,0.008249801141559744,0.013106313101143342,0.004866244304517867,0.024651953627196223,0.018576457933206413
2024-05-06,0.0030565044336959596,0.007326073603882833,0.0,0.00220774273885232,0.0015886666697186164,0.003514951811432963,0.0026008018804651754,0.019231263105292135,0.004858261308195872,-0.001227726219669752
2024-05-07,0.001016762281822164,0.0036430078516137784,0.01844314658689769,0.0011018184992100091,0.0015859915130172406,0.024264688066508444,0.009049771777335701,0.002378180401302054,0.008045154222815655,0.004902015002625861
2024-05-08,-0.004073266715518233,-0.00364300785161385,0.0,0.002200115289781171,-0.0015859915130171452,-0.005724247147184941,0.017857690087502,-0.002378180401302115,-0.006430854201541034,0.002442025694312777
2024-05-09,0.004073266715518346,0.0018231628631653963,-0.005089011152448613,0.0032912934052801847,0.0,0.0,0.0,-0.007168476450272292,0.003220555269034551,-0.0036654389038644334
2024-05-10,0.00304409868922341,0.001819844988448467,0.0,-0.011013368567052362,0.003169549165412557,0.006865151650098107,-0.0012650321044748018,0.002395143617425869,-0.0032205552690346925,-0.0036786017930742153
2024-05-13,0.0,0.0018165391678368614,0.0,0.0033166510080553054,-0.0015835576523954384,0.010209869894735588,0.006309087404238645,0.0,0.0,0.0
2024-05-14,0.0010127522674708142,-0.0018165391678367743,-0.006141303322237161,0.0,-0.006359348781962716,-0.012493099134902408,0.005018935259798778,-0.002395143617425859,0.003220555269034551,0.004902015002625861
2024-05-15,0.0,-0.00364300785161385,-0.003084906387330537,-0.0011042523741265837,-0.006400049064225752,-0.00573069085855085,0.011201070399641962,-0.00480756638081504,-0.0032205552690346925,0.007308131866638305
2024-05-16,0.004040351371964783,0.0018231628631653963,-0.0010303850520365563,0.0011042523741265863,-0.0032153322460594584,0.003442353902911007,0.01839409463775486,0.009592255797861913,0.020750929832823416,0.0
2024-05-17,0.0,0.001819844988448467,0.006166550725007416,0.004405424153717005,0.0096153813102853,0.0034306616928935097,-0.0036517624675637553,0.0,-0.004750555596065295,0.0036342298088914773
2024-05-20,0.007031785223428244,0.005439747930715837,0.0,0.005479373247090806,0.006359348781962667,-0.002285838654463656,0.006078967077040608,0.0,0.014184494832874324,0.0012083119946013313
2024-05-21,0.0,-0.007259592919164371,-0.005136165672970839,0.0,-0.006359348781962716,-0.0045871769413409445,0.0060424864636451706,0.0,0.0,0.003616831315554123
2024-05-23,0.0,0.005449629492044763,0.009226209709567825,0.0010924164778515998,-0.003194865265229848,0.0011487684486196925,0.021454790954120482,0.002383787033225324,0.024730960021493404,0.01670685736118626
2024-05-24,-0.0010015951988075092,-0.0036297845035962078,-0.010256594761604319,0.0010912244062108464,0.0031948652652298254,0.002293585454291319,0.008220836078964207,-0.007168476450272292,0.0,-0.010708142130356866
2024-05-27,0.0010015951988075742,0.0018165391678368614,0.0,-0.0010912244062108837,0.0031846905992267893,0.0011448230384299388,-0.0023420004861822896,-0.009638484163048829,0.009118591279123766,0.0011954995823773246
2024-05-28,0.0,-0.0018165391678367743,-0.004132297070224339,-0.0010924164778516445,-0.014411702273258307,0.0034267431573769005,-0.0035230425733552393,-0.0024243024919709346,0.0030210168937029355,0.0
2024-05-29,-0.00904992035589743,-0.00364300785161385,-0.0010357211206189858,-0.0010933848935341327,-0.0016142319094696238,-0.0045715661958067805,0.005865043059537421,-0.009756220505040745,-0.004535188282466891,-0.008398351287232772
2024-05-30,0.0,0.0,-0.0020746659618077735,-0.004385988353556766,0.0,0.0022883369556398743,-0.005865043059537546,0.0,-0.0015161556669861644,-0.002412694841528044
2024-05-31,0.003025893248727123,0.0018231628631653963,0.0,0.0032912934052801847,0.0,-0.027811716646496027,-0.0011773555767743884,0.004889976200522822,-0.010679049597563718,0.0072203768716003385
2024-06-04,0.01300649835849069,0.0036363841562853222,0.011357975592018192,-0.002192878035955371,0.0,0.017472709647829182,0.004700398150129494,0.012121464578722714,-0.004611799560465572,0.03069901670834316
2024-06-05,-0.007984066450127914,-0.0036363841562852715,-0.007212832112211887,-0.0010984153693247773,-0.0016169211499739672,-0.009280835547461574,-0.004700398150129524,-0.00483091778223387,0.021342193107482456,-0.01169608422422365
2024-06-06,0.0,0.001819844988448467,0.004127925724881523,0.004385988353556795,0.009661913198723527,0.0,0.01867034647951167,0.0,0.032643857015247094,0.0
2024-06-07,0.002002081051767513,0.005439747930715837,-0.0010303850520365563,0.0,0.0,-0.003502520783126241,-0.0011565670613481566,-0.004854368885031367,0.004370106093043054,0.009367773435992086
2024-06-10,-0.0010004858529599544,0.0,0.0,0.005455346181276862,0.0016013862695216487,0.006993054696076114,-0.0046403549763549354,0.0,-0.0029112311124000053,0.0
2024-06-11,-0.0010015951988075092,0.0,-0.001031554505169263,-0.005455346181276947,0.0,-0.0023256484479654144,0.003482208225203827,-0.007326154111980265,0.00581393707899732,0.004651091508998252
2024-06-12,-0.002005989835775572,-0.007259592919164371,-0.004136463685674108,-0.008791412507273597,-0.004811557627400824,0.002325648447965354,0.013809183043376928,-0.004914005619167379,0.0057804045528854296,-0.012843167601858078
2024-06-13,-0.00402420018884508,0.007259592919164286,-0.003113615267935076,0.0022248958919488665,0.00800642289263055,-0.0034905339129499644,0.005698006289934352,0.004914005619167343,0.018558692088742945,0.004689444469785301
2024-06-14,0.0020141782681722714,0.0,-0.0020810348127562957,-0.019069674146958027,-0.003194865265229848,0.0,0.003403143289705412,0.0,-0.00425234040223848,-0.014268965836169625
2024-06-18,-0.001006420151914335,0.0,0.0,0.01349869780538354,0.0063795558644567036,-0.004672919121880004,-0.0034031432897054926,-0.004914005619167379,-0.004270500049618261,0.009535168893083
2024-06-19,0.0010064201519143596,-0.005439747930715966,-0.0010421975658176594,-0.0022372244693744736,-0.007980942133978373,0.0011703983387537575,-0.0022753315659951702,-0.0049382723663975595,-0.011477897470788805,0.0011854440450859293
2024-06-20,-0.001006420151914335,0.003629784503596308,0.0,-0.0022422408676067386,-0.004819129775533803,0.005831055460162467,0.0011382538956056505,-0.0024783113428553582,-0.004338358718982773,0.0011841633436982535
2024-06-21,-0.00707442337396332,0.0,0.0,0.005596031848800186,-0.0048427834231897955,0.009259231538916196,0.007932056384358243,-0.007472066252206013,-0.005813937078997326,0.009423040453247737
2024-06-24,0.002026313885740787,0.0,-0.001043392764210859,0.02316711429127676,0.019231522002420672,-0.01743215485384973,-0.01249298500390306,0.007472066252205887,0.0,-0.003523105398342501
2024-06-25,0.0030317929143202195,-0.005449629492044686,0.0,-0.016492974993078086,-0.003179783197963798,0.008172923314933658,0.010233196672380642,-0.007472066252206013,0.020202630909954507,0.005865026202583134
2024-06-26,0.00503275864648944,0.0,0.0062434454595761526,0.0033203829584898983,-0.0015935740709818115,0.011560617010541402,0.0022597883315223916,0.002496941025215036,-0.0057306426443266036,0.0
2024-06-27,0.0,0.001819844988448467,0.0,-0.006651827599188499,0.001593574070981893,-0.005763721053016402,-0.0011292558354840836,-0.0024969410252150912,0.001435760807227873,0.0
2024-06-28,0.0,0.0018165391678368614,-0.004157855129547729,-0.008938726506300246,0.0031797831979638413,-0.0011565042677685045,-0.0011305324960382654,0.004987597619397585,-0.011544223639606018,-0.0035149106694089024
2024-07-01,0.0010036053962596324,-0.0018165391678367743,0.00829870760718276,-0.0033725278706200515,0.0,-0.0011581994557875058,0.0045147152543096175,0.0024844686328084195,0.0158391054767049,0.0
2024-07-02,0.00200397963832358,0.0018165391678368614,0.0,-0.0022548801864914953,0.0,0.00462429829404646,0.0,0.0024783113428552533,0.0,0.004683847888330838
2024-07-03,0.0029984596410956082,0.0018132453357593596,-0.0010335800084926802,0.012338875345148942,0.004750525723716102,0.0,0.02447281491093215,0.002472249255845263,0.012775211265221556,0.03895095829870152
2024-07-04,0.00795221383588296,0.0,-0.004145143479806312,0.0033389743905182477,0.0,0.0,-0.00440521316429821,0.0,0.004222271071030728,-0.006764340155526045
2024-07-05,-0.005958223988518945,-0.0018132453357594521,-0.00311998411888367,-0.00111171517225554,-0.001580976558303489,-0.0011541896575901313,0.0,-0.002472249255845279,-0.001405347411924711,-0.0068104082503842355
2024-07-09,0.0019900217628608177,0.005429804134829429,0.003119984118883667,-0.005577305078085802,-0.0031695491654125975,-0.0011554049129003212,0.004405213164298164,0.017178432097545257,0.013966665179026633,-0.003422735938137392
2024-07-10,-0.003984011610224827,-0.001806595371950316,-0.007295415443119791,0.0,0.0,-0.0057968959575250235,0.008752858686586191,0.007272618291749757,-0.0013879353718568466,-0.009184967009523825
2024-07-11,0.003984011610224966,0.007207270838685488,0.003133233758418647,0.004464124358392527,0.006329006740016172,0.0046403916897566335,0.023682443755885272,-0.004842551898689286,0.013793351463291852,-0.00810637448156652
2024-07-12,-0.0019900217628608103,0.005371373912577896,-0.001043392764210859,0.0143729938269778,-0.0015784810163000107,0.003466098838258979,0.0,-0.002430066393060442,-0.009635311107394599,0.004640197285368277
2024-07-15,0.009910847480836779,0.015943724008182118,0.007280240410719926,0.007654511498098806,0.0015784810162999033,0.003454126482525945,0.023134536384103718,0.004854368885031498,0.0013821092627259025,0.00346617719619836
2024-07-16,-0.003952623492317955,-0.005286284272563536,-0.010416750203659031,-0.01315803504007509,0.0015759933402149553,0.0,0.03171629909049563,0.0,-0.0013821092627259708,-0.001154037993058876
2024-07-17,-0.0019821327855075862,0.003527356393291505,-0.0031461613092242987,0.0022049325252358524,0.0,0.0011487684486196925,0.01697492095739298,0.009638484163048806,0.0027625235749483943,0.005756917858850793
2024-07-18,0.0019821327855075485,0.0035148626170503554,-0.0021032435644537852,0.01962995112203449,-0.0015759933402149683,-0.010386735662549804,-0.018991066174245983,0.019003097926659725,-0.00414661688207247,-0.01038643415613373
2024-07-19,0.0,0.0,0.0010522834197899157,-0.017429644378850306,-0.0015784810163000107,0.0,-0.0010096513862390382,-0.002355832749109585,0.0,0.003474144961658522
2024-07-22,-0.003968202225658115,-0.0017559347377784312,0.0,-0.011049813661472814,-0.011120000595809173,-0.0034862990086629944,0.008048291380411745,-0.011862575760503235,0.0,-0.016317251868234125
2024-07-23,0.003968202225658187,0.0,-0.0021054574813912214,0.003327635734531683,0.00795546638511034,0.003486299008662958,0.0010015620818618872,0.002383787033225324,0.0,0.010520286715351063
2024-07-24,0.0019783175919433744,-0.0017589278792719488,-0.004223823171617543,0.003316938658521177,-0.009554214047192595,-0.0023226497966113576,-0.007031673667399986,-0.004773332832846372,-0.002773947048773111,-0.004662132463563491
2024-07-25,0.0019743059003746277,0.0035148626170503554,0.008429989129200404,-0.0033169386585211774,0.0015987476620822328,-0.00116364921205168,-0.006066799788476228,0.007151513234148421,-0.0281708647314975,0.005824096367390648
2024-07-26,0.0,-0.0017559347377784312,0.0,-0.004439350906787129,0.0,0.0011636492120517016,-0.007124714759724004,0.0,0.0014275623588146118,0.001160856287397293
2024-07-29,0.005899742640986917,0.0017559347377784373,0.0031430817764278077,0.01216152883372838,0.0015961176031475536,0.005796895957524962,0.01419913135641853,0.007100608325975819,0.005689956954077005,0.005783554290341999
2024-07-30,-0.011834498918812377,-0.0070422190103418495,0.004175431324236159,-0.011049813661472814,-0.008006422892630673,-0.0057968959575250235,-0.013178141327025645,-0.014252121560124259,0.0,-0.001154037993058876
2024-07-31,0.013793335238576817,0.008795075845124192,0.004157855129547718,0.011049813661472795,0.012779780161576288,0.0,-0.024794527025158938,0.007151513234148421,-0.0014194569044588257,0.01490001511480454
2024-08-01,0.003906303406504215,0.001749789703157793,0.005173258636817959,-0.017738833911814144,0.003169549165412557,0.009259231538916196,0.007295392339328925,0.011806675351080105,0.001419456904458822,-0.0011382741740842495
2024-08-02,-0.0019512966262483847,-0.001749789703157787,0.001031554505169272,0.001118043908766824,-0.011137771699588017,-0.005777039304947205,-0.008342027197841762,0.004683717260593334,-0.009978698796763639,-0.014917112276344648
2024-08-05,-0.03376680306620118,-0.015887336244237986,-0.025053431709495713,-0.005602531538219865,-0.02922286255141235,-0.015178443621902335,-0.05267204787067182,-0.035675533626296545,-0.059014141451384526,-0.034100915534557824
2024-08-06,0.020000593832875876,0.0,0.014690763437960766,0.005602531538219937,0.02280234650635689,0.028987559257025643,0.008791219043919843,0.01680696061332105,0.03582475331389177,0.025975480032201275
2024-08-07,0.003952623492317929,0.014134479409455551,0.010362668271534734,-0.0022372244693744736,0.0016089584176545624,-0.017291307869092342,0.006543036143523994,0.00947878872727772,0.021755685784265896,-0.009367625535595206
2024-08-08,0.0,-0.003514862617050387,0.0,0.0011191805606075463,-0.004834820690870458,-0.008172923314933557,0.012959133508071154,-0.004728132401102568,0.004294881837098683,-0.008269542443689255
2024-08-09,0.001970415695779216,-0.005295807527115517,-0.013492633169343914,0.0,0.004834820690870528,-0.003523328072999778,0.015966237584086513,0.004728132401102512,-0.004294881837098841,0.00826954244368915
2024-08-12,0.003929326945207746,0.0,0.016580714930844228,0.001118043908766824,0.004811557627400815,0.011696251387933223,0.0010554720662889828,0.004706067025104461,0.0,0.005865026202583134
2024-08-13,0.0,0.00529580752711548,0.0,0.016620790003047458,0.004788439336211675,0.0,0.002107498701717598,0.0,-0.0028736599271847805,0.009313339961791905
2024-08-14,0.0,0.0017589278792721,0.0020532592704765856,-0.015504223491228463,0.001591116528245043,0.009259231538916196,0.015666075993646802,-0.009434199426206965,-0.00432577316144608,-0.0011594500880819144
2024-08-15,-0.001962680891610911,0.0017559347377784373,0.003072269925890703,0.0044544098297556465,0.0015886666697186164,-0.00693658174230492,-0.020943229036043096,0.011778738782451732,0.0,0.005783554290341999
2024-08-16,0.007827820617879615,0.006992972762516878,0.0,0.003327635734531683,0.0,0.0,0.004223904210400452,0.00467289682248534,0.0014439798137555425,-0.0069444105777393215
2024-08-19,0.03260120453126895,0.030877287777077773,0.027233152351188897,0.005521871183757018,-0.004773357268945587,0.034210842996228216,0.017755119482686432,0.0566402325206056,0.0028817933476906372,0.009248439062248936
2024-08-20,0.0,0.0,0.0009946215604745609,0.0011008149149225983,0.007942906434358191,0.017778409446365148,-0.009538962298221959,0.0282321204897328,0.007168541764283666,-0.004613437813193116
2024-08-21,-0.007575785736540918,-0.0033840215037102797,0.006934074073336254,0.0065787784997643406,0.0,-0.011074568624930265,0.011646467027497567,-0.00860218708599731,-0.007168541764283601,-0.0011567678675148882
2024-08-22,-0.007633719299887757,0.003384021503710178,-0.003956541028716801,-0.005479286671502775,0.0,0.007765011544008437,-0.009518892400149446,-0.008676941522087691,-0.0028817933476907123,-0.005803754738486941
2024-08-23,0.0,0.0016878634066048418,0.0,0.005479286671502832,0.0015809765583034638,0.0,-0.01714936627111694,-0.013158060359107304,-0.010152295797980125,0.0
2024-08-26,0.00953312932403438,0.0,-0.003972154605094031,-0.005479286671502775,-0.0031645342106990017,0.0022075126557343536,0.009682748574208937,-0.004424661456622108,0.014471988265627692,0.0011635574531187402
2024-08-27,0.015066181251849718,-0.0016878634066047023,0.002980491625261343,-0.002200306743184257,-0.0015859915130171452,0.0022026502754051553,-0.0042918975716659796,0.0370008845924588,0.0,0.002322820191224574
2024-08-28,0.014842457768166263,0.03974041917287381,0.04557268261354653,0.00767959341468688,0.0015859915130172406,0.019608636616021986,0.0010747572324215375,0.02531776034906372,0.005730642644326683,-0.00348637764434335
2024-08-29,-0.016713338510677363,-0.008150041147516409,0.008494722145238312,0.00544976182525122,-0.0031746581827357847,-0.004324453553124174,-0.008630244600868581,-0.021053592882623876,-0.004294881837098841,-0.016432473486855018
2024-08-30,0.009319596991319495,0.0032679029783365663,-0.002823596292402517,-0.006542906013275887,-0.0031846905992268656,0.012917439970252123,0.0010830141048140307,0.02521159532268231,0.04899509766117833,-0.007125795999795054
2024-09-02,-0.0018569839563950235,-0.0032679029783364557,0.001883218283693595,0.0010931441880247842,0.01267835734917658,0.014862092206623935,0.0010816222610900276,-0.014629282751839667,-0.005479434906622733,0.001191154127555033
2024-09-03,-0.005591732292413449,-0.006568108528873673,-0.007554344136529496,-0.001093144188024664,0.004713439255226244,-0.004223882996890564,0.0,0.010471280311781324,0.023083058569058335,0.0023780601423998315
2024-09-04,0.009302357425629222,-0.006611623999985123,0.0037843543655281886,0.004405169752323361,0.0015660433985214119,0.007380343251899835,-0.006507684521128568,-0.00836812385983803,0.0,-0.014354248209740513
2024-09-05,0.0,0.01644763550719531,-0.008535001443738074,-0.009939400262530675,0.007794400315040409,0.0062825454747641105,0.004343048155224579,-0.002103156451943234,-0.005383563202764514,0.007202910497879838
2024-09-06,0.0,0.0,0.004750647078209978,-0.002222160927097294,0.024541136120967002,-0.0010444964753336238,-0.01528396990685536,0.0,-0.006770416394272217,-0.044451821865125744
2024-09-09,0.009216620514783303,0.01296611789937857,-0.00761174820501028,0.0022221609270973138,0.018018361005726038,-0.014736934448403752,0.012028536410018062,0.010471280311781324,-0.005449644065398931,0.016280934249658985
2024-09-10,0.003663052869365884,0.01597485404465171,0.01704577077938752,-0.0011104632137774063,0.020619410705561846,0.01159731274310158,0.014031515143250059,0.0231345556356881,0.0013651276838218293,-0.01628093424965897
2024-09-11,0.002812868189722372,-0.012759402314691397,0.009345852938958265,-0.0011116977133198546,-0.01616498679677214,0.0020943546083565636,0.009600121352870424,-0.023134664916509368,0.002724887081178869,-0.011428563701535322
2024-09-12,-0.003752349985746883,0.0016038569842078765,-0.014051592908352294,-0.0066964928244516156,-0.01492560328055644,0.008333297517655306,-0.0010622003622622782,-0.010695040003495405,-0.0013614804093401225,0.005095536901907104
2024-09-13,0.0,0.009569494936067147,0.0,0.006696492824451645,0.019360200990787186,0.0010368095917998544,0.0,0.010695040003495459,0.006788802049285933,0.02137092451892587
2024-09-17,0.0018779839368883366,0.0016247702972255816,0.0,-0.0011131612239572656,0.03905052040714679,0.005167878769356565,0.012671684575474547,0.0,0.0027027240547245744,0.00866879124688726
2024-09-18,0.0018743660488585196,0.006472468431211934,0.0,-0.008948583712371129,0.008474628163941697,-0.0020638842771830935,0.013549022375365944,0.0021254373633863904,-0.005412633176005122,0.0
2024-09-19,-0.003752349985746883,0.003220591885062459,-0.004728282604983331,0.0033652521118766824,0.005610067977521915,-0.004140804083973365,0.01234586233990876,-0.004255292320716721,-0.006807427283665891,0.0036924589839564346
2024-09-20,-0.0037664831654445853,0.004811607852086016,-0.0009483060266188938,0.002237188370186589,-0.007017550942523616,0.007235299108986208,-0.010277587276282843,0.002129854957330374,0.0,0.009779998921053941
2024-09-23,0.009389790015406114,0.0015987099843067227,0.0028422244834135028,0.0033461432303078897,0.001407482965001586,-0.00827307840566839,-0.010384313918081395,0.0,0.006807427283665895,-0.0048780434608137885
2024-09-24,0.0037313477944068423,0.006369487259676095,0.006600803688443722,-0.003346143230307791,0.0,0.00827307840566844,0.027793896117704393,-0.004264255880770577,0.020148438343646352,-0.006131239738653861
2024-09-25,-0.003731347794406834,-0.019231394599928866,0.010285153368097278,0.0033461432303078897,0.004210533115435518,-0.001030610747829694,0.0,-0.010741322897842924,-0.0013306817398495026,0.001229284278413587
2024-09-26,-0.003745322913073177,0.0,0.0018588114946355109,0.002224858937277199,0.0013995348620864973,0.03544684830756206,-0.004069224817679923,0.008602356560941073,-0.006680030830820088,-0.006161525173616042
2024-09-27,-0.015123261668456994,-0.013029493822876367,0.013831511577351923,0.0022198072966364644,0.01328234394456957,-0.006989563486813619,-0.006135054048734639,-0.017279132431708494,-0.0006819133638941398,0.0
2024-09-30,-0.0019065287858494125,0.01302949382287649,-0.012903447858714959,-0.0022198072966364115,-0.00557106393835481,-0.03258953391380791,-0.02387221348110593,-0.006557404963254192,-0.01512060796159188,-0.03650498400744326
2024-10-01,0.005708914272760579,0.006451589503859973,-0.008383937758354448,-0.0011116977133198546,0.01111119574549535,-0.00207243926809704,0.013562838410299906,0.010905203674055994,-0.0027739288266609486,0.01652928465535206
2024-10-02,-0.007619184583489749,-0.017843092983526695,-0.0037487903938762286,0.0011116977133198975,0.0,-0.010427652126011957,-0.0010366593764663233,-0.017505892181007666,-0.006968638890101647,-0.003790362379409157
2024-10-03,0.007619184583489634,0.006525262370026659,0.0,-0.00557100216758493,0.0,-0.0010488782252673341,-0.012526179033833596,0.008791308828731076,-0.0013996166775645195,-0.0063491107370781934
2024-10-04,-0.0038023854869112523,0.0064830448366727505,-0.0009393004291389665,-0.006726407810607428,-0.002766262993393202,0.0010488782252672942,0.003146178664734352,-0.00879130882873098,0.0,-0.01929324377860047
2024-10-07,0.0,-0.004858274539447072,-0.013245369223448355,-0.011312480317372066,0.0,-0.004201698609935066,0.0031364175650816783,0.0066006885069518646,-0.021232199149380324,0.010336044532076363
2024-10-08,-0.0019065287858494125,0.006472468431211934,0.0,0.003407178370688943,0.0041465301929468614,-0.0010531889392025157,-0.012605128460543477,0.002190620321779118,0.014204865248654391,-0.022093199762618736
2024-10-09,0.0019065287858492943,0.0,0.004750647078209978,-0.0045455662733288466,-0.004146530192946942,0.007349242157494244,-0.001057814371720908,0.0,0.016783550755929206,0.013055043402591315
2024-10-10,0.003802385486911234,0.003220591885062459,0.0,-0.002280439032543213,0.005524961944029718,0.006256447828238361,0.015748471469958548,0.0,-0.002777781415774663,0.011605544067686652
2024-10-11,0.0018956858665362519,0.004811607852086016,0.0,0.005691607005620014,-0.0013784317510827353,-0.010449229730723215,0.00829878528038724,-0.05857541865596987,0.005547868131217048,0.0012811933442162427
2024-10-14,-0.0018956858665363356,0.003194868174036354,0.0,0.004530007214538694,0.0,-0.0031564602550092098,-0.008298785280387216,0.01839129772598178,0.0013821362497674545,-0.0051348502413614714
2024-10-15,0.011320876181545782,0.001593698926747881,0.00943402257437728,0.0,0.002754899072144064,0.0052548875491374575,0.0031201075077272205,0.020293835009147675,0.0027586939577324966,-0.018182265034012712
2024-10-16,-0.005644467102332837,0.0015909945627876011,-0.00470573996939392,0.006756707866465014,-0.009675298078838407,-0.006309078796464178,-0.0031201075077271767,-0.004474130273814378,-0.0041408302075000404,0.0013098549378329498
2024-10-17,0.007518833151191473,0.02975947749272974,-0.006625794796215113,0.0,0.0,0.004210651502335881,0.0,0.017778219133382355,0.0137364887852734,-0.005249474938745605
2024-10-18,-0.0018743660488585803,-0.009302408715253228,0.0047370464748817745,-0.009019203881983549,-0.0013899267078882449,-0.0021032713158067647,-0.001042273736825193,0.006586197061272436,0.0013632932012449094,0.007863713135938647
2024-10-21,0.0,-0.0015589183796444527,-0.002839534283649979,0.009019203881983386,0.0013899267078882032,-0.0042193191015305305,-0.0010432549008690172,0.0,-0.0027285165340119348,0.005208396556396119
2024-10-22,-0.0037595013342663097,0.0,0.0037843543655281886,-0.006756707866464898,0.004157956836507676,0.010515372319822223,-0.01049328042551104,-0.004385937114874702,-0.012371265452506407,-0.0026007738723037503
2024-10-23,0.0,0.012403336482092235,0.008462674467046183,-0.0022624960155185484,-0.0027700268721824323,0.01350652332925187,-0.013807957455718218,0.0,-0.0027700867154423765,0.002600773872303823
2024-10-24,-0.00377358994068713,-0.006182355845842552,-0.006575902979738385,0.0,0.02736144773099734,-0.015600877937608332,-0.016172866349013715,-0.006615356747297063,-0.00416960620417925,-0.014388727771399464
2024-10-25,-0.0037877849065922993,-0.006220980636249798,0.0,-0.002267511199020103,0.012072557317342754,-0.007364598900794264,-0.023090713882841632,-0.024637399981161105,0.0013918247884045336,-0.017276159115173155
2024-10-28,-0.013371888087944522,-0.007830754989197107,-0.01711068510760217,-0.012564410311183301,-0.018843020943644297,0.003162900290859247,-0.033939927195554415,0.011274277648678126,-0.026781004707658658,0.006680065606586612
2024-10-29,0.005752703504454875,0.007830754989197065,0.0004894185626953899,0.0011486163891344277,-0.009556419115745202,-0.008456625073524052,0.025001338375582074,0.0,0.004276595476045876,0.002659567941041835
2024-10-30,0.003816799096578393,0.0,0.0029309980855377433,-0.00806921736333446,-0.005502095946581282,0.00969311836496104,0.01337815518512707,-0.009009114235208546,-0.0014235246428419188,-0.0013289340059225666
2024-11-01,-0.009569502601033274,-0.0031249805450881346,-0.014742161955912507,0.008069217363334462,0.004129474334977421,-0.012945222831320416,0.004419831418243115,0.00900911423520858,-0.010021601335611408,0.0039814474032227485
2024-11-04,0.003838876995407848,0.003124980545088207,0.007889589244222847,0.001147648097508855,0.00684461007709114,-0.0032626056987832865,-0.02342546630719085,-0.009009114235208546,0.012866555308124347,0.01576900468906116
2024-11-05,0.009533011092536603,0.006220980636249768,0.009775103617499045,0.002290887495620419,-0.0027323180098835676,0.0021762527696344894,-0.004524827613520422,0.0022599281009523238,0.0,-0.0013046613038132668
2024-11-06,0.005676409079212935,-0.0015516618918589348,0.0,0.0011434786867542237,-0.006863334651102427,0.021506158740304204,0.016863813389182917,0.01345289717629622,0.021082979901941662,0.018111828796131945
2024-11-07,-0.0018886241726205762,0.007734017737701398,-0.0009730639793544565,0.0,-0.0013784317510827353,-0.008547063790212216,-0.004469328731467694,0.002224849069940765,-0.0013918247884045934,0.01904817008750164
2024-11-08,-0.007590170393503594,-0.006182355845842552,0.0,0.006833779642165604,-0.005532469042369177,-0.016225143126788237,0.004469328731467707,-0.0022248490699408483,0.002781644916642178,-0.008843965436776442
2024-11-11,-0.015355390389159694,-0.009345961181337943,-0.012739053578130493,0.0011343983002519665,-0.0013879299643251187,0.00760450557220459,-0.010084054628878769,-0.017977988690718087,-0.021053316625136976,0.005063156580192608
2024-11-12,0.013448861603310217,-0.0015660769064210441,-0.001974484837582578,-0.007968177942417661,-0.0013899267078882449,-0.020777092009991747,0.0022496290178021096,0.006779923854242816,0.0,0.0
2024-11-13,-0.005741693196537868,0.010912038087759033,0.007874158811576864,0.009101290841185572,-0.0027854588495087127,0.007704951771267209,0.011173305683731384,0.006733921159468967,0.021053316625136844,0.0050379085747779325
2024-11-14,-0.011583142839150651,-0.007782167405393097,-0.0009808981827569045,0.0011319453302996798,0.004175385557396885,-0.0021953636824803406,-0.00222483211828171,0.0,-0.006968638890101647,-0.0012570997181939462
2024-11-15,0.005808292129966702,0.007782167405393007,0.009765656561606788,-0.0033994565293198418,0.004157956836507676,0.0010982842938313678,-0.0033463292466632466,0.0,-0.0070176129685930585,-0.045023712019572296
2024-11-18,-0.0019323176975885301,0.0046403464586479435,0.007744572857050389,0.003399456529319812,-0.0013840880227601686,0.007654509462230769,0.0,0.0066889927469472804,0.011204606942052555,-0.006600630249309269
2024-11-19,-0.009718200011151852,0.0015420093871946156,-0.006773202539497091,-0.0022650582290678015,0.005524961944029718,0.0,-0.002237047439177465,-0.013422913906416159,0.004169606204179112,0.0066006302493091945
2024-11-20,-0.011788060039144982,0.0015396352547093729,-0.001943685112912509,0.0,0.0,0.0010888277426118241,-0.001120403165626671,-0.00677992385424275,-0.00835660017763852,-0.00792610979121018
2024-11-21,0.007874160318513875,-0.0015396352547093046,-0.0029225309058095337,-0.0034071783706890357,-0.012474216315174046,-0.006550270624861579,-0.01695914762819774,-0.002270072566231445,-0.035590932812821156,0.001325479541901043
2024-11-22,0.0,0.0015396352547093729,-0.0009760121935460919,0.0011370934490737344,0.0027854588495087335,0.007637695651884276,0.009080633610057974,-0.004555780823397333,0.014388746867026436,0.002645564123072226
2024-11-25,0.009756125299404726,0.016781599459856102,0.019342871563319885,0.011299354196842417,-0.026780977307712225,0.00542010998029722,0.008998917183766492,0.015855421330878163,0.0028530708332039937,-0.00132190718560015
2024-11-26,-0.007797311649203051,0.009036061683031645,-0.00383868046482111,0.0,0.029558833979925644,0.0021599099722397633,-0.012394484657715287,-0.004504476426827488,0.0,0.0
2024-11-27,-0.003921471783176619,0.016357283631818972,0.0,0.0,0.00553246904236913,0.0010780456154798786,0.0033955674739488137,0.0022548323398207328,-0.004282700714354173,-0.010752722271457023
2024-11-28,0.0019626581329749045,-0.016357283631819028,-0.011605647999143182,0.0,-0.0027624421701867674,-0.008658065568016609,-0.0033955674739487977,-0.00677992385424275,0.0,0.0
2024-11-29,0.0,0.013403014375679513,0.0058197581871202875,0.0022448351900556484,0.004140873921269578,0.0032555246968965484,0.004524827613520542,0.013513845013711657,-0.023155972727446645,-0.020478563593972404
2024-12-02,-0.011834458864510863,-0.03003231434962158,-0.00581975818712037,0.0,-0.008298830757777037,0.0010829326986115406,-0.011350749187203356,0.0,-0.013264721547955195,0.005502076576270503
2024-12-03,0.009871800731535893,-0.00611610260140346,-0.0038985430993555724,0.0011204169218210142,0.002773868813747429,-0.006514710165142677,0.01135074918720349,0.008908788965275624,-0.007445943098148191,0.009556282009749653
2024-12-04,0.0,0.007639482789083586,0.006812754068824911,0.0,0.011019432939277277,0.006514710165142579,-0.018223701434914124,0.004424751035614584,0.019245572909098865,0.0
2024-12-05,0.003921471783176588,0.0015208213785124001,-0.0009705258565567158,0.0,0.004101181665738492,0.0010816525847890028,0.0,0.008791308828731076,-0.0029368616344145238,0.006770540905462696
2024-12-06,-0.0058881948660523585,-0.010695212896933858,0.002908462390138801,0.0,-0.0013652590668695398,-0.0032484740115164036,-0.008078547964319244,0.0021857198478233693,-0.005899726084210319,0.004040443598334539
2024-12-09,-0.005922967881371224,0.00917439151842133,-0.0029084623901388376,-0.008998912472817236,0.013568775819444497,-0.012002398200646103,0.002314722807797276,-0.008771916909095633,0.02194672576670068,-0.002691791481346
2024-12-10,0.0,0.0030394942275943655,0.006773202539496968,-0.017094417525722008,0.002691800838020574,0.00983076223186513,0.014917188211299762,-0.004415096800899466,-0.010181876319351161,0.005376356668638017
2024-12-11,0.0019781887787080838,0.0,-0.011639418558219143,-0.0093351528348338,-0.03836086494771335,-0.0032660481766963105,-0.006857126362884462,0.019715877214448525,0.005830924176060592,-0.008075344683136889
2024-12-12,0.001974386148258949,-0.004562874415274525,-0.004889912677681158,0.002342117753591635,0.001395678380957816,-0.006564714055168866,0.0,-0.008714583352276652,-0.014641559741631236,0.0
2024-12-13,0.0,-0.0015253807383061523,0.0019589145921433972,0.012783342130145797,0.0,0.007654509462230769,0.022676718621588987,0.0,0.011730347607173565,0.014755429670357584
2024-12-16,-0.001974386148258907,-0.0015279542092295026,0.0,0.0034582746853762856,-0.0027933074028433044,-0.006557430073581948,-0.0011217741747474716,-0.006586197061272367,0.0,-0.0013324790244452133
2024-12-17,0.001974386148258949,-0.012307841401907387,-0.0157794240422691,0.004592468875030336,-0.0070175966358102275,-0.01658403551683362,-0.01355955982291718,-0.004415096800899466,0.005813973708247229,0.001332479024445237
2024-12-18,-0.001974386148258907,0.0030911705385932462,0.0009934669158794404,-0.003442401774732385,0.004216464805587257,0.0066666094755784555,0.0022727525798882328,-0.006659411290443025,0.02008677167274358,-0.0013324790244452133
2024-12-19,-0.0059464485703322285,-0.012422513864040982,-0.0039802069841732,0.005730808763972122,0.0,-0.003327749287839445,-0.0011356727513273733,0.0,-0.00999298813060271,-0.018843155653864695
2024-12-20,-0.00999004226922609,-0.015748328048277666,-0.002995383732313854,0.004560820081875887,-0.014124507913800603,-0.005570976433507139,-0.0011370798285608975,-0.006703711042039865,0.0,-0.0013595848974753504
2024-12-23,0.011976192293561326,0.009478759828223814,0.016857047491237013,-0.0022779818715866593,0.0,0.004459261242946891,-0.00341866906810684,0.013363122332482824,0.004294963324885806,0.004073290769071653
2024-12-24,0.0,0.00938967336884157,-0.006906663518735004,0.0011395823299864293,0.007087225849282162,0.0011117151905603035,-0.008023109484558052,0.006615356747297041,0.005698024805716923,0.0054054871508549636
2024-12-26,0.003960298545997019,0.0015564095056893993,0.004938108344854709,0.0022755046031799155,0.016807106854981477,0.0022198409142165317,0.00573725347412603,-0.002200259946397653,0.007077210561787096,0.009389705737380351
2024-12-27,-0.0019781887787080604,0.004654828670970674,0.002951480899368095,0.0,0.004157956836507676,0.004424731382429042,0.017016868902173805,0.006586197061272436,0.03873232011346327,0.0013342568940331494
2024-12-30,0.013766248817852936,0.0,0.0029425969983008058,0.004535079170104725,0.0,0.009884747958968949,0.005608656520935692,-0.006586197061272367,0.006761321319131785,0.013245158897635717
2024-12-31,0.0,0.0030911705385932462,0.006832506619198295,0.0,0.009635344916517052,0.010869647896993791,0.0022345477888849334,0.004395576739493091,0.006715845063967307,0.0
2025-01-02,-0.005876557853606092,-0.004640346458647935,-0.006832506619198279,0.01459889337569112,0.0,-0.019651265358042208,-0.0067189078497732965,-0.0043955767394931455,-0.012121267321682044,0.0026281891901129752
2025-01-03,-0.003937116037280038,-0.003105652750916015,0.003909975713388817,-0.014598893375691221,-0.002743428411352772,0.0033021088520482156,-0.00563382030415745,-0.008849659021401664,-0.010899297960990935,-0.0013132311730025313
2025-01-06,-0.003952574926966912,-0.001556409505689267,-0.005870810860437964,0.005640191938614758,-0.0013745752628334233,-0.0055095880887868955,0.0,0.0022197962183284044,-0.001370768428373872,-0.0013149580171103025
2025-01-07,0.0059229678813712185,0.0015564095056893993,0.0019608351470492796,-0.0011254736726067096,-0.009675298078838407,0.0011043487388181694,-0.005665740150964082,0.0,-0.01799361228703014,-0.006600650329835818
2025-01-08,-0.009891227672995414,0.0,-0.0019608351470491777,0.003372740899090652,0.0,0.0,-0.0056980237598134005,-0.013393066037737872,0.0,-0.04330845521234126
2025-01-09,0.0019861500243350504,-0.012519802971529484,-0.006893260628819906,-0.007887459165098637,-0.02247286353640625,-0.0022100295750431148,-0.01380922534888422,-0.0022496440870068274,-0.01406486789521779,-0.011126749457276307
2025-01-10,0.001982109767288898,0.007843288317052374,0.004928573052080362,-0.0022649687193705835,0.0028368219719791758,0.0022100295750430736,0.008078547964319258,0.0,-0.0014173997600125294,0.008356664876330142
2025-01-13,-0.0019821097672889703,-0.018927958191476323,-0.011869479288392989,-0.004545615053914205,0.005649751968376606,-0.0033168230088061815,-0.0034542129959155535,0.0022496440870066743,-0.014286038713166718,-0.0013880311471525424
2025-01-14,0.01183445886451093,-0.0015936989267479286,-0.010000136986453394,0.0011383995416002044,-0.0028208172589309468,-0.008898725721346572,-0.019802600279997577,-0.011299640507480928,-0.0057720257951180175,0.0
2025-01-15,-0.005899774170254933,0.01582308667308973,0.005012568783609257,-0.0022779818715866593,0.0028208172589310495,0.003346196860537022,-0.017804632166526932,0.0,-0.02342714936096005,-0.019635830354573655
2025-01-16,0.0,-0.003144717871917928,0.003992123303537887,-0.005717357847517153,0.001407464590291111,0.0,0.0,-0.0022753545204237512,-0.02855188401357192,0.008462529756448399
2025-01-17,0.0,0.0,0.0009954448993061266,-0.015020598298539196,0.005610132045519195,0.00776500313079771,0.005970048290182407,0.011325350940897986,0.03593203369204154,-0.00563381771825602
2025-01-20,0.013712314702929322,0.0015737200969985713,0.0,0.009270132285970555,-0.001399585122990789,0.0,0.013010255755015852,-0.02971664866687968,0.013148371578577935,0.014025475354504458
2025-01-21,0.0,0.0015709977749195053,0.003972200958511725,-0.016279624783587222,0.0027972141448762175,0.0,0.014002593432922643,0.013825115354393888,-0.007283248215438699,0.004169674109029323
2025-01-22,0.007751876896697187,0.0,0.0,0.0011717445660856664,0.002789343747710827,0.0,-0.02701284918793846,0.006841536892011688,0.01451405246387914,0.004152149228462768
2025-01-23,0.0,0.0,0.0,0.0,-0.0013936653667529276,0.0022074792367385325,0.008298831370570778,-0.013730084687074252,-0.005780366714028979,-0.008321823337492217
2025-01-24,0.0038535700905376964,0.0015686997627684857,0.0,0.018562057103326216,0.0027854588495087335,0.0011019149418187216,-0.02148052617340084,-0.0023068470952286395,-0.0029027615737895274,0.0027816429618767705
2025-01-27,-0.0038535700905378057,0.0,0.008880204055369226,-0.011560861370552355,0.005547883544395814,0.0,0.02148052617340079,0.011481150958905529,-0.02353058833601098,0.0013880311471524472
2025-01-28,-0.011650517708740428,0.0,-0.008880204055369179,-0.004661817530043389,-0.011126649796747835,-0.0033093941785573796,-0.01907086073099762,-0.0022857560686144014,0.011834540796811177,-0.0013880311471525424
2025-01-31,0.009718200011151942,0.007806385336843034,0.0009906148111462605,0.004661817530043511,0.001397629021885437,0.0,0.004801981070244233,-0.013825115354393815,0.0,0.005540180375615351
2025-02-03,-0.003875974432378235,-0.001556409505689267,0.003952575304237051,0.0,0.001395678380957816,0.0022074792367385325,-0.015691311767270653,0.002317539518605345,-0.0014717832166162915,0.01235441363999586
2025-02-04,0.007736983672993748,0.003110400364746299,0.003937013939985864,0.0,0.004175385557396885,-0.0055278618803495695,0.0,0.018349112727800192,-0.002949856954669232,-0.008219293492681539
2025-02-05,-0.0038610092406154263,0.001551661891859058,-0.00098292572548792,0.009259402992582356,0.0055401318071407295,0.0033203826436109802,0.014492915497668858,0.009049996420474157,0.005891037840175519,0.031146761849710186
2025-02-06,0.007707168406772349,0.003095955605788177,0.0029455857594963076,0.02502955883192376,0.0013802671995536413,0.0,-0.009638485736167175,0.0022496440870066743,0.007315437735852097,0.005319161117640396
2025-02-07,0.0,0.0015443908528597837,0.0009799369642923077,-0.01814089810179781,0.0,0.0011043487388181694,0.016806930295951636,0.0,0.0014565551408913234,-0.02144861089990882
2025-02-10,0.003831422885808768,0.0,-0.0009799369642924016,-0.00919554413783018,-0.001380267199553674,-0.0033168230088061815,-0.009569431781398302,0.0,0.007251778498474436,-0.020534496862272877
2025-02-12,0.013295593662702535,0.015314207377042229,0.011696043225141001,0.025086873129214978,0.005509741534531232,0.007722062358775005,-0.009661829507824262,0.011173269819409436,0.0071994236110223065,0.0013820646475166858
2025-02-13,-0.00757579455683332,-0.0060975365137280685,-0.010716106260848738,0.00896863257902189,-0.009661943377346728,0.0,0.0012128075879040412,-0.011173269819409457,-0.0043134168281118036,0.02320926724862252
2025-02-14,0.0037950713441568928,0.0015279542092294948,0.0009789776278509613,-0.010095487719759644,0.00828736811451339,-0.003302108852048261,-0.0024272116058321933,0.008948420749468524,0.0014398496505900183,-0.010854853608626657
2025-02-17,0.0,0.003048760925986293,-0.0019589145921433617,-0.017055387076058838,-0.0027548990721440463,-0.0022074792367386027,-0.01008831897125263,-0.0044641436770063705,0.0014378520599168977,-0.012354413639995948
2025-02-18,-0.0018956858665363356,0.0015208213785124001,0.0078124435834906695,0.001146112647988334,0.004129474334977421,0.009895506387770623,0.00883285408489749,0.0066889927469472804,0.0014357151176048499,-0.005540180375615356
2025-02-19,-0.0038023854869112523,0.01956422629417962,-0.0029225309058095337,0.004571245199529028,-0.009661943377346728,0.0010935903100164756,0.0,0.008849659021401623,-0.00575541554563938,-0.0013898189001186401
2025-02-20,-0.005730625605625396,-0.007479492642654947,-0.0009760121935460919,-0.002282838210289148,0.0,0.0,-0.002515730370783667,-0.011074508091342486,-0.004338367996501496,0.017919190372215323
2025-02-21,0.005730625605625438,0.001500364756224866,0.0009760121935461667,0.0,0.006910900793451834,-0.005479508609000212,0.0,0.002224849069940765,0.012959116985876273,-0.023498005201274264
2025-02-24,-0.0019065287858494125,0.0,0.011639418558219053,-0.0034345196372279983,-0.0013784317510827353,-0.0010994918485814874,-0.005050465001862332,-0.006688992746947192,-0.024621064464451066,0.02213091627685073
2025-02-25,-0.0019102703107290884,-0.019682634921477565,-0.001930551950919561,0.0034345196372280065,0.008241766402185317,-0.006622570510193483,-0.011457853085203525,-0.002239567365033525,-0.01775203281380107,0.008174432156182373
2025-02-26,0.022685383678108597,0.015174770435271495,0.0257524803542703,0.011363681398290824,-0.0013688636558549616,0.01865110888447157,0.01650831808706597,0.01997847907978007,0.013343387962770362,0.0013558978865160676
2025-02-27,-0.003745322913073177,0.017910878861885506,0.002820853519088989,-0.01022172564762053,0.0013688636558550342,-0.009830762231865202,-0.012674407309586752,-0.01327476803774011,-0.001473728985815276,-0.004073290769071595
2025-02-28,0.005612688523921713,0.02194674795163968,0.004683874629274106,-0.001141955750670313,0.018970758361574237,0.005473400578686999,0.01644560256672546,0.008869396323883904,0.002945512202431456,-0.006825999688964077
2025-03-03,-0.0037383224750632345,0.0,-0.009389600227258191,-0.0022884069892397394,-0.00403492359911574,0.002181108883543633,-0.011356521565445912,0.0066006885069518646,0.007325934330784112,-0.0013706974233101605
2025-03-04,-0.007518833151191359,-0.007262067345141782,-0.00947879397707036,0.0011448005774235919,-0.00947871020851012,-0.004366875457078466,-0.010204193279743664,-0.006600688506951769,-0.00732593433078422,-0.0068824443334102575
2025-03-05,-0.0018886241726205762,0.011594249951732508,0.014184519575054495,-0.005737269452453833,0.002717336081897428,-0.004385918298983783,0.0,0.0218348693409733,0.016046999682490445,0.0013803677571397825
2025-03-06,-0.0018920990400558785,-0.004332182606590805,-0.018957920566328383,0.00802283161494023,-0.0013577119757045082,-0.006615268925011846,-0.020726178179777125,-0.008676775870767373,0.002890177427000401,0.013698773688544743
2025-03-07,0.007547206378121026,-0.004350878025566214,-0.006721078742383385,-0.02457693944683048,-0.013680083311243697,-0.0055462579121628025,-0.010526372348685248,-0.008752721756349726,-0.008695786563857368,-0.023793981036947996
2025-03-10,-0.005655107338065102,0.005797076270776403,-0.013579213365493099,-0.011919033563830322,0.005494470995247568,-0.02363649010674637,0.003960442723665987,0.0,-0.014663030716918816,-0.017143219159581242
2025-03-11,-0.0018920990400558785,-0.008708265590351842,-0.002933963519842662,-0.0036034940507270676,-0.0082531699458839,0.005678651428575899,-0.015936694281419053,-0.006615356747297063,-0.010393531008101186,0.0014398381473344174
2025-03-12,-0.00587661683421006,-0.008784922043740949,-0.004977567042132492,0.017889474937204823,-0.01952642140319105,-0.020834089298769228,-0.016194657090231688,-0.018307110179126587,-0.030305294965855562,0.0
2025-03-13,0.011718900706437305,0.004402030245684164,0.012890496251185301,-0.019093670550655285,0.001407464590291111,0.00931312089028017,0.017532486026711182,0.03405546359624355,0.030305294965855555,-0.002881824652600564
2025-03-14,0.0019398022002419515,0.002923958073071342,0.0,0.003608006926385408,-0.0014074645902910894,0.0023147908270013924,0.007989408394215618,0.0,0.0,0.01432692765907026
2025-03-17,0.009643258022694827,0.021661573051321395,0.004913971888755905,0.004790356841816687,-0.001409379667841301,0.016055444850758143,0.015789773216536653,0.013303994206615872,0.011869658976955055,0.004258278005777047
2025-03-19,-0.005774808114686776,-0.0014296584530570854,0.002936931721164709,0.010695306782453146,0.0014093796678413143,-0.006849381075820384,-0.006548794706688308,0.0,0.0,0.008462751196461909
2025-03-20,-0.017527152814687367,-0.01006471528292694,-0.0029369317211648057,0.0011812588440391436,-0.047593648502923934,-0.005743664438210365,0.0,-0.013303994206615781,-0.004434637476038065,0.001403393040472605
2025-03-21,0.0,0.017910938803250252,0.003913962791332005,0.01755460592658877,0.01902031779998193,0.014865861905113686,0.02594178774665705,0.0022296229409972676,0.004434637476038005,-0.0042163835328222375
2025-03-24,-0.0019667045250327795,-0.007423963065168757,-0.01773439717670974,-0.010495857382481173,0.0072202022856283745,-0.016018701705047163,-0.020699299754012388,-0.00222962294099725,0.0,0.0
2025-03-25,0.005888250760088051,0.008902179715134786,0.0029776434321559316,0.001171803433978941,-0.007220202285628339,0.0034541973286284704,0.01941809825302748,-0.008968651843755398,0.002945512202431456,0.0014074139546024597
2025-03-26,-0.003921546235055251,0.004421509460154678,0.0009905807624422355,-0.0035190710892409917,-0.004357391029813195,0.005730612715246517,0.026567056271406875,0.006734046573514842,-0.0014717832166162915,0.0014055765377470515
2025-03-27,0.017527152814687228,0.013148426275761748,0.010832211330709048,0.011682318404437576,0.013843536016368028,-0.0068806866141297145,0.013639332441310159,0.004464228211237825,0.017857715520485,-0.0014055765377471011
2025-03-28,-0.023438608477459624,-0.007283377240263886,-0.013806902237738249,-0.01994200545996978,0.0014461537683033625,0.0011500738988830745,-0.04148929709735037,-0.01571288925885357,-0.013363282552567232,0.008403557499432808
2025-04-02,0.019570158569451393,0.008733723287604321,0.011846036591260692,0.0,-0.004344680450743694,0.0011487527481858007,0.021588158343467764,-0.006810597357157907,0.028004827658252022,-0.004193021413222766
2025-04-03,-0.0058309289088994505,0.0,-0.006893123058938782,-0.005941640637048826,-0.020528536420093918,-0.015037944768288429,-0.020305249958834492,0.0022753947801458026,-0.013167691384827183,0.023530562628671023
2025-04-04,-0.0019512559477488948,-0.01607046265108394,-0.017946685074767696,-0.0035822177986913973,0.0059084544953688966,-0.012903264978186321,-0.005141347686728316,-0.006841661084269714,-0.007391087577649864,-0.011004223099523
2025-04-07,-0.02371646181489341,-0.04518848206227229,-0.02857332586224363,-0.024214259284854253,-0.011851954438255414,-0.031177663280578014,-0.05020874328461741,-0.03730016938389256,-0.027069284082194705,-0.0731509394362504
2025-04-08,-0.012072598844248779,-0.0015419626678989202,0.003100647446563762,-0.03618606418807034,0.0029761656138904075,0.004860344797203072,0.002706367737689313,0.0023723269109078523,0.007593048507438095,0.004454428151850616
2025-04-09,-0.03922070086724901,-0.03934414468469379,-0.04647067855915373,-0.024438599450753204,-0.0029761656138903654,-0.030771690655446472,-0.016349107612367825,-0.03129006508455464,-0.03072437310571571,-0.0014827543587986587
2025-04-10,0.050292781050532025,0.036252910564675306,0.04025963606591822,0.04580955243111843,0.013323647225980869,0.03681399930764915,0.03110457353320854,0.03837405353051539,0.036757631636073436,0.04070342472708888
2025-04-11,-0.0171634785430698,0.0030912341200185467,0.0,0.006199679016891947,0.0,0.0,0.005312109486401189,-0.0023557973978916256,-0.006033258530357804,0.001423512636259593
2025-04-14,0.007103050765131241,0.016832830647211132,0.005178733099674912,0.00246916164588672,-0.002945483411369613,0.015541207086655849,0.007915561580742537,0.016374631306932546,0.012030186878981702,0.015525988750702067
2025-04-15,0.005042865361500266,0.007558639497571048,0.012320375775463252,0.006146270544926468,0.0044149425793431896,0.014134591160101198,0.009156364148894118,0.0,0.0044742496385648195,-0.011267710744924761
2025-04-16,-0.010111290161301165,-0.012121368938871948,-0.005115055736437834,0.004890033960241873,0.0014673738442407347,-0.028471717290173938,0.009073348896857097,-0.002322847616954089,0.0,0.002828834969243432
2025-04-17,0.0030440955120202198,0.0,0.0,0.00243601856476366,0.0043891759732200605,0.0024038211893680946,0.006430873199920868,0.0069525341178318534,0.002971799057210053,0.009838480644043244
2025-04-18,0.01508331493437627,0.006079050305120152,0.017285586016370726,0.027596239161702625,0.005822380151565142,0.008368159222994841,0.005115112278464057,0.013761599921229328,0.0014825942305419816,0.0069686518131412585
2025-04-21,-0.004000078569857511,-0.00455580035037184,0.007031610009801426,0.0,0.0,0.011834564792527591,0.0025477778403260464,0.0022753947801458026,-0.001482594230541989,-0.004175235268280305
2025-04-22,-0.003010594466682085,-0.010711643328600893,-0.022267930818817974,-0.014302890267736207,-0.007283322850880126,-0.009456349956902706,-0.008945798503423525,-0.006841661084269714,-0.005952382065294383,-0.012631897188904274
2025-04-23,0.0,0.0,0.006122312272827367,0.0,0.002919754158300594,0.004739294036778249,0.001282908384633512,0.006841661084269781,0.0074349762958362915,0.0237275580402259
2025-04-24,0.0,0.0061349148712210085,0.010121657021868876,0.008368065931347169,0.002911183805358858,0.012918536243806978,-0.011605540708545841,-0.006841661084269714,0.007380178019642756,-0.011095660851321725
2025-04-25,-0.008072641897836692,-0.003062752795428711,0.003016566889427158,0.005934824336389005,-0.0014545676807187762,0.0034945485663903132,-0.002597409962705515,-0.0022906887354971345,-0.0029455383933926615,0.011095660851321855
2025-04-28,0.012084757065718987,0.01823760023693229,0.004007986112939792,0.019918638127161752,0.002906952567939357,0.0,-0.010457635574420716,0.02043185388674979,0.00294553839339252,0.016416319122000887
2025-04-29,-0.0040121151678823574,-0.010598118984123698,-0.005012497673468367,-0.024663652870469233,-0.0029069525679393856,-0.01052014582607493,-0.014560152195298035,-0.004504446537102668,0.002936815004021345,-0.009543388286102076
2025-04-30,0.004012115167882312,0.012102953841917424,0.004011906195222874,0.039632331481510776,0.007251633018683166,0.009356691204833666,-0.016129352530375504,0.00898880609474769,0.016000279059802124,0.028361139992451195
2025-05-02,0.0,-0.0015048348577936866,0.00598818862117541,-0.001143550426556486,0.01861192094975543,0.002325557188727537,-0.00271371204491183,-0.008988806094747726,0.0,0.0
2025-05-05,0.0010005186609657738,0.013463132710345068,0.004962745572342439,-0.006888672511347587,-0.007117437429544122,-0.002325557188727529,0.017508805571927473,0.00898880609474769,-0.004338299923936679,-0.013405127036321487
2025-05-06,-0.004007993366636204,-0.007457104522377426,-0.009950342715272429,-0.006936455673137399,0.0,-0.0034985077391184514,0.0,0.0,0.018665329876543266,-0.0013502598938746647
2025-05-07,0.004007993366636164,0.010424505605583381,0.0,0.002317463748557021,0.0,-0.02723679054523588,0.006653432688809732,0.0,0.007087129095886321,-0.0013524242514236344
2025-05-08,-0.012072598844248779,-0.011922653315979921,-0.0030044825833924703,-0.0023174637485569895,0.0014275734483202586,0.0023981756728887983,0.010554146997300024,-0.00448435955764502,0.009838404259569162,-0.004067805716672314
2025-05-09,0.0010116524053446177,0.0,0.0,0.00347412735355501,0.0,0.001196756296277595,0.0013115109649804856,-0.002249687015869825,0.0,0.0054202299680959735
2025-05-13,0.03086353604988805,0.02223968336869996,0.012954825298664721,0.013777623246567802,0.005689863981223917,0.01660779204635611,0.025874660331796653,0.013423048924586402,0.0027933939009407455,0.027983059393326633
2025-05-14,0.0,-0.005882448653869163,0.0,0.006818219513583185,0.0014173876180131584,0.01053257426883189,0.01016529502499843,0.0066445567308602614,-0.0027933939009406952,-0.0026316265725966257
2025-05-15,-0.00985227778697386,-0.013363180383535227,0.0039526380717069005,0.0,-0.004258272795068323,0.002325557188727537,0.0037854710244952963,-0.004424832338815224,-0.0070175707061437,0.009180421963610097
2025-05-16,0.003952546857575146,0.0014935963194133597,-0.003952638071706971,0.001131789028248406,-0.0028489788041686516,-0.008163221730030623,-0.0037854710244954078,-0.0022197243920450494,0.0,0.0078023867176486746
2025-05-19,0.0,-0.007490696270486305,-0.014962840388740796,-0.005672137099488616,-0.002857256872640811,-0.020107138588508218,-0.02690748295650231,-0.0022247741398337953,-0.007067094945871721,-0.006497732256668474
2025-05-20,-0.009910764467609554,0.008982140880287716,0.0,0.007932103655963862,-0.005738844772305571,0.0,0.01033603303707894,0.006659306658287651,0.0028328200311068213,-0.001304654460980095
2025-05-21,-0.003992094213975461,0.0,0.0050124976734683205,-0.0033917555847235953,0.0014378364365384316,0.0,-0.010336033037079057,-0.020112340964273296,-0.002832820031106806,0.0
2025-05-22,-0.018163997204035522,0.0,-0.011060950589819447,0.001131789028248406,-0.011560857098088082,0.004767419405876925,-0.005208357146036834,-0.02978458634908716,-0.007117465258256076,0.0
2025-05-23,0.00609139835978681,0.011851998847307697,0.0,0.017937657760712697,0.002902733408916749,0.00356091412745734,0.006506250830438014,0.022989528819206777,0.0,0.0
2025-05-26,0.004040483434844706,0.013167737918098032,0.008056468006426854,0.012148227898700382,0.0014481781607443,0.0,-0.002597409962705515,0.002270115477751493,0.0,-0.02377914476271834
2025-05-27,-0.0070814931324471525,-0.004370058268318394,-0.003013637150810129,0.0010970220744195216,-0.001448178160744369,-0.010720653014988405,0.0038935574280171627,-0.0068259798582182675,0.0,-0.0026773574964416955
2025-05-28,-0.0010157626968538495,-0.026628773757597705,0.0010056220607341413,-0.009917454016805537,0.0014481781607443,0.0,0.001294533433244516,-0.011481130320908191,0.007117465258256154,0.00933959034668893
2025-05-29,0.0030440955120202198,-0.022745480714503562,-0.014170253351807074,-0.006666592446043897,0.0,-0.026700685699296917,-0.0012945334332445338,-0.004629686500877739,-0.0014195306312100506,-0.0013289270999093969
2025-05-30,-0.009160331358886595,-0.013899867288733705,-0.002040900927460076,0.0011142449439517487,-0.001448178160744369,0.019488955518005318,-0.016982714561562143,0.0,-0.005697934627046,0.0
2025-06-03,-0.0020471211364649997,0.007745997380883949,0.0,0.007764814806043581,-0.021978884941789942,-0.01703197851524678,-0.0013184272373013327,-0.00698479265057733,-0.0028612596675200524,0.003981428561412466
2025-06-04,-0.00410675337634887,-0.010861306651119364,0.004077441928499495,-0.0022124673039513832,0.0059084544953688966,0.019441711834281422,0.0,0.0023335724195415754,-0.0014337057540307668,0.006600667455708711
2025-06-05,-0.0020597707282307633,-0.0015612221768860394,-0.006122312272827422,0.006622661589201041,0.013167697037504401,0.0,0.00394994879642571,-0.0023335724195416812,0.018479525625678686,0.0
2025-06-06,0.0,-0.007843203115092698,0.0030657905290836706,0.0,-0.00291118380535871,0.00480199686225702,-0.0013148951665973888,-0.004683780601067554,0.0,0.0
2025-06-09,-0.0020639176431598264,0.0015735856034764153,0.005089126393059087,-0.002202720647076721,0.005813917214275423,-0.001198309366581297,-0.005277069116192834,0.0,0.005618046268774687,0.013072049061869711
2025-06-10,-0.0020682909260026517,0.003139762117798554,-0.009179075737146087,-0.0022074736381728233,-0.001450348521695975,-0.0024010546066267043,0.0013219128436652544,0.0,-0.0028051474399946328,-0.009132316562636402
2025-06-11,0.004132208569162413,0.0,0.0,-0.01346823861905517,-0.004363568692579419,-0.0036123662080835505,0.01181884614581326,0.011668573251644828,0.0,0.009132316562636342
2025-06-12,0.0071907120471689885,0.0015661919904524332,0.006128668189912665,0.02124169484403534,0.005813917214275423,0.0036123662080835275,-0.013140758989478562,-0.004651220231035664,0.0014035920803336052,0.010336061138886589
2025-06-13,-0.007190712047168972,-0.004705954108251011,-0.006128668189912614,-0.013363139462399278,0.0,-0.016970039693593234,0.007905132770242254,-0.009367613678005109,0.0028010797970301586,-0.026317374375645616
2025-06-16,-0.011404890699359313,-0.006309093277303488,-0.005136175642640879,0.006703836463097028,0.0014481781607443,-0.01975369647853259,-0.00922873006819443,-0.0047170392166338455,0.004186997586072004,0.010610205953635944
2025-06-17,-0.004179810834044018,-0.004758201157891176,0.0,0.007765051207015533,-0.0028985266824404156,-0.01002522385040478,-0.0026525274339485013,-0.0023669492293270206,-0.004186997586072032,0.001318444024904091
2025-06-18,0.007303033221247498,0.0,0.0,0.0033093855654873577,-0.005822380151565229,0.0012586397137387187,-0.001328939640964627,0.004728191048069206,-0.005610027686402994,-0.006609475008931817
2025-06-19,-0.002081099170233179,-0.007980914375564079,-0.001030387783791498,-0.007739078173666585,0.0,0.006269607155510577,-0.002663123539642543,-0.011862481433809312,0.0,0.0
2025-06-20,0.006230558913226586,0.009569498365280102,0.0041152987201913144,-0.030424983793528995,0.0,0.03560834694519773,0.06453854168381835,0.004761963474832251,0.0,0.0026490476310412603
2025-06-23,0.001034680191325284,0.0,0.0,0.007977318650797196,0.0,-0.024421155635730392,-0.039520753914099566,0.048677033045174574,0.005610027686402895,0.01444547705100394
2025-06-24,0.013354112610299186,0.006329139380822614,0.006141214050328055,0.0011343759972351716,-0.038695312747129375,0.017157219453073635,-0.009144467086968857,-0.02520188377926497,-0.0028010797970301304,-0.0026109415341936
2025-06-25,-0.0010209477958341602,-0.009508834975207967,0.009141781178160389,0.0011330906462656708,0.016554137408811082,-0.010995776242160077,0.003929319505192751,-0.002322847616954089,-0.001403592080333496,0.0
2025-06-26,0.0020407512060935788,0.004765759987071369,0.0,0.005646606892645618,0.0029806731924686236,0.0061236515322541625,-0.0026178085402123246,0.009259422081576315,0.0014035920803336052,-0.003929368910090546
2025-06-30,-0.011276387642721552,-0.0015860643926860769,-0.00914178117816032,-0.007914073536146487,0.014771326172629506,0.013341713255014263,0.0,-0.006936574464622245,0.008379948424207934,-0.003944739228829127
2025-07-01,0.002059770728230745,0.012618472563277288,-0.006141214050327989,-0.006833862376548125,-0.0029368330122143873,-0.006042308652202755,-0.0013115109649804299,-0.01166857325164485,0.03552279589372696,-0.005283975580803375
2025-07-02,0.004106753376348911,-0.006289333182454703,0.0071611947930321895,0.014747935912694615,0.0044019861101220695,0.0024213424001175237,0.009144467086968908,0.013986153749354198,-0.02033961087991307,0.0248540075119441
2025-07-03,0.0040900601278824646,0.0047206843863187384,-0.002040900927460076,0.02227266978025201,0.0029240228753122537,-0.004848622293023129,0.011635549315383542,-0.004640428114663464,-0.04053661892543568,0.009003314770673652
2025-07-04,-0.006141380567246161,0.007818673362928262,0.004077441928499495,-0.006629868630896417,-0.014706156268528732,0.003638653884607266,0.0038486028568528435,0.018433664438740137,0.002849031928988699,-0.007712107799091082
2025-07-07,-0.0020554329369852843,-0.006250024566792331,0.0030473091363524695,-0.0033315454157417652,-0.004454345877320877,0.0012099684084158257,-0.011590594744219179,-0.011481130320908191,-0.018665329876543173,-0.016916499673893953
2025-07-08,-0.0020597707282307633,-0.012618472563277345,-0.013272359936793366,0.0,-0.0029806731924687108,-0.007281687197320676,-0.0038935574280170313,0.0023068879637444723,0.004338299923936726,-0.007905166606719768
2025-07-09,0.0,0.001586064392686101,-0.00515184671876607,0.0011117852834503067,-0.004487662146333667,-0.00243905980560841,0.0038935574280171627,-0.0186051477162671,0.010050432397790444,0.005277070207643537
2025-07-10,0.0030880672781865223,0.006319060449316268,0.0020638630049438413,-0.007808249542279319,-0.003002978146418356,-0.0036696891955236895,0.010309393243234315,0.0093457256346907,-0.0028612596675200524,0.013072017224879955
2025-07-11,-0.004119545825919497,0.009404425291978595,-0.011405000370457354,-0.008998950311768632,-0.01058212323820559,-0.007379965699593256,0.0,0.004640428114663587,0.0,-0.006514551915713183
2025-07-14,0.0030912492759636668,-0.01572348574129505,0.01961862942818057,0.0,0.0015186261221466378,0.0036967602696744155,0.008934317648311364,0.004618993966912937,0.001431582283840012,-0.009192552163823668
2025-07-15,-0.007227731160750374,-0.0015860643926860769,-0.01338155388553547,0.0,-0.001518626122146572,-0.001230878347742732,-0.002544536461688994,-0.0186051477162671,-0.005738880856691266,-0.003965531555899313
2025-07-16,-0.012513216383684404,-0.0240975476411882,-0.016719364870769242,0.004509597760067723,-0.009160286315278472,-0.019901062703961154,0.0063492733995660555,-0.00706729987402987,-0.015953865390933977,-0.01065272258999758
2025-07-17,0.0,0.004866172389528696,0.016719364870769287,0.004489352551700808,0.001532590378326013,0.007509526605666969,-0.015306455942056355,0.004717039216633837,0.007283278937802224,0.010652722589997521
2025-07-18,-0.0010497818963145272,0.0032310638521017157,0.0031040618228684713,0.0022371409688118527,0.006106833594747663,-0.0012477091290246385,-0.015544390183115894,0.014018833909040832,0.0,-0.0026525607518914887
2025-07-21,0.0,-0.003231063852101827,-0.01456849496704265,-0.004479187522000705,0.009090962387349149,-0.002500098326765548,-0.0013063067140437065,-0.002322847616954089,0.0,0.0
2025-07-22,0.0010497818963145962,-0.006493533867538704,-0.004201754933516475,-0.014697911948003548,-0.004535150529607897,-0.007537704922741455,-0.0026178085402123246,0.0023228476169540055,0.0,0.009253179162447599
2025-07-23,0.006276286116844613,0.017756713637578688,0.008385928967386215,0.006810479652110292,0.0030256935019900505,0.0025189282418656266,0.0013097286134625635,-0.004651220231035664,0.011544179271952247,-0.006600618410556158
2025-07-24,0.004162307669548199,0.0,0.01141663032673359,0.012366619817893764,0.0045214802206791785,0.012500151120833039,0.0026143866407933787,0.004651220231035602,0.0,0.003965531555899171
2025-07-25,-0.009389700711526103,-0.004811621754839646,-0.001032309393560633,0.004459323290017147,0.0015025800475614028,0.003719802258067831,-0.0026143866407933075,-0.004651220231035664,-0.024692561040063,0.001318444024904091
2025-07-28,0.0,0.009600121642073984,-0.011428802520019907,-0.003342571899342163,0.0,-0.0037198022580679497,0.0,-0.009367613678005109,-0.01780464776355388,0.00394473922882913
2025-07-29,-0.002098674971181173,-0.011209072276351555,-0.00523831063569071,-0.007843244911187739,-0.009049753770230536,0.003719802258067831,0.0026143866407933787,-0.009456315356868642,-0.002998606150323828,-0.006583302420975539
2025-07-30,-0.00738024267468637,-0.001611543528820834,0.013563051332842038,0.006726493520512829,0.00453515052960775,-0.0012384383235652758,-0.009180316265812633,0.018823929034873715,-0.0030074755641226946,-0.010624296658431655
2025-07-31,-0.006369350476831912,-0.011354528855269498,-0.015666188077690497,0.004459323290017147,0.0030120231930612583,0.0,-0.007936567455566663,-0.018823929034873874,-0.019772395024761864,-0.004013343678779103
2025-08-01,0.022117784381647732,0.009740301900353052,0.00734144738053916,-0.005577323208785883,0.004501128423027574,0.0,0.007936567455566555,0.018823929034873715,0.021277375208178573,0.018592846359109995
2025-08-04,-0.006269516258948245,0.0,-0.012618458328953341,0.01333366134788698,0.002989511869724621,0.0037107232576927313,-0.0066094569507238535,-0.01172341107589677,-0.010582210811952819,0.006557465309166863
2025-08-05,0.012500075172174854,0.0016142269549164992,0.010526425709255232,-0.0011043096579501435,0.0221411753383184,0.0,0.0013254169291057887,0.0,0.00907723062853616,0.014276608824679592
2025-08-06,-0.0031103744606487647,0.00963093997178089,0.01041677331684949,0.004410048684720383,0.01449301592589415,0.0,-0.003981467074913056,0.01405178368997836,-0.007558537618059816,0.006422629738214877
2025-08-07,0.0,0.0,-0.00937010549754772,-0.0011006631192330848,0.0,-0.002472284934127488,-0.00399738254300228,-0.0023283726140816514,0.04306527380835243,-0.0012812174688007533
2025-08-08,-0.0020790408657660867,0.012698510808599512,-0.0010466678193017014,0.028231996507651146,0.0014378364365384316,0.009852250633720805,0.0039973825430022385,0.009280906731913507,0.0029027874275946975,0.006389798098770988
2025-08-11,0.0041536634630574875,0.009419188576272492,0.01248725248916183,0.0042735175164783645,0.0,0.00122484823960186,0.0013289396409645153,0.016036994701375006,-0.010196763364405554,0.001273125072957113
2025-08-12,0.006198376128472875,-0.004698504189953632,0.013353958426019295,0.0,-0.02032002833565261,0.01216558795885111,0.007936567455566555,0.0,-0.005873715448016256,-0.014093813502018541
2025-08-13,0.015329857467418306,0.015576610423522276,0.005089126393059087,0.008492633352875393,0.013110082807225603,0.0012083261664413165,0.016982714561562175,0.009049817051113062,0.016070478812421723,-0.0012912069715824194
2025-08-14,-0.002030392075460645,-0.007757937060594099,-0.009179075737146087,-0.011696005498400814,-0.001448178160744369,0.0012069877231924184,0.0,0.0022496870158699458,-0.008733691309578196,0.0025806850324586995
2025-08-15,-0.0040732968554486335,0.0015563622741468673,0.005109930086791381,0.0,-0.011661904646481246,0.009604049662945795,0.014148146781791332,0.0,-0.004395653605614574,-0.0012894780608761398
2025-08-18,-0.002042938991417648,0.0,0.019182751025275502,0.005333301751390802,0.0,-0.005991683454862209,0.005095564109754448,0.0022447496411948033,0.0,0.0
2025-08-19,0.002042938991417522,0.006201574786447205,0.0,0.005305008473697918,0.0043891759732200605,0.004796120269485479,0.00644749427529416,0.0,0.007315319348583461,-0.007772111388617228
2025-08-20,0.0,0.0015444225944367942,-0.005012497673468367,-0.008501554018134915,0.004369995264344609,0.0,0.005128218755189374,0.0,-0.004382737797796365,0.0012995325405269777
2025-08-21,-0.002042938991417648,0.0030817078320574966,-0.0030197038145785915,0.008501554018135009,-0.010226545081805394,0.0011955631853766988,-0.011575713030483503,-0.0022447496411947465,-0.0014652157714598146,-0.0012995325405269615
2025-08-22,0.002042938991417522,0.0061349148712210085,0.0,0.0052771173855855995,0.0043956071181460105,0.004767419405876925,0.007731969936276305,0.004484359557645102,-0.005882353397414031,0.0012995325405269777
2025-08-25,0.005089059552302351,0.0030534785026316933,0.0010076484856797823,0.0,-0.007336759073844872,0.010644809455102523,0.00767270668175874,0.008908726743116473,0.011730306966670085,0.0
2025-08-26,-0.010204150161799822,-0.013814523800346857,-0.01317817876561267,-0.0212773260525632,-0.00294982785393308,-0.011834564792527615,-0.002551053941330154,-0.02015738779073232,-0.02061933988067264,-0.030325358225433606
2025-08-27,0.004094142813663118,0.0030863852623357374,0.007117506785555702,0.0,0.00294982785393314,0.007117508872403224,-0.0025575164503964165,-0.02057219727838725,0.002971799057210053,0.01593669817080098
2025-08-28,0.016210982061139863,0.004611907239950795,0.018072822125353962,0.0,0.0,0.029122649336297483,-0.0012811842012675201,-0.011614479151455121,-0.0029717990572101657,-0.015936698170800883
2025-08-29,-0.005037784787836855,0.0030627527954286515,-0.0009956108768404913,0.002148020555816365,0.0,-0.016204113092490487,-0.001282952088764735,-0.0023392654363146273,-0.01801845588963942,-0.006715809050150293
2025-09-02,0.01603249894167747,0.009132528807751714,-0.0019939014999788016,0.003213877886072615,0.0014716927877253985,0.0034945485663903132,0.001282952088764724,0.0070012104699379634,0.0030257499543623685,0.0
2025-09-03,-0.007984119687158557,0.0,0.0009973979349279603,0.0,0.01604691581943994,0.0057970549124919885,0.00638975459299399,-0.00934572563469076,-0.010630347046757282,0.005376303691593929
2025-09-04,0.001001520701200254,-0.015267443678972743,0.0,0.0,0.0,0.002309559536794023,0.0,0.002344515164752791,-0.003058059894891287,0.0013395053585562853
2025-09-08,0.0010005186609657738,0.012232576521484646,0.0009965035650509498,-0.00859297689225494,0.0014461537683033625,0.0,-0.006389754592994003,0.0023392654363147305,0.019712430270442772,0.0013378459537154988
2025-09-09,0.003992094213975456,0.010582020649033795,0.0009956108768405074,0.0032310784503659855,0.0028860485362454174,0.002304123429745244,0.00128118420126746,0.0023335724195415754,-0.016654370375551644,-0.005420025712555865
2025-09-10,-0.006996658326716904,-0.006033128376036726,0.0019880546653130485,0.005361898441889039,0.022793009724596046,-0.011574192500272383,0.005108570391726629,0.002328372614081603,0.006088357193369095,0.0013577463526437746
2025-09-11,0.010288242990923204,-0.0015140251155089073,0.0,-0.004324463556007659,0.007017543164988988,0.0011634546212410755,0.0,0.005941681669001435,0.003030259271118639,-0.002717405372578911
2025-09-12,0.01018337263788244,0.01538491178082274,-0.0029836655421536873,-0.00652164398456053,0.013889187630309163,-0.005830856804789797,0.0025445010790072576,0.007083935846549936,0.012030186878981702,0.006779684732491138
2025-09-17,0.007067107721019603,0.0,0.001990132254584763,-0.0021835804598454934,0.015058426401428484,0.0011688944444300479,0.012626406358183993,0.01169605848923844,0.0044742496385648195,0.016086145502516764
2025-09-18,-0.0060545005169157316,-0.00766286924338946,0.0029776434321559316,-0.0010933673680402721,-0.006816696144298006,0.0023335821181713085,0.005006331400181335,-0.01169605848923843,-0.011976158170605343,-0.005333370373529249
2025-09-19,-0.008130114734352671,0.0015372786141467688,-0.000991562985741057,0.01196316121175966,0.0027322834202725315,-0.012903264978186321,-0.0012492351217638965,-0.002355740551213906,0.007501908532040644,0.005333370373529277
2025-09-22,0.004073319690120272,0.006125590629242613,0.0009915629857409917,-0.010869793843719272,0.004084412724025388,-0.0011814395898227593,0.0,0.007050638195522876,0.002985179407020827,-0.009352115543820287
2025-09-23,-0.00203458585483172,0.003048781463412211,0.0,0.007621233101564248,0.0,0.0011814395898227408,0.004987543920680715,0.002339208836282203,-0.001491512776540287,-0.006734029958696418
2025-09-24,0.0010178602737527548,-0.004576664945313583,-0.0019841101445870336,0.0,0.0,-0.007109193124800924,-0.003738308798916779,0.00466195200864731,-0.008995575162521172,-0.016349146007945833
2025-09-25,-0.004077471703621346,-0.0045977071473414215,0.0009925471588460122,0.0,0.0013577284061295403,0.010644809455102523,0.0012476764802817938,-0.004661952008647329,-0.006042297719034139,-0.0027510459840511094
2025-09-26,0.010162674399296745,0.009174372092654981,0.007905208363325275,0.003248560742154982,0.017485383544471045,-0.00471705592012438,0.002490632318635014,0.013921269562421613,0.010550237463728922,0.0041237024589882085
2025-09-29,0.0020201998042781123,0.00909096759358308,0.003929145575637362,0.0043149231927394425,0.013333501869196837,0.010582228005407741,-0.0012445709113796388,0.002301523142864649,0.0038125120734062634,0.0013708420138672105
2025-09-30,0.0,-0.004535153120892391,0.005865263126770433,-0.004314923192739368,0.0,0.006992959372276126,0.0,-0.004608355516172031,0.006069769855973713,0.0
2025-10-01,0.004028197057620184,0.009049831449339059,0.013552847200768384,0.00539085600639449,0.05036570255443926,0.009248635311544948,0.002487594791196818,0.006904593811131684,-0.00911860095907935,0.0
2025-10-02,0.0030104857010738646,0.02080311841109952,0.008616636485729853,-0.005390856006394365,0.03951139157053083,0.0,0.0061919880749448045,0.0022908657893413215,0.027110084411652725,0.006825962786650662
2025-10-03,0.002001999918053738,0.0,-0.0009538304267740297,0.0043149231927394425,-0.01586369912280234,0.0011500738988830745,0.01348885304614238,-0.0068886272271655065,-0.013463212053875063,0.0054273801358992405
2025-10-06,0.0019980978364285084,0.0044020594743784,0.0028586712395276175,0.012834377782006651,0.02670060343009647,0.005730612715246517,-0.013488853046142266,0.006888627227165458,0.0060060464265810675,-0.005427380135899191
2025-10-07,-0.007010583455555914,-0.005873729439965783,0.0019010296631170169,-0.0074665661557999806,-0.01934773893356541,0.0011423056817571563,-0.0061919880749448375,-0.0022908657893411706,-0.0060060464265809695,-0.012320507259505942
2025-10-08,0.005012485619127441,-0.0014738389705263879,0.005870885915286571,-0.0010713224665632305,-0.011049670863449398,-0.0034306114874883983,-0.007481365462835327,-0.00459776143782423,-0.006042337093439719,0.0013764353138309225
2025-10-09,0.0,-0.0014760143784327854,0.0,0.01277970340971643,0.0,-0.00344230690951544,0.014907056027788808,-0.011587633815430357,0.0060423370934397196,0.004118109159024233
2025-10-10,-0.005012485619127416,-0.005925940649488763,0.006806055017018232,0.0021142305562945082,-0.013673415022724815,0.008259724289891296,0.0024631461526143984,0.002328316261656012,-0.004528271398698374,0.013605647519141692
2025-10-13,-0.002012070233739586,-0.0029761913523116464,-0.008759221271640173,0.0,0.0,-0.008259724289891414,-0.00369684864262311,-0.018779994335788273,0.0030211248117060397,-0.013605647519141709
2025-10-14,-0.001007604767323895,0.004460898220965726,0.00195316625462194,-0.020267409689249814,0.007481339558884709,0.0011841131649404433,-0.0024722202268492154,-0.002372391471705103,-0.004535190506447499,0.0
2025-10-15,0.0,0.0,0.006806055017018232,-0.0021574590858205946,0.002481314193948625,0.005899738230319114,-0.004962791727912734,-0.0023781495006536127,-0.0015162139770518992,-0.01657497313631776
2025-10-16,0.0,0.0014826530462400459,0.006760045598353761,0.02558780562047824,-0.0037242839618120134,0.0,0.019705021417205593,0.004750540972358626,0.0,0.0027816556666365446
2025-10-17,-0.0030287218608347575,-0.0029673599148942326,0.008624821785932619,-0.01591547672334351,0.031826444121219655,0.00469487962330024,0.007290525078947191,-0.004750540972358738,-0.006088321287286175,-0.006968666935857114
2025-10-21,0.001010560501838269,-0.004467689457402315,0.0,0.007458817506982905,0.0,0.0,0.007237641364830979,0.016529374463217606,0.010630304263889542,0.012508804811761564
2025-10-22,-0.004048582897475217,-0.00448759028573716,-0.022190922401304627,-0.005322103309442196,0.0024066655539896633,-0.0023446280139996717,0.020226712029262094,-0.01415122496256391,-0.01215817550011402,0.015079142380427527
2025-10-23,-0.002030454718959459,0.01340302417492731,0.0038948311623493714,-0.010729626481304298,0.0012012218360006866,0.002344628013999742,-0.008279104315990778,0.0,0.0030534116426894965,0.021535184606499877
2025-10-24,0.006079037616434613,-0.0029630375631336165,0.005813997080726235,0.010729626481304226,0.0,0.0,-0.0035692948857329455,0.0023723914717051217,0.00759306055261439,0.031457328324854934
2025-10-27,0.0010096393024397394,0.004441233780834628,-0.0009666239987865926,-0.0074986646316042745,0.0023981235175083437,-0.0023446280139996717,0.00830858503907933,0.0,0.010534317825279338,0.0
2025-10-28,-0.0030318818746420183,0.0014760143784328004,0.0009666239987865589,0.0,-0.008418598361186887,-0.0011743787146688135,-0.009501263769753446,-0.002372391471705103,-0.010534317825279357,0.014093796065547332
2025-10-29,-0.0010126072041039106,0.0014738389705264273,0.0,-0.005390856006394365,-0.003629713690134481,0.0011743787146688452,-0.008388236910234463,-0.004761851402291569,0.006033223041505915,-0.008945756004298538
2025-10-30,0.0020242892744677023,0.004408528352841246,0.004819246942352238,0.0043149231927394425,-0.006079149617151517,0.0,0.0012026028133701487,0.007134242873996581,0.001502544128435773,0.005121673423351623
2025-10-31,-0.0020242892744678407,-0.007358381701800441,-0.011605507080740972,-0.004314923192739368,0.0060791496171515745,-0.008249989839619653,-0.015748379144785656,0.0,-0.003007495771243209,-0.005121673423351701
2025-11-03,0.008072686136366098,0.010286640202353918,0.017358186569724363,-0.0010816462379069716,0.01204831205132128,0.008249989839619627,0.01574837914478576,0.004728195295335972,0.004507931466487249,-0.01813516738412982
2025-11-04,0.0,0.011628032954883145,0.015180597359192903,0.008620691838147872,-0.008418598361186887,0.010507915713778126,0.002400991691394898,0.004705944628824246,-0.003002979823679712,0.0
2025-11-05,-0.0030196750010634487,-0.007251660258928846,-0.013270429632299359,0.003213760840217227,0.0,-0.005824031511812788,-0.008428754945982024,0.018605171965402467,-0.007547288736247251,0.0
2025-11-06,0.0,-0.007304631196507693,-0.010551644738697913,-0.012917375839771183,-0.007272766941941415,0.002333572165602014,-0.009720615890198432,-0.018605171965402467,0.0,0.018135167384129968
2025-11-07,-0.001008522056556676,-0.007358381701800441,0.0,0.002164569399313269,0.007272766941941408,-0.005844568194735371,0.012136106379644258,0.002344693566698529,0.0015140656947414761,-0.01813516738412982
2025-11-10,0.003022618642273686,0.014663012898308068,0.005769366559268971,0.0,-0.007272766941941415,0.008172931625582181,0.0,0.0,0.009036202865185493,0.028352354021176723
2025-11-11,-0.0030226186422737584,-0.008771982248373777,0.0009581944569641062,0.00539085600639449,0.009685354395629647,-0.003494525052261394,0.001205502435399102,0.007001160844929497,0.002993988928598469,-0.016656420048579458
2025-11-12,0.003022618642273686,0.011678959779663937,0.0009574621096270875,0.003220556345988539,-0.007255178176660026,0.0034945250522613568,-0.0012055024353991026,-0.00700116084492943,0.00149363967138587,0.001291193350283788
2025-11-13,0.0010055784153465172,0.0014503259503760278,0.003820431041317036,-0.0032205563459884656,0.001212877032837358,0.002322842931210282,0.001205502435399102,0.007001160844929497,0.007434988165254647,0.0
2025-11-14,-0.002012070233739586,-0.0029027584015972356,-0.0009538094284794255,0.0,0.002421349754753798,0.009237899600783396,-0.006042332138984673,-0.002328316261655977,-0.0059435036516178414,0.0012895283196614209
2025-11-17,-0.001007604767323895,0.005797115178859727,0.0019066179564203563,-0.004310378463071048,-0.008500499371905258,0.0011488569108895543,0.009650260765576216,0.002328316261656012,-0.01048704458010838,0.003858511741587298
2025-11-18,0.0,-0.004344682727638632,-0.003816785683313811,-0.02073183517603294,0.0,-0.013873047396514208,-0.013293239188391199,-0.01169605848923843,-0.0075585510704916144,0.0
2025-11-19,0.001007604767323861,0.0,0.007619058887148268,0.008781563788990357,0.0060791496171515745,0.0034862908848412805,0.001215762091712967,0.007034106480591241,0.0,0.00256411565042393
2025-11-20,-0.003025766126320376,0.002898551501286155,0.002842270124204681,0.0010923862327574488,-0.014652291378775165,0.004629672760020332,-0.0073170801736060255,0.00466195200864731,-0.0030394901841804853,-0.0025641156504239335
2025-11-21,0.004032257944713527,0.0014461312263524964,-0.006644543328039073,0.0021810927734556918,-0.0012307903162775,-0.004629672760020227,0.0048840761133556905,-0.004661952008647329,-0.0030488311031056387,0.0012829110802382688
2025-11-24,0.0020100481532285917,0.00719945205146126,0.05647031427040405,0.002176239916523862,-0.004938247126134946,0.0,0.004860220391352316,0.00466195200864731,-0.004590709350864213,-0.0012829110802382582
2025-11-25,0.0020060159631915694,-0.0028735639645121667,-0.043224995505436,-0.012028571082606925,-0.004962814156209356,0.004629672760020332,-0.0060790639750511535,0.0,0.004590709350864213,-0.020752981766209135
2025-11-26,0.0,0.005738894213624684,0.010285167945813023,0.005485484791829839,0.0037242839618119522,0.005757083751652753,0.00850040318919087,0.018433686114336986,0.0015255404064650837,0.0
2025-11-27,0.0,0.0,-0.014051728867188066,-0.023243891608256118,0.019632515503923642,-0.006912577637199025,0.0024154904894456374,-0.006872845417698015,0.012121331951312847,0.011726412813685954
2025-11-28,-0.007038682758694024,-0.005738894213624593,-0.0028342145155538646,-0.019220581354934388,0.0036387512556885207,0.00806000565830655,-0.004836829703585475,0.0,-0.0075585510704916144,-0.027578799433580787
2025-12-01,0.006036226992738482,0.012866505107852432,-0.006644543328039073,-0.0011421838323319375,0.016807058297664365,0.010268251459237413,0.0,0.002296238294959622,0.010566046841734802,0.015852386619894736
2025-12-02,0.03643928149005194,0.029393286426995197,0.006644543328039122,0.011363773768448094,-0.004773360188770809,0.0,0.006042332138984661,0.011402538783890331,-0.04452001439507851,-0.007894813742386817
2025-12-03,-0.0077670182399845016,0.001378427863292362,0.008478658470352968,-0.012507263676607587,-0.01082375609816703,0.006787243887002762,0.010785083157280736,0.006779764136524136,0.007818734212011574,-0.009290056835036118
2025-12-04,-0.0019513131414873818,0.0027510320553566286,-0.0009385914301554609,-0.010351017770474265,0.004825065903930655,0.01009547990320474,0.0,-0.011325167165100862,-0.026836656619911692,0.002663129586036116
2025-12-05,-0.005876504206661217,0.004112341600326409,0.0,-0.003474173464353559,0.010772050383007289,-0.0011166761905885292,0.0,0.0,0.011137727420516403,-0.012040301513644179
2025-12-08,-0.005911435639874404,-0.008241801518975288,0.0,-0.012843022661880187,0.01301023123261151,0.0033462946225550306,-0.00717715453068896,-0.004566269965972459,0.004735564757529409,-0.008196777791549426
2025-12-09,-0.0019781401846226303,0.02047859017042281,-0.0009392916032685354,0.010520183358385882,0.00234734634947948,-0.003346294622554936,-0.007228921551436475,0.0,0.0,0.0041068203869452915
2025-12-10,0.0019781401846225327,-0.006779751408519153,0.0065573103354262426,0.014002553702935872,-0.015357577582091131,-0.002237100255020341,0.003620992924844915,0.0,0.0031446302298543424,0.01356874616723584
2025-12-11,0.013739252988023073,0.0188684767206683,0.008368288761835187,0.0011581235536059604,0.0,0.01665773543761428,0.0012041675163722034,0.01137670545881716,0.0,0.010723911958141276
2025-12-12,0.0038910499225801656,0.0013342887513004046,0.004618996975708802,0.02401494210803263,0.024692581943519386,0.0022002904318344993,0.004801874015088817,0.01124873059923032,0.02174010484524779,0.007968179910782547
2025-12-15,0.00580833332081953,0.003992019421397399,-0.0009221476384458931,-0.0022625338444095242,0.010398663027944123,0.00109817369546894,0.0,0.004464234911727933,0.006125541420809529,0.009216698646139164
2025-12-16,0.0,0.01581059877903427,0.008268344584721605,0.00564654780545359,0.0022962514690375575,0.0032877254737019622,0.0011968453548864381,-0.004464234911727863,0.003048831103105682,0.0
2025-12-17,-0.005808333320819568,-0.006557462951200029,-0.011039632513596454,0.0,-0.015020424937059833,-0.015435764776983229,0.0023895175402593913,-0.01351376306349833,0.007581473160783821,-0.01054029516559839
2025-12-18,0.0,-0.007925996232550211,0.002771287928874823,-0.0056465478054536136,-0.01053263939001894,0.0044345236189395855,0.0,0.0,0.004521519736695737,0.0
2025-12-19,0.013500668058693927,0.02229599538134234,0.025502294413973527,0.02350411806389093,0.0023502173582882926,0.009906568432601966,0.0023837060360491426,0.02463736594588812,0.004501094783773343,0.005284034746286815
2025-12-22,0.0038240910580831272,0.0025906738565680716,0.0008988517189035084,0.0011056270857845681,0.011668718488274651,0.01737288401437642,0.009478749394099133,0.002209970721020583,0.013383130775479068,0.013089145258016521
2025-12-23,0.005708856226409464,0.0012927602066342605,-0.0008988517189033742,-0.005540185709219482,0.0,0.009641153671749555,-0.005913580633012679,-0.0022099707210205288,0.008823583398180599,-0.011772519632944196
2025-12-24,-0.005708856226409501,0.0,0.0,0.01543588628989558,0.005783693663054038,0.011658860972773527,0.0,0.0,-0.004402024019851013,0.013072035169183547
2025-12-26,-0.00766286194354129,0.007722106850395494,0.008060985697198828,0.004366780967644487,-0.009269990119598111,0.003156285256330937,-0.002375327951488521,0.0,0.004402024019850984,0.007762078041897816
2025-12-29,0.003838770885458193,-0.00772210685039549,0.004450348963530878,0.0,-0.0034986053476190587,0.003146253530338397,0.0,-0.002214757111044253,0.015977106783976194,0.005141405908835816
2025-12-30,0.0057306666538767745,0.011560881448589789,0.0008877666289590683,0.0021762604478080005,0.004662092353695696,0.005221958173813997,0.001188426770760146,0.006629717666546536,-0.007230769126118834,0.0
2025-12-31,-0.001906575595793679,-0.01544431551179228,-0.017905693544491074,-0.014231254751314502,0.01729145885657166,-0.007318360264144965,0.0,0.0,-0.004363606556604577,0.0
2026-01-02,-0.0038240910580831077,0.005174653460994415,0.006303575212336206,0.003302173841148679,-0.017291458856571785,-0.0042061366963381435,0.0,-0.011074328526164252,0.004363606556604689,-0.012903483950733725
2026-01-05,0.011428772713289154,-0.0025839796044265302,0.019556069925001418,0.0,0.01729145885657166,0.026002475939926217,0.007100481813741098,0.015469990062635441,-0.002906954339507335,0.0
2026-01-06,0.01317035204704776,0.010296096641962607,0.0008799552828633078,-0.0010995488648451856,-0.011494464998574734,-0.010319937585984242,-0.0011797845615868796,-0.008810622091973556,-0.011713137036939759,-0.006514594593233002
2026-01-07,-0.0018708134957381628,0.005108565672809738,0.0008790967427258317,0.01094103904115934,-0.008125323149166051,-0.0167369189167252,-0.0011814070988078827,0.002209970721020583,0.00879770767140126,-0.0026178057817113484
2026-01-08,-0.0037523440928704695,-0.005108565672809634,-0.005286380823019379,-0.009841490176314105,-0.0046729853180318155,0.020877742569329196,0.0023611916603947635,-0.008869338691682431,-0.010271534824698817,-0.003939634794239153
2026-01-09,0.02046571036295051,0.005108565672809738,0.018381263726647855,0.0054793654756964275,-0.0011716663182260321,0.019437925019741203,-0.008288908584501287,0.019846307545489394,0.0,0.02597551911991712
2026-01-12,0.0073394725785218915,0.006349224873592407,0.01035389435345262,0.006536019780733559,0.0023419614409177438,0.01707726772396387,0.003560822067685715,0.002181157340420152,0.0029455568520361645,0.0038387501087701974
2026-01-13,0.010909273213017821,0.01880932375137052,0.000857977297085439,-0.003262564794072228,-0.0011702951226916951,0.0009955037161384298,0.018780016897149542,0.010834253100827772,0.014598746561778987,-0.003838750108770315
2026-01-14,-0.0018099526739886287,0.009888827876462128,0.00683761060971544,0.0183491348441431,-0.010594521222835884,0.015795020872656655,0.0,0.006444778542341469,0.0014482139368567615,0.006389775134595722
2026-01-15,0.005420059783384119,0.006131285199293481,0.021904883942788136,-0.00428721452685944,-0.002369595943069041,0.01939920900794934,0.002322798049279,0.016985530938335488,0.007209845768362726,0.0012731071013011715
2026-01-16,0.005390841031565991,0.004878056088075982,-0.002503141921774468,0.0032170811281086527,-0.005948958710565081,0.006701777536416638,-0.0034863362514253567,-0.004219463413804628,-0.004319694719176133,-0.007662882235896794
2026-01-19,0.0,0.0,0.0,0.0,0.0,0.0,0.0,0.0,0.0,0.0
2026-01-20,-0.009000948140961296,-0.025879497355787255,-0.0033472721613285674,-0.01401643665132,0.003573620349728239,-0.0329806009141966,0.004645715132629186,-0.0021164269940593746,-0.004338364986043341,-0.012903483950733725
2026-01-21,0.003610107109395278,-0.002500000214856739,0.002511524127118118,0.020419818267974555,0.005927686686512351,0.027238961170917887,0.0023148450451758126,0.004228281043249013,0.0,0.010336085249516319
2026-01-22,0.010752776650959483,0.017370156283274343,0.011637704747832552,-0.005333248217903705,0.0035397738029567783,0.007648186481488916,-0.005797021975658584,0.008403506600061138,0.00433836498604328,0.0064061488099875705
2026-01-23,0.012400495956142761,0.0024569416591349617,-0.00829881479184754,-0.006437838042947455,0.012873309646473237,0.0019030103533314556,0.0,0.0,-0.004338364986043341,0.0063654326871254606
2026-01-26,0.012248690567802284,0.0170320956690202,0.02061927734399099,0.0,0.0069524152147363025,0.01228166342492182,0.011560743425897503,0.018653399621742985,0.012959105319364186,0.015113595661611589
2026-01-27,0.022356875035942754,0.014371557947809047,0.023397578024838692,0.005367704644196486,0.005757056077934487,0.025951426675989105,0.031676817473067526,0.02634397694579018,0.009964549556899889,0.01488857159107909
2026-01-28,0.003395584193428367,-0.010759273775154446,-0.009615426317784956,-0.004291814738575476,0.03497259816979594,0.006383952732837891,0.009972346847236606,-0.010050351655798756,-0.0028369263432630443,-0.016139385427403792
2026-01-29,-0.01365206973923208,-0.026798120436980297,-0.02115624679509629,-0.018448701800361386,-0.01789766022661127,-0.013730141530960105,-0.0055278391185935956,-0.020408904213264266,-0.005697972957687374,-0.008799534873335933
2026-01-30,0.013652069739232083,0.042302359358314015,0.05907543064134839,0.006550184807501116,0.01122354625287443,0.029066488638312914,0.002214760973509316,0.004115278923272641,-0.004294957573777945,0.0100503487096606
2026-02-03,0.011794559919525369,-0.03614861876300851,-0.032298935840405524,0.008667472559882471,-0.008968715327112924,0.01245572762966999,-0.0044345456337444526,0.016293625289991433,0.012829856874728257,0.01611937241227436
2026-02-04,0.0,0.0012263021838657072,-0.0024048220150603584,-0.002159809251849641,0.008968715327112875,0.00617012104686494,-0.00222472306840791,-0.008113627733940485,-0.0014174226632795578,0.0024570068396222514
2026-02-05,0.0,0.0,0.0016038054682805307,-0.021858814570309516,-0.02143335185521685,0.001755897578759588,0.0,-0.002038759854870941,-0.008547126893620326,-0.003687807660817513
2026-02-06,0.0,-0.0024539268553100645,-0.0024066738068757327,0.005509661085962764,0.0034148638763323047,-0.010582103933899476,-0.008948610181715432,0.014184598455671701,-0.002865307317828436,-0.014888571591079038
2026-02-09,0.010000150787730807,0.014634400422029552,0.0040079884938796625,0.01634915348434689,0.015783812085104307,-0.007117521478256962,0.022223201371078985,0.0218914760871117,0.014245273294361344,0.012422595571002636
2026-02-10,-0.004987615948653511,-0.007290490352348164,-0.0008002981402241422,-0.008686294505659626,-0.019198675961436484,0.019452445218073527,-0.00661532248721128,0.005888113622313397,-0.009950315720583377,0.0
2026-02-11,0.02143533126948251,0.0012187686773408807,-0.007231885400254934,-0.005467487492115026,-0.002283144776941173,0.0,0.0011056507972728488,0.005853646587105922,0.0,-0.008679634727739602
2026-02-12,-0.009836130638245691,-0.001218768677340877,-0.004040376414867314,0.016313591249624323,-0.0022883694579916916,-0.007029874222718904,-0.001105650797272936,-0.0019473472342316875,0.002853044835331789,0.008679634727739511
2026-02-13,-0.00661158468258322,-0.0024419418580781766,-0.023761850498100083,-0.017410727520798742,0.011389620367299819,-0.025905871489617847,0.0,-0.017699585608234956,-0.0057143225022934846,-0.004950511101231875
2026-02-16,-0.010000150787730668,-0.012300333577886804,-0.006655656522788895,0.020641771953776696,-0.0011331639402967992,-0.004535167456227595,0.006718997367987594,0.0019821836774224773,0.03242003539226105,0.023299524608939626
2026-02-19,0.010000150787730807,0.011077031595625255,0.009140141380291903,-0.0021529385971691428,0.01015243629827933,0.014440705824694058,0.008888938939973553,0.0019781657794015676,-0.011157690477622299,-0.0060790245747912594
2026-02-20,0.01317974327129722,0.0012233019822615624,-0.007472049601172046,-0.002157375238371577,-0.007887391024934,-0.005390845833831827,0.0,-0.005946469991242793,-0.007037335679792361,0.0
2026-02-23,-0.0016380800541331442,-0.0036743435401587173,0.004158056251588683,0.0043103138355406745,0.017937683802113264,-0.004514692534634484,0.007713503401217435,0.009891293167466179,-0.0014134158473014416,0.007290501411786407
2026-02-24,0.014646374889610361,0.015825095425841366,-0.004158056251588569,0.0,0.008849659895133508,-0.012750680485937286,-0.004400443105183411,0.0019665912823688615,-0.0028328390829126405,-0.007290501411786381
2026-02-25,-0.0016168922966694164,0.0036166987628658605,0.00166531388208043,-0.006472562363560912,-0.008849659895133468,0.00821551302970979,0.0011019537304638209,-0.02789027823634076,0.00565774444292859,-0.012269988932916547
2026-02-26,-0.029558761758758607,-0.00120409348832665,-0.00835427933791487,-0.002166829274407702,0.0022197945614252507,-0.0045558289389422925,-0.005521846353188035,0.010050351655798671,0.0,0.0024659760200764877
2026-02-27,-0.0033388966169896773,0.011976067006157342,-0.02377022044804856,-0.026375245501457357,0.011025446216740014,-0.027779550469884774,-0.004439514833672001,-0.014098986258478685,0.014005780533112414,-0.006176649989955668
2026-03-02,-0.020270935816128727,0.007117582749315217,0.005141340759708878,0.00222478317506934,-0.018816273915453163,-0.008486563998730857,-0.016825929113299554,-0.01636026961058429,-0.0069784042859842455,0.012315501747570515
2026-03-03,0.010186830883530878,0.016413021990280403,0.0,-0.00892866104778381,0.0022321817913238447,0.014104553514396954,0.012366617064980429,0.008213591734884887,0.006978404285984214,0.00853135712118552
2026-03-04,-0.015319426786989828,-0.011696034323873509,-0.014636521058867431,-0.002244650397334208,-0.001115468066347491,-0.0074976581568518535,-0.005602277099279644,-0.010277498480789635,-0.015417270045826832,-0.0012144191761015416
2026-03-05,0.00342465599097789,0.0,-0.003475230824642647,0.010061538564977681,0.0022295863986095945,-0.019953191618556396,0.0,0.012320423370357604,0.011236046789688797,0.0012144191761013891
2026-03-06,0.005115093393568426,-0.002355829810354196,-0.00698690455145378,0.008859445834173862,-0.008948543626243774,0.000959309223053865,-0.007896227900768478,-0.006141237701180016,-0.008415194246754453,0.0543226944545135
2026-03-09,-0.025841194056286026,-0.021454807611525187,-0.02305071745714507,-0.04217147748471669,-0.028492004403098705,-0.037113676896797745,0.0,-0.02705690622180406,-0.025679006103410406,0.003442265286409701
2026-03-10,0.017301444671739663,0.023810637421879374,0.03003762200859894,0.02415298939897977,0.040775794259617484,0.024571232331623064,0.014615225268756015,0.027056906221804015,0.02144473771317449,-0.03141615369239291
2026-03-11,0.011935333577974694,0.01285803351580417,0.0043422175291059064,-0.005698042789053764,-0.002222261043928816,0.010622997548982861,0.013303952966471196,0.0,0.007047186101843496,0.02140394534293568
2026-03-12,-0.00261900515003773,0.0011608811514896022,0.006047534990408401,-0.005730696632532716,0.012161666024629567,0.0019194470161917965,0.0,0.012552454174974593,0.01117334233789535,-0.011834503060066504
2026-03-13,-0.01054490345582453,0.002415400157722015,-0.02294895334414942,0.005730696632532733,-0.030119483332435474,-0.0038835888409663663,-0.03359780697706415,-0.004166668762577977,-0.013986260049503098,-0.0035777896075703734
2026-03-16,0.014035305200489975,-0.004836764199049148,0.0017841626227588217,0.005698042789053831,0.006772150054856999,0.0009723120873157967,-0.006857108690263342,0.00208555419132783,-0.0014093630302199837,-0.004790423808819532
2026-03-17,0.01039877998110434,0.012048384201170593,0.01591539804428352,0.0,0.004489313816646322,0.003879729607110218,0.0022908949361331405,0.012422507734227345,0.0014093630302199223,0.008368213416389996
2026-03-18,0.011996663906413125,0.01780457894851043,0.01739180905944718,0.018018488085736917,0.05022891252106265,-0.006799413695085314,0.013636562387651652,0.014300487850344563,0.002812917711607738,-0.009569442282869082
2026-03-19,-0.01199666390641306,0.0035231667026496354,-0.013889181725769854,-0.06453857080810949,-0.03909307075259139,-0.025667769056748654,-0.020525162036484038,-0.01224503963950984,0.004204664047619002,0.0012012288664791963
2026-03-24,-0.022668819242311525,-0.009422911402011267,-0.018527221284089717,0.06118476862642241,-0.005552473518515068,-0.03562721717369347,-0.0034622869875178,-0.0020554482108346927,-0.0013995685423184886,-0.006020510872502626
2026-03-25,0.00877963751654155,0.009422911402011274,0.005328646794962176,-0.0033651951863005233,0.0011129851863461424,0.013381580922814239,0.012636654233122609,0.014300487850344563,0.009756160397571973,-0.0024183209047600263
2026-03-26,0.0,0.003510908975371523,-0.0035492461323130718,-0.01016374629864795,0.0033315423887810345,-0.00821359089721744,-0.00572413583227633,-0.022564989557944313,-0.0027777561115877895,0.007237602910783497
2026-03-27,0.001746765343429994,-0.01411798028404588,-0.008928664956833478,0.04440236683144519,0.009436654710013394,0.0,-0.0011487915070965734,-0.004158006026627518,0.0,-0.008449017806745519
2026-03-30,-0.02294895334414942,-0.020347694502329445,-0.018100024849794897,-0.010917180823618769,-0.016713544911183792,-0.02611114452388126,-0.03390154789575934,-0.029600542256902927,0.004246253050879978,-0.004860272235849283
2026-03-31,0.014184621799781118,0.02034769450232951,0.0,-0.014372842247307765,0.008948597461870642,0.0031695466575543917,0.01182051363968419,0.004282657856401812,-0.018532264796812182,0.027629330779505853
2026-04-01,0.026065784764974842,0.022262259465915188,0.018100024849794876,0.016565875803282278,-0.0022296000938832375,0.029108155896386614,0.020930921509077063,0.0190482276518422,0.012866532618511835,-0.028848127880388107
2026-04-02,-0.017301453220606597,-0.010483515022541419,-0.013544190895225138,-0.012121322317095503,0.0,-0.023847734229710302,-0.009248612425238053,-0.012658384774144153,-0.005698015696033632,0.0024361105434864867
2026-04-03,-0.01760607157677191,-0.026098785180284724,-0.012808989906094874,0.013216038204338676,0.0,-0.008429968324230557,0.0011607928346388217,-0.01067250073409989,0.002853066265385662,0.0036429587932450486
2026-04-06,-0.0035587191446187104,-0.021871995961644616,-0.022347277854463853,-0.0032877494432177598,-0.04217147748471669,-0.005305072627996234,-0.002322823782987026,-0.004301077929863997,-0.0028530662653855803,0.02039663696868431
2026-04-07,-0.005361980613494304,0.0,0.012166749535859986,-0.015486967745702438,0.01157413723039534,-0.0053332645945755675,0.0,-0.008658054700508611,0.0,-0.01797527292735724
2026-04-08,0.0142351025356305,0.015844342196226168,0.02752469065116354,0.0022271171841228015,0.013714596587686048,0.01801851278819601,0.015003069799402276,0.021506185371127504,0.004276586611975298,0.003620973394739315
2026-04-09,-0.01423510253563046,-0.03319302270808071,-0.004535172426464753,0.012161632418628715,0.002267518397879395,-0.01481512166903452,-0.0045924264258159035,-0.021506185371127483,0.004258307732981223,0.009592390367769765
2026-04-10,0.0,0.018576338766832897,0.0036297645952369758,0.002195336095339993,-0.002267518397879459,0.00319316216312679,-0.003458186035497487,0.010810957345391062,-0.0028368786489228145,-0.004784693483860293
2026-04-13,-0.016260548889711474,-0.01732709079189004,-0.01735992224863949,0.010905274992518265,-0.011415692333591479,-0.011758516713449192,0.006904563588962702,-0.010810957345391049,0.007077197314253113,0.011919024223680753
2026-04-14,0.005449643002904319,0.01117331911864117,0.004597639092906718,-0.009809359388932652,0.00458190512543632,0.0010747156922507012,0.011402566874813098,0.008658054700508674,0.009824597595795924,-0.00952387286095172
2026-04-15,0.0018099966406076196,-0.006191993649176389,0.009132518560495809,-0.019912196165873326,-0.005730696632532716,0.0,-0.0011343478405923414,-0.008658054700508611,-0.012649455472663674,-0.02176619810708669
2026-04-16,0.0,0.0061919936491764025,0.00904986988655931,0.00779087384877782,0.0,0.00428724773891021,0.0011343478405923307,0.012959132630372629,0.005641758404814116,-0.006131250286114892
2026-04-17,0.0036101086507148382,0.00982807914878778,0.0009004300644702787,-0.0011092878010480678,0.003442313678817918,0.009579551606990765,0.002265058492354844,0.004282657856401812,0.007007697067849566,0.004907980574122903
2026-04-20,0.021391169070398217,0.0,0.008068188521750055,0.01103757656216908,0.0057110598179126275,0.0,-0.0011318879350677698,0.002134521408939022,0.0055710398696598214,-0.014796803085972112
2026-04-21,0.0017620713156032127,0.00973242732034403,0.02469258974538498,0.0032877494432178075,-0.004566213754130247,0.024072381648472658,-0.0011331705572871038,0.02318336299156216,0.01379337475135257,0.012345765322425175
2026-04-22,-0.012400459177022434,0.0012099491453649305,-0.014919023787118749,-0.005485498052988559,0.007977324098087674,-0.010395143778893461,-0.0034071280609998247,-0.008368241322527534,-0.005494513919280685,0.01823765733598722
2026-04-23,0.0,-0.004848605320285066,0.010554177276845853,0.0,0.004530014546082792,0.008324702244286086,0.006802794766490444,0.016667035927216762,0.005494513919280717,-0.02439142900923605
2026-04-24,-0.005361980613494304,0.0024272412789581284,-0.0035056969047001798,0.0,-0.0033956667054905213,0.0,-0.007941124890040245,-0.006217680033439156,0.00410113120770051,0.0
2026-04-27,-0.005390800595484875,-0.006079069336731612,-0.01950418769019808,-0.006622587118136989,-0.005684976837638533,-0.01566607721385704,-0.014917100390480303,-0.018888317074982886,-0.005471964702323253,-0.0024722456827359356
2026-04-28,0.010752781208979089,0.003651828057773653,0.008025023127163777,-0.005552506519400019,0.004550628997046219,0.0021030982811968487,-0.00579702922683453,0.012631835249782387,-0.004123680424658028,0.0049382769891932795
2026-04-29,-0.01617288650030154,-0.00243303095689129,-0.002667915050747734,-0.007825606980943804,0.0,-0.004210628908069958,-0.012873274252141723,-0.006295972349773998,0.005494513919280717,0.0012307975562154533
2026-04-30,0.0036166370397949996,-0.008562705919049795,-0.008944552418123733,0.0,0.0011343478405923307,-0.007411330597837767,0.007042331892575515,-0.014846544796776563,-0.004118085360568834,0.029092933192540964
2026-05-04,0.017889547963743282,0.007343908818167356,0.0017952881239393355,0.010050352978966205,0.005652948001197369,0.002123191625806121,0.011627971586400805,0.014846544796776646,0.017723724175774985,0.0011940573217919478
2026-05-05,-0.00711746112599564,-0.0024419430876502345,-0.009009018468760384,0.0,-0.004519777443910304,0.007395669598904551,0.00805999170021701,0.0,0.0,0.016568466418927705
2026-05-06,0.0017841626227588217,0.010942376465708847,0.0009045888093798518,0.008849606874565697,0.0022624961482034752,0.0052493758583805105,0.004576662532905499,0.008385785412396695,0.0,0.018605169261404868
2026-05-07,0.0035587191446186765,0.007228882631897586,0.021467708563271005,-0.0022050178405892047,0.0033840677678083084,-0.003146277577183601,0.0068259043419073235,0.020661872724274735,0.0,-0.03636769300212449
2026-05-08,-0.007130148014993584,-0.0036079092371582625,0.0008845846319302746,-0.006644589033976515,0.0011255182532255254,0.007326007918800615,-0.002270092259693771,-0.0020470328671578298,0.0013504056182226689,-0.012019306440717158
2026-05-11,0.0,-0.0024126016353442597,-0.012455707318052407,0.0,0.0056084541036358565,-0.0041797303416171066,0.0,-0.006166558030059634,-0.0067704678345085305,-0.008500433378058666
2026-05-12,0.005352329078857885,0.008418648400448541,-0.010801174686528803,0.0,0.010016795609166327,-0.008412239069549347,0.0,-0.0020639330310401926,0.004067766011879691,0.003651828057773653
2026-05-13,-0.0053523290788579135,0.0,0.0009045888093798518,-0.0022247459980224804,-0.004439514833672001,-0.004232806387735853,-0.00455581208221365,0.008230491061099875,-0.004067766011879717,-0.009768078620962812
2026-05-14,0.0,-0.004801925185013666,-0.0009045888093798337,0.013274624104356723,0.0033315618004588414,0.0021185923144771313,0.0,-0.010298791447429973,-0.016438776097217507,0.00733504766407149
2026-05-15,-0.007181352338604389,-0.004825094974829871,-0.000905407831227805,-0.0010995304668196682,0.0022147853599034494,-0.0031796246346512185,0.0011409275042690052,0.016427458860832002,0.004135114137728521,-0.0012187971008823376
2026-05-18,-0.001803468251527333,-0.006064322834572105,-0.0045392898044504,-0.01887896983068308,0.0011056086032227264,-0.00745871258792061,0.0,-0.016427458860831908,-0.006901365076433544,0.0
2026-05-19,0.0,0.0036429587932450486,-0.012820632444189002,-0.006749229277808501,-0.005540201451290676,-0.0053619634311609515,-0.004571541164823962,-0.008316048409686872,0.005524936517721633,0.0
