Date,1155.KL,1066.KL,5819.KL,5225.KL,1082.KL,6033.KL,1961.KL,1818.KL,1295.KL,5347.KL,5168.KL,5216.KL,7113.KL,5183.KL,0166.KL
2023-05-16,0.0045923922367378045,0.0018166196460233754,-0.004012117766932458,0.00169068195621045,0.006719009787759474,0.0011897988975594486,0.012903491566956055,-0.004834803492375896,0.002534794085471418,0.021818798569111057,0.013423051315596044,-0.011834385087174819,0.028171032733085043,0.012811471874399773,0.018348799113368338
2023-05-17,-0.0022935926637172982,0.0,-0.0030196336603857048,-0.0033841414288061527,-0.013483350870114787,0.004744898256849745,0.015267456101288369,-0.003236383624056609,0.0025285236951814827,0.002053549011182031,0.05195964771720865,0.01183438508717488,0.027398905025435072,-0.012811471874399778,-0.0045556886733699705
2023-05-18,0.005724213386568606,-0.0018166196460233696,0.007031751427318128,0.008438849194381152,0.001130651959395999,0.00118295409541526,0.010050325434326308,0.009677723335349532,0.00252193908511703,0.0040941613076853015,0.12292696236543581,0.01169604514590458,0.05264370850358345,0.004288681244439977,0.004555688673370088
2023-05-19,0.002280385911959942,0.0,0.0,0.0,0.020134907814943464,0.009411632810814852,0.0,0.0016037861936281463,0.0025158016836019674,0.0030597401238728716,-0.03415909222618784,0.0,0.0253178464979574,-0.021630178735132653,0.004535145092579306
2023-05-22,-0.023042433921930738,0.0,0.0,0.001679325562627677,-0.014501218691984197,-0.005872096428060445,0.0,0.019048129609982273,-0.0075662644639004325,-0.022658132656155475,-0.01556439416947333,0.0,0.01652929374337999,0.014472027085072555,0.0
2023-05-23,0.003490359227080312,0.0018166196460233754,-0.009049846209436815,-0.010118174757008914,-0.01699760820739134,0.002353130045682705,-0.010050325434326218,-0.011067297453851509,-0.010178167437730264,-0.0041753611264856525,0.023256821194160643,-0.023530430233079446,-0.00823044541253434,-0.010108341306664765,-0.027524671491420433
2023-05-24,-0.005824029669416452,-0.009115746170894022,-0.01629362243115974,-0.008510669883921676,0.012493175029613314,-0.0047114920502624264,0.005037724001579109,-0.009584618349759003,0.0025542878592110306,-0.004192755229210171,-0.023256821194160598,0.01183438508717488,-0.016667043305484082,0.008670512487819743,0.04546233278219957
2023-05-25,0.0,0.0,0.0030754612935244416,0.0,0.0011279226896051902,-0.011876610851490757,-0.017744328970651972,-0.004827110841406004,-0.0076824499375831865,0.0062826709733461,-0.08594253231117144,0.01169604514590458,-0.051735751248946305,0.0028735932538531605,0.004434815541166075
2023-05-26,0.0023336704423361668,0.0,0.0020448108479859885,0.0,-0.005652857252592862,0.002386569018036394,0.0,-0.0016142288698869321,0.002567403461461364,0.011416777653655437,0.012739056341396535,-0.01169604514590468,0.03478609972562739,-0.002873593253853093,0.08885344679036292
2023-05-29,0.002328303543550016,-0.003669907964531605,-0.004094249622012634,-0.0017108430838995406,0.0022650266584102914,0.001191216205455001,0.010178128611127154,0.0,-0.002567403461461288,0.006172898953291426,-0.004228276817229952,0.023256948184560346,-0.008583791501463444,-0.011577593386788466,0.0
2023-05-30,-0.0011634076281291335,-0.0036831029974831384,0.0020494387740266746,-0.010327334730239356,0.0045147201389990725,-0.004773209028276583,-0.010178128611127105,0.004834803492375845,-0.012936902872626381,-0.013423014386044249,-0.025752556746684706,0.0,-0.044059917002119975,-0.01762155049479899,-0.004056895294230874
2023-05-31,0.0069605594934852655,-0.012999456278489628,-0.009254684908335722,-0.0017314932690673983,-0.025086875041136297,0.001195423804785231,-0.057910990834080925,-0.003220574622488995,-0.007843130772382221,-0.011500330910241958,0.0,0.02272811217764667,0.02666818155961865,-0.028551952895994513,0.024097596484618903
2023-06-01,-0.0057971518653561335,-0.003745178129094099,-0.004140760623318375,0.011564934453082468,0.008050597245593046,-0.010811066664209763,0.005405413104221405,0.0,0.005235630597430587,-0.005271508276366456,0.012959069923911362,0.0,-0.0088105727816626,-0.010728099995482299,-0.01600050962158142
2023-06-02,-0.0023283035435500586,-0.0037594769024499194,-0.01673677412652334,-0.006993124881611642,0.006849402480467125,0.007220370260346478,0.010723883845847108,0.006430897035034277,-0.013140835248016717,-0.004237283643513004,0.00428270729860662,0.011173379195149526,0.017544301328756423,0.009202609125067412,0.023905771278752895
2023-06-06,0.0,0.0,-0.00847467444604352,0.0310907259773504,-0.030025309877831908,0.004831022931476246,0.01587346990387109,-0.009661964723274375,0.007905204650586126,-0.01282065537398446,-0.017241777222518035,0.011049840990935906,-0.03540191010671245,-0.004590640813421008,-0.0158735147708144
2023-06-07,0.0,-0.0018849968735785835,-0.0021299667097718377,-0.027588137531732868,-0.0023475635393950425,0.0036077881203859146,-0.007905273512142028,0.0032310676882401084,0.0,-0.003231098957995443,0.0,0.0,0.01785760877795611,-0.017015192741219532,-0.008032256507938446
2023-06-08,0.002328303543550016,0.005644473776028484,0.003193307934509424,0.0,0.012843256003899708,-0.00965018993066109,-0.005305047149421236,-0.0016142288698869321,0.0,-0.01631362230383571,-0.02197881415329396,0.0,-0.03603991892269061,0.001558941047159814,-0.016260589025654245
2023-06-09,0.0023227625608852323,-0.007532920324636184,-0.008538100753550446,0.0017468346005112153,0.003474144857643562,0.0072464232440690645,0.002656144113865849,0.004834803492375845,0.0026212417732709202,0.006557442821266261,-0.017937668080937743,0.010929146514040606,-0.01851903849463394,-0.0031202369435096838,0.020284937176870528
2023-06-12,0.001159493620324216,0.0018884465486077094,0.003210279665588272,0.015584757416284288,-0.009291548339942744,-0.0024096231297631317,0.01317537352802858,0.006410371626582647,0.007822679049211209,0.008676938148183305,0.03991648223423165,0.0108107789056346,0.02765157216743002,0.03831900491393493,0.01988142312753667
2023-06-13,-0.0011594936203242364,0.001884996873578556,0.009569462968443269,-0.008628205366284369,0.015055243593110295,0.01793228022774367,-0.013175373528028535,0.00795543507595451,-0.01044392082248194,-0.01304362897716502,-0.044451684893506364,-0.010810778905634689,-0.01834912855349666,-0.03519876797042533,0.06108754163985733
2023-06-14,-0.002322762560885322,0.0037594769024499263,-0.007434949814990493,0.005185988780501656,-0.002301335196402358,0.0011840614699702998,-0.0026561441138658087,0.0,0.0026212417732709202,0.0065429065013831705,0.013544256152561943,0.0108107789056346,0.027398905025435072,-0.0031202369435096838,0.03636755893346496
2023-06-15,0.0,0.0,-0.008565411580457566,0.0,0.009174275536514103,0.005899870841497828,0.0,0.006319142960090159,0.007822679049211209,-0.009830778029824535,0.0,-0.010810778905634689,-0.01818231014473456,-0.02371643786505326,-0.020305092433798404
2023-06-16,-0.003494424675474861,0.0037451781290940914,-0.005390778497836089,0.02721248467379139,0.013605712277480636,-0.005899870841497844,0.0,-0.02713659197335629,0.005181446198078726,0.009830778029824553,-0.06006430369064209,0.0,-0.11149547652376933,-0.016129375332735476,-0.011049821572960885
2023-06-19,0.009291576540831013,0.0,0.010752994888535664,-0.006734033873010424,-0.013605712277480551,-0.005934631685356804,-0.005333271890329582,0.008058178529646135,0.0,0.002171722692192919,-0.014388652685178943,-0.01092914651404064,-0.06351343703835631,0.008097206907443845,0.018348834704771878
2023-06-20,0.0,0.007448862642920481,-0.0053622163906995425,0.013422940793744668,-0.0011422749865542725,0.011834502526854723,0.005333271890329511,0.0032050908394722563,0.0025806546320480887,0.0,-0.039414018037942054,-0.011049840990935826,-0.050430862683808544,-0.006472577714182355,-0.01465226164477879
2023-06-21,0.010350733131484406,0.0,0.0074987815060730744,-0.021904779180432647,0.00683374046820973,-0.013025807023870961,-0.0026631492423078596,0.011137734286462643,0.007702174070772,-0.003259296892127718,0.0050125328738186625,0.027856979725807945,0.017094391221610612,0.0,0.007353248512967913
2023-06-22,0.0011436481816140202,0.0037037809403504263,0.01588177110870548,0.008481838386687804,-0.006833740468209769,0.0035694740204978035,0.0,0.023456819737213176,0.0025542878592110306,0.0010875741999347693,-0.015113673037159261,-0.02222321481492703,-0.02285805841497956,-0.006514662187422454,-0.0036699126338126864
2023-06-23,-0.00114364818161407,-0.0018502297239349078,-0.012685174324549185,-0.010186890327643713,-0.0034343116531735745,-0.005956093875190783,-0.002670122648021613,-0.01244185397873132,-0.010256461929982972,0.0,0.00506335517351042,0.011173196743612869,-0.005797149586626358,0.008136738438265978,0.0036699126338127605
2023-06-26,-0.00458719166083787,0.0018502297239349676,0.005304983105218708,0.005106458923239282,0.0011460211216651887,0.0035779243517091623,0.005333271890329511,-0.0015661092621717507,-0.005168057346302291,-0.002176215672401408,-0.025576922465960668,-0.011173196743612899,-0.035506743168116806,0.0016194493798897477,-0.007353248512967848
2023-06-27,0.0011488377438494356,0.005529915692701913,0.0021142059058268407,-0.011955802810593693,-0.009206070075216625,-0.002383711235637672,-0.008010681455880141,0.0078063860930351735,-0.002594043483824422,0.0010886414724666834,-0.005194743955039738,0.011173196743612869,0.0,-0.00812360117581366,-0.029964757035966044
2023-06-28,0.0022935926637173616,-0.0036831029974831384,-0.002114205905826759,0.008554395828310364,0.020595695951343005,0.001192406738621322,0.0026774095655505135,0.0031057216860865566,0.005181446198078726,-0.0197808758868692,-0.005221998910450939,-0.011173196743612899,-0.018237542696402233,-0.006546566337880304,0.026268183975973056
2023-06-30,-0.01152086756235994,0.0018433008573216106,0.0031696913408248376,0.003401406982283317,0.0,-0.004778757411514279,-0.002677409565550602,-0.0015516971118344,-0.005181446198078763,0.004429675437409404,-0.010526394613423654,0.0,-0.006153825529265962,-0.014888674118591388,0.014705940772231571
2023-07-03,0.013809276997245032,0.003676439649541076,-0.003169691340824918,-0.0016992572956565093,-0.006818088675064599,0.010720632123916995,0.018592848541086303,0.0015516971118343758,0.023107648253157698,0.0055099078102383535,0.07637297018322425,-0.01129952231910087,0.04230239373555889,0.019802653814129743,0.003642893932540157
2023-07-04,-0.005730839842451858,0.001833270455152059,-0.001058724957287427,-0.008539785053692907,-0.002283246669553242,0.0011840614699702998,0.0026281535763570487,0.0,-0.007643373352258956,0.0032910080565118267,-0.00491400620107935,0.011299522319100893,0.0,-0.014814979416505251,0.0
2023-07-05,0.0,-0.007353010962014806,0.0,0.0,-0.0011432794734259546,0.0011830398995557035,0.007843068532697887,-0.006221034630623944,-0.0025607586169108516,-0.00549140030461243,0.0,0.011173196743612869,0.0,-0.006655747867290078,-0.003642893932540276
2023-07-06,0.00344243040756686,0.0,0.0021163302014035137,-0.0051589770470271005,-0.013825225990942519,-0.0011830398995556172,0.0,0.0015590379682649442,-0.005141415453861204,-0.0011019553137919383,0.019512898990502403,0.011050018071314121,0.005899683648376182,-0.0033445176252975832,-0.0036561191992707295
2023-07-07,-0.0068966202782104495,-0.003697042419153617,-0.00317629048847114,-0.001725733646038568,-0.001160715200606972,-0.0011840614699702788,-0.02371653843656913,-0.006250111116762674,-0.007762100830126809,-0.002207560248345953,-0.029413952513758074,-0.02222321481492703,0.0,0.008340413762428358,-0.011049821572960885
2023-07-10,0.0,0.0036970424191534734,-0.002122956636125922,0.005167950231821155,0.00463486005825035,0.0011840614699702998,0.005319293356173656,0.003129854098686358,0.002594043483824453,-0.0022122068069929507,0.004962719763602447,0.0,0.0,0.006622437886876685,0.0
2023-07-11,0.00804138153148147,0.0036831029974831618,0.004241641880480934,0.010256545514937277,0.0023095512357117426,0.0023641774347722636,0.028760155348539467,-0.006269619917320788,0.0025874027142542247,0.002212206806993038,0.01474237665323252,0.0,0.017493183596476423,0.013114988147712326,0.025595235818486963
2023-07-12,0.0011436481816140202,0.0018366375093796343,0.0021142059058268407,0.011834356137809735,0.004603101157350228,0.001179807075014232,0.007702245179299169,0.0,0.0,-0.0022122068069929507,-0.029705161941018906,0.011173196743612869,-0.005797149586626358,0.0320540963816937,0.0036038806050039066
2023-07-13,-0.0022884094348851335,0.0054894401452241755,-0.002114205905826759,-0.030719107019031508,0.0022934176821545354,0.002355886331711401,-0.0025608511322154277,0.006269619917320795,0.012837116562031058,0.007722114617231525,-0.010101140163340662,-0.011173196743612899,-0.011696034009850014,-0.004743057921162951,0.007168388656989063
2023-07-14,0.007986399011250363,0.010889402488763468,0.005277101112729365,0.012058784072650808,0.017036277795543255,0.002350286489373595,-0.007722137844162807,0.024692721741761237,0.017699563594236994,0.009841292639221504,0.010101140163340558,0.0,0.017493183596476423,0.012598554857038887,0.06899270661392161
2023-07-17,0.005665706353768745,0.0018035150124454287,0.0,-0.006872795292149041,-0.010186875315076189,-0.002350286489373579,-0.005181353722793244,0.0015230871023596809,0.0,-0.006550284582709567,0.0394140180379421,0.0,0.06706419679008324,-0.02375407685036474,0.03601056616994403
2023-07-18,-0.00339560920511893,-0.009049960666410381,-0.004219495868613345,0.006872795292149052,0.0011370797604677047,-0.0035356934067257333,0.007762097519872484,-0.0030486625464624727,-0.007547160320536325,-0.0032910080565118865,-0.039414018037942054,0.0,-0.0054200321689162265,0.011155521993325646,-0.003220610975772898
2023-07-20,-0.002270097148649795,0.0,0.0,-0.0017138182451220541,-0.0011370797604675876,-0.001181137535216528,0.027956015634677027,-0.015384892617223176,0.00252193908511703,-0.003302347561892504,0.0050125328738186625,-0.01129952231910087,-0.021978961865880924,0.029666472526929354,-0.003230933833352506
2023-07-21,-0.0022753923764393257,0.012647052510742473,0.001056600661710664,0.00683763536706602,0.0011370797604677047,0.004716830941942234,0.019851875581647655,-0.0015516971118344,0.0025158016836019674,0.00440043637122427,0.004987532650365318,0.0,-0.039665202755285976,0.0,0.009661734537324785
2023-07-24,0.015819504799962816,-0.0035970918443321326,0.0,-0.0034130160501378657,0.004535075415609477,0.0,0.0,0.010810907081267885,0.0,0.03769977981548537,0.034233171054664356,0.0,0.011494304807810229,0.0,-0.006430800703972442
2023-07-25,0.006703975954749089,0.017857551373249785,0.01259199674834905,0.0,0.001130651959395999,-0.005899870841497844,0.009779955519218855,0.010695362413796905,0.017435048887781433,0.001056549754306014,0.023754102087878065,0.011299522319100893,-0.01149430480781028,0.039220638130235186,0.0
2023-07-26,0.0022247083137561297,0.0035335390832723404,0.019618581829912152,0.003413016050137859,0.005633689122959371,0.011764949875783958,0.007272658394348264,0.00757000547114005,0.0073800634690974545,0.013634072593749259,-0.043172213418207275,0.011173196743612869,0.0,0.03488737860860853,-0.019544741942528317
2023-07-27,-0.001111735491120524,0.0017622010125730864,0.002042940403564177,0.005097781700132057,0.02112381729509934,-0.0046893080668921954,0.007220334012348887,0.004514664933970416,0.007326197141855641,0.0,0.0,0.043485198836315686,0.011494304807810229,-0.027518150815546403,0.0
2023-07-28,0.0,-0.0035274098177146837,-0.0030658138886496757,-0.0016963747178486094,0.0010993989563836232,0.003519040964461952,-0.009638681394648298,0.0015004782923324616,0.007272516527829076,-0.0031299693578491403,0.03846615700081011,0.0,0.02259982194364525,0.005856663553453085,0.003284240058415838
2023-07-31,0.0033315688101733386,0.005286408440443373,0.0020448108479859885,0.01013509884215346,0.005479513915948437,0.0,0.009638681394648267,0.005979096972558968,0.007220469166270791,0.0031299693578491724,0.037041436011872125,0.010582146881410008,0.02755003786971119,0.014492927938801517,-0.009884662614599115
2023-08-01,-0.003331568810173375,-0.0017589986227287025,-0.004094249622012634,-0.0016820239786969453,0.0,0.0023393534545861753,-0.007220334012348932,0.016260437736955066,-0.012062909972716853,-0.005222071495845787,0.026907405488636574,-0.021277335676143132,0.021506130188786502,-0.014492927938801619,0.009884662614599084
2023-08-02,-0.004459279055329557,-0.005295740095845528,-0.005141332881227763,0.0033613904139585754,0.002183311036190108,-0.007034165386441876,0.0,-0.0029369025549888217,0.0024243176118071163,0.0020921021379966477,-0.03146326995211705,0.010695188794733069,-0.021506130188786596,-0.014706215942785884,-0.0032842400584158398
2023-08-03,-0.005602353107279294,-0.008888862625340586,0.0020597721517928752,0.0050208285070601055,0.010846075063905333,0.00586507903428594,-0.007272658394348241,-0.011834470892159542,-0.00973253387297055,-0.0010453917686364855,-0.023095616776045866,0.0,-0.021978961865880924,0.014706215942785903,0.01631380810917585
2023-08-04,0.0011229715179173188,0.0053427933546243206,0.0071758103514476925,0.0033333789747871318,0.0032311626692029896,-0.0046893080668921954,-0.007326127286682435,0.00741296065980689,0.0073082162611633915,0.004175361126485682,0.013921256524436947,0.02105348351726704,0.0,0.0,-0.009756162739524211
2023-08-07,0.0011217118673068573,0.0035460692707163003,0.004077446435386866,-0.013400539724391427,0.009630752064103222,0.002347402732195834,0.0024480738956600997,0.0014761162786542088,0.0024243176118071163,-0.0041753611264856525,-0.023311211296782833,-0.010471336635857122,-0.022472845231622903,0.0,-0.006557645369651642
2023-08-08,0.00559001784787525,0.0052957400958455305,0.0020325597365155753,0.0,-0.006410335445427926,0.00700926421298871,0.0024420325662924624,-0.004434741600258642,0.0024181231946387885,0.004175361126485682,0.009389954772345933,-0.032088219371346774,0.005665700891316444,-0.0029240813464277687,0.0
2023-08-09,0.0033386664206298588,0.005267740763853417,0.020101239191788692,0.0016849418285856091,0.006410335445427895,0.009270115463844422,0.016929013231426926,0.008849823714109695,0.007220469166270791,0.00415799995001296,-0.023641895424667315,0.010810883695203772,-0.005665700891316536,0.0029240813464277734,0.022765352918301122
2023-08-10,0.0,-0.010563480859699102,-0.012012063031726224,0.01005029733469294,-0.01070672237287573,-0.006944362675124812,-0.01937104579771958,0.008771797563212176,-0.004807716468978182,0.009292682263402406,-0.004796105018159181,0.0,-0.01719235752366302,0.0014587296725740708,-0.016207707548649544
2023-08-11,0.002219833319052955,0.0,-0.003025832042315678,-0.003338860786318834,0.0010759703087726176,-0.012858190701297893,-0.002448073895659995,0.004357368981918199,0.002406615611069754,0.007168554828608493,-0.024332117531408674,0.010695188794733069,-0.029327706878537314,-0.0014587296725740617,0.006514589588348493
2023-08-14,-0.002219833319052922,0.008810648697273984,0.005037728442504405,0.0016707823726447018,-0.009724635256585738,0.002350286489373595,-0.0024538282325363555,0.008849717747449765,-0.002406615611069651,0.0,-0.004938333759653209,0.0,-0.018018461286986028,-0.0029240813464277687,0.00647250698452816
2023-08-15,0.0033277466418572136,0.005249407849422799,0.00200807101823855,0.0016680784136741103,0.0010850824342385577,0.0011728872102161401,-0.014851741545542954,-0.004415186176601681,0.014354227408105729,0.009141982050286757,0.009852339960732481,0.010582146881410008,0.006042275410780233,-0.004402030061021864,0.016000322961556047
2023-08-16,0.0,0.0034842908037527724,-0.0010034778569695813,0.0,0.0010841349270836547,0.00234190533469632,0.002490562291123063,0.004415186176601627,-0.004761798057168252,0.010060367021424774,0.0,0.0,-0.018237542696402233,0.007326111407449802,-0.03226082484566854
2023-08-17,-0.006666413062486988,-0.01401080826717694,-0.0020101965449053063,-0.008368273355995872,-0.00979851884762737,-0.00822096536599736,-0.032872810137912434,0.005856470802691239,-0.0071858137398678554,-0.004011923447840997,-0.014815059724335035,0.0,-0.012345829869800236,-0.008797871099594923,-0.01652945331005862
2023-08-18,0.0033386664206298588,-0.003533539083272404,0.0010056033836362344,0.008368273355995907,0.008714383920543748,0.002355886331711401,0.02287267232595879,0.0029153081460928983,-0.007237491503001157,0.0,0.004962719763602447,-0.010582146881409946,0.0,0.0014717596921453204,0.0033279570958468317
2023-08-21,-0.001111735491120524,0.00705473871857422,-0.0030196336603857048,-0.006688906920734324,0.003248656967778937,0.01749316107941258,0.01990119868267974,-0.01762149669623377,0.0024181231946387885,0.0189152647884789,-0.0049627197636024694,0.010582146881410008,0.024541097155422312,0.014598794016679316,-0.003327957095846745
2023-08-22,0.002222299817189045,0.0017559099786996688,-0.0020180947821186886,0.006688906920734336,0.011821616737227973,-0.0011567301242023233,-0.002465994476819914,0.010316918394663813,-0.002418123194638745,-0.00792070711189387,-0.010000065524183982,0.020834093201025496,0.012048332847096856,0.01581622579847718,0.013245213251642778
2023-08-23,-0.0022222998171890986,-0.008810648697273849,0.0,-0.013422940793744759,-0.019417800735063613,-0.008134793657937567,-0.019950893877114375,0.0,-0.012180590475045999,-0.006982634228743945,-0.010101140163340662,0.0,-0.018127412672041553,-0.030415019815156503,0.003284240058415838
2023-08-24,0.002222299817189045,0.0017683302781308305,0.0,0.005054667437748754,-0.012055161374222176,-0.005851350807899178,0.01002526519208521,0.0,0.0,0.0010005245969588782,0.015113673037159228,0.0,0.006079079824944813,0.007326111407449802,0.009787994899584318
2023-08-25,0.0011092689929843545,-0.003539896496362699,-0.002022283811103939,0.003355750695075124,0.0033021785413789163,0.0011728872102161401,0.002490562291123063,-0.0044084650988330904,0.0,-0.00300458195644508,-0.020202733637649108,-0.020834093201025573,-0.01834909281488813,0.007272682609229521,-0.016367127513669942
2023-08-28,-0.002219833319052922,0.0017715662182319076,0.002022283811104056,0.0,0.007662824952138588,0.0011716382322659675,0.0,0.005873748427208654,0.0,-0.007045782064434275,0.025190266288014327,0.010471336635857191,0.024391368225668314,0.014388804652863822,-0.00995032069597288
2023-08-29,0.009950264221340842,0.008810648697273984,0.004032125058868019,0.005012522660920804,0.002178554572064754,0.007001333768652088,0.0,0.010196689672417217,0.014598713669684706,0.0020181049645515907,-0.02010120568752458,0.0,-0.0493926572862432,0.02678099708305385,0.009950320695972823
2023-08-30,0.00219775360852084,-0.015915614530295177,0.00401614630040778,-0.008368273355995872,-0.00874307210259167,-0.0046619803140659916,0.0024845027752120542,0.0,0.021506405418286204,-0.008097190015496636,-0.010204089280582624,0.010362756565168302,-0.03215721204345729,-0.00978347077881568,0.03883995745975426
2023-09-01,0.004381257060542449,0.007104965833021319,0.002002040763493313,-0.011834356137809872,-0.005503523338039289,0.008144195870310384,0.004950563618694106,0.004338337585598534,0.002361218827794343,0.008097190015496563,0.0,-0.010362756565168343,-0.03322559243968282,0.0,0.0
2023-09-04,0.0,0.0052957400958455305,-0.005012583680264593,0.006779688700060885,-0.0011046051618288305,-0.00464592334417387,-0.004950563618693996,0.0,0.009389705883644845,-0.002018104964551674,0.010204089280582597,-0.010471336635857122,-0.006779642799815536,0.0,-0.02247282994608421
2023-09-05,-0.0021881352282917678,-0.0035274098177146837,0.0,0.0,0.007705230965578324,-0.0011648145977959231,-0.002484502775212182,0.0,-0.007033920184231841,0.0010096156890208401,0.00506335517351042,-0.021277335676143132,0.026847156383275197,0.0028050072320506213,-0.016367127513669942
2023-09-06,0.005461480164795009,0.0017652088051415317,-0.004028064205097136,-0.003384056686556005,0.0010956690261228687,-0.0035025442804964614,0.00502508073643557,0.0,0.0,0.005032737271929947,0.03960900860664586,0.010695188794733069,0.03896602834353275,0.008368260916968686,0.003294892555669863
2023-09-07,-0.0010898002566727084,0.0017622010125730864,-0.001009664237407276,0.0016934177417551523,-0.014340895776143447,0.00350254428049657,0.01492573862801083,0.0,0.0,-0.009077221751474828,0.03341611504991085,0.0,0.0677181057185971,0.0069979448078543,-0.01324521325164271
2023-09-08,-0.0032769825439551313,-0.0035274098177146837,0.0,-0.0016934177417552067,-0.005571094168832173,-0.0023334579283406653,0.0,0.0014420416688860132,0.0,-0.001013709407291033,-0.03341611504991075,-0.010695188794733124,-0.0302137285726081,0.0,-0.044300212428297805
2023-09-11,0.0021858061873425445,0.0,0.001009664237407112,0.003384056686556054,0.0055710941688322385,0.011723170936498158,-0.004950513273506,0.00143988911334723,-0.002355785699413013,0.0030380506003108453,-0.009756098368296624,-0.021739991970268387,0.0,0.008333441638188489,0.01727174381039005
2023-09-12,-0.0021858061873424755,0.003527409817714662,0.0,0.006734033873010492,0.003327819303200012,0.0,0.002478257044899546,-0.00722026836783171,0.0,-0.005068557453440629,-0.009852339960732563,0.021739991970268522,0.0,-0.03232887225108359,-0.013793394105694794
2023-09-13,-0.0021906570574916967,-0.005295740095845528,0.0,-0.0033613904139585525,-0.0033278193031998997,-0.0011660099284895398,0.012300361154115466,0.004338337585598534,-0.0024125834436167447,0.011117001027024436,0.004938333759653123,0.0,-0.012345829869800236,0.030944744309964113,-0.006968661220476416
2023-09-14,0.0011318827291628979,0.00705473871857422,0.00402806420509717,0.0016820239786969006,-0.0011118559948419327,-0.0023365397019517514,-0.0024481104434212653,-0.007241028644985,0.007220294165873634,0.0020078660883549268,0.024332117531408775,0.0,0.012345829869800089,-0.006949313697068946,0.0
2023-09-15,0.007887384219009757,-0.012378673053185954,0.00800788334220257,0.003355750695075124,-0.01231116433729878,-0.008220933262969146,-0.08167797656414479,0.0057971336740088395,0.0047847712721346,0.008986691588230063,-0.024332117531408674,0.010695188794733069,-0.006153825529265962,0.03562025495452372,0.0070175494561467155
2023-09-18,0.002242256241549591,0.0070922646127425425,0.0,0.0,0.00673397317215958,0.009390040061715474,0.05937224345404618,0.0,0.002383635880045472,0.007920707111893906,0.004914006201079456,-0.010695188794733124,-0.006192004340534209,-0.021769656409750173,-0.01054510322839793
2023-09-19,-0.0022422562415496507,0.003527409817714662,-0.008007883342202588,0.0,0.005577191165139176,0.004661945547925374,-0.0025094159353551988,-0.004344850034453647,0.0,0.0,0.009756098368296672,0.0,-0.006230509167756976,0.00411818957035263,0.0
2023-09-20,-0.005627455000764798,0.0,-0.0030196336603857048,-0.0016763842598136066,-0.017957816256715723,-0.002328502716230415,0.005012614128553148,-0.004363578975116133,-0.0023836358800455055,-0.0019741704199817,0.0287100586325134,0.0,0.03681388173395948,0.0,0.020979902257832757
2023-09-21,0.004504345423895179,0.0,-0.0020180947821186886,0.001676384259813645,-0.0022675948764081244,-0.0011660099284895398,-0.002503198193197872,0.0014565916957242672,0.0047617311036002655,-0.005946536691912127,-0.02386726421138691,0.002176299621700776,-0.030583372566202503,0.001368969685296549,0.0034543555055271706
2023-09-22,-0.002249511971814622,-0.0017622010125731607,0.0,-0.0016763842598136066,0.009039630525595983,0.001166009928489524,0.002503198193197838,-0.001456591695724325,-0.002378095223554779,0.009891198988048239,0.0,0.0,0.006192004340534157,0.0054569416390603314,0.0
2023-09-25,-0.0011268435628319854,-0.0017652088051415974,-0.0010107926657251442,0.001676384259813645,0.004489385233416402,-0.0011660099284895398,-0.005012614128553104,0.0014565916957242672,-0.004773223999670827,-0.0019704918761543374,-0.004842794421126453,0.01081087890557419,-0.01869216100251822,-0.0040900490112681445,-0.01039889418093112
2023-09-26,0.0,0.0,-0.003037872876852855,-0.0016763842598136066,-0.003365148019830765,0.0,0.0,-0.001456591695724325,0.00238958811962522,-0.0019741704199817,-0.009756098368296624,0.0,0.0062696474942270245,0.0013651636230505861,-0.003490260354030823
2023-09-27,0.0011268435628321012,-0.0018164342537478762,0.0030378728768527944,0.005889771231813285,-0.004504433177778046,0.0,0.002509415935355301,-0.007315187253059778,-0.012005065438008234,0.008015977680393518,-0.01980259237470036,0.0,-0.012578775552283683,-0.015120500354196575,-0.0035026636705987133
2023-09-29,-0.0101868427554305,-0.012809108099516731,-0.014256807245936785,-0.018628855856099892,-0.0011292559451812404,-0.017657930311036775,-0.0025094159353551988,-0.010332380326279512,-0.019512786428162718,-0.0029985194137003277,-0.005012532873818609,0.0,-0.019170022090287894,-0.004163706685351606,0.017391818205560572
2023-10-02,-0.004561094478373808,-0.005540200706860088,-0.0020533183456881822,-0.012038103300388408,-0.0011306519593960276,-0.004761908211482047,-0.007566189031936764,0.005917194149677874,0.0,-0.009049885369248573,0.02970516194101879,0.0,0.025479150148344728,-0.016830742239668604,-0.013889154534961892
2023-10-03,0.0022832107668638727,0.0036969802140948828,0.0,0.005177014957201848,0.0,0.007134291779836519,0.0,0.002945518715014922,0.0,0.007045795241318022,0.042966075080656016,-0.010810878905574233,-0.012658390614204734,-0.009950295384943802,-0.021202228004302114
2023-10-04,-0.004571519774908828,0.0036832585104952793,-0.006185484017935908,-0.0017225249166416298,-0.022884376165348205,-0.0023723835683544504,-0.0076239379394124635,-0.0014715969900321528,-0.0024659977848827635,-0.0010034474523688834,-0.009389954772345782,-0.021979112749667573,-0.012820759534139943,0.014184523991396778,-0.007168282701887841
2023-10-05,0.003430597599804994,0.003669741887233013,0.0041279408796874644,0.0034422577649460087,0.0011567484335873028,0.002372383568354455,0.002547776376811852,0.005873748427208654,-0.002472359811500041,0.0,-0.004728075295587156,0.011050010283874485,0.012820759534139936,0.0,0.0
2023-10-06,0.0011409221751037426,0.007299328194553537,-0.005162676999689982,0.0034306186031534355,0.004613659319379166,0.002367081377002441,0.0,0.00292398682710145,-0.0024782210225986413,0.006006056993999864,-0.019139188915799802,0.0,-0.038966028343532626,0.0,0.017825407477792023
2023-10-09,0.0034149141681747487,0.0,-0.004149462607377725,-0.0034306186031534537,-0.004613659319379227,0.007067127145363873,0.0,0.0,0.0,-0.005002609541630907,0.014388652685178896,0.0,0.006600720679074209,0.009810906621498394,0.014035363582428689
2023-10-10,0.010175325283706509,0.00904976483998492,0.00828166820977646,0.010256496699385713,0.006912652393062062,0.0035147985183640678,0.005076161562600705,0.0014587164503684577,0.02451107699129262,0.0,-0.024097508782102036,0.0,-0.02666823426253376,0.017968788115126408,0.010398894180931198
2023-10-11,0.0011239989868735377,0.0035972409697864974,0.0,0.011834412137182131,0.0022934176821545354,-0.004689273029174047,-0.005076161562600649,0.0,0.004830936199163097,0.0020040901279306973,-0.014742376653232511,0.0,-0.006779642799815536,-0.009635346476937897,0.010291869168013024
2023-10-12,0.010061632868934424,0.0035841440596057353,0.001030471397291281,0.0016793025144141431,-0.011520845430208876,0.007025812731125843,-0.0025477763768118984,0.0014565916957242672,0.007202829175071621,0.0010005409320269242,0.01474237665323252,0.010929102465793167,0.006779642799815525,0.005517156906585203,-0.006849492686136378
2023-10-13,-0.001112986590837581,0.0,0.0,0.0,-0.0023200847032580807,0.0034945126447200065,-0.002554218992820589,-0.005839294973194284,-0.002395183152509394,0.001997978481673358,0.009708856096923159,0.0,0.0,0.010944100894709463,0.013652043481275786
2023-10-16,0.0,0.0,0.0010293007545016724,-0.0016793025144141243,-0.005824241093086593,0.0,-0.0025608250368192717,-0.007347670152191467,0.0,-0.007010512364635984,0.01913918891579985,0.0,-0.006779642799815536,0.017532436252154778,-0.010221476314754303
2023-10-17,0.00222485875952783,0.0,0.0030815607294349353,0.003355706872543123,0.0023338055178891664,0.0,0.007662820406451768,0.002945518715014922,0.0023951831525094273,0.0030103443778652047,0.014118030067933034,0.0,0.02020265663667821,0.0026702478657674856,0.01022147631475426
2023-10-18,-0.0055710848847494296,0.0,-0.0020533183456881822,-0.00503775094345401,0.005810520278455404,-0.003494512644719949,0.007604612149015871,-0.014815049814355712,-0.002395183152509394,0.004000167986770783,-0.009389954772345782,-0.021979112749667573,-0.013423013836862719,0.01980260500637005,-0.027493314144083725
2023-10-19,0.0011167150515812361,0.0,0.0,0.0016820440709108438,0.0,0.0,-0.002528450586415195,0.0,-0.012062928086707083,-0.004000167986770843,-0.004728075295587156,0.0,-0.006779642799815536,-0.022472852872137437,0.0034784745108652746
2023-10-20,0.003342497664477963,0.0017872155355719928,0.0010272958261903643,0.0,0.0,0.0034945126447200065,-0.0025347952213900667,0.007434999528492704,0.004842633920833392,-0.01616177361325244,0.0,0.0,-0.013698837029453107,-0.038151768944297344,0.0
2023-10-23,0.0,-0.005371359595177849,-0.002055538209937239,0.0,0.011520845430208983,-0.003494512644719949,-0.005089142718022461,0.0,0.004819295790176616,0.0030501354732953953,-0.009523865356734423,0.0,-0.020906800371539132,-0.018220501975291868,-0.013986284321042639
2023-10-24,-0.003342497664478039,0.0,-0.001029300754501585,-0.0067453025035299425,-0.00344237482204912,-0.001167432903205473,-0.012837168583926105,-0.008928656031212658,-0.004819295790176542,0.0,0.0,-0.011173192520871752,0.0,0.011251817071918689,0.02777964763950682
2023-10-25,0.0044543698331682155,0.0017936269150722714,0.0030848389644387826,0.008424605017944113,-0.0034541440174556855,0.004661945547925374,0.00772212455428625,0.008928656031212677,0.004819295790176616,0.0030411803035654728,-0.004796105018159181,0.0,0.013986319544522223,0.013889143120229396,0.006825941931014708
2023-10-26,0.0,0.0035777326801055987,0.0,0.0,0.004603101157350228,0.0,-0.0025674651690024528,-0.010424546881444462,0.00240099837569712,0.001011674950631102,0.0,0.0,0.006920480827016708,-0.004146511267128007,-0.024097779760343947
2023-10-27,0.0,-0.003577732680105709,0.002051212224210782,0.001676404358128947,0.0011473965604893552,-0.002328502716230415,0.0076825091986424615,-0.004501066236671729,0.0,-0.0020242676914606086,-0.0048192185409062305,-0.022728246967113137,-0.006920480827016789,0.011019474418057368,-0.017574953501657217
2023-10-30,-0.0011118721686902532,-0.0017936269150721877,0.0010242490693137647,-0.0016764043581290234,0.0011460211216651887,-0.008191822659615265,-0.005115044029639889,-0.007547226714109728,-0.004807646022562249,-0.001013725965104461,-0.01459889278942303,-0.011560783265835952,-0.0069687078297608306,-0.0027435055747401962,0.003539589919228455
2023-10-31,0.0033316692509349653,0.0017936269150722714,0.012448126080041842,0.006688985938384513,0.005711028297616807,0.010520325375845642,0.007662820406451768,0.028381293128056626,0.002406647646865261,0.004048539746147146,0.014598892789423073,0.0,0.013889188656777641,0.008207902329748405,0.007042439557799223
2023-11-01,0.0,0.0,-0.010362738682917797,-0.001668097825330569,-0.0011606651878896686,-0.007001341696962259,-0.00510199536963249,-0.017831132069715858,-0.0024066476468651474,-0.00506340134377881,-0.01951289899050246,0.0,-0.027973921982998553,-0.027626128668843637,-0.010582029477027688
2023-11-02,0.0,0.0017905171445335214,-0.0010422046877191385,-0.0016708023376778133,0.0161294088790121,0.0011702893502906868,0.005101995369632538,0.005979108065343538,0.004807646022562176,0.005063401343778832,0.0,0.011560783265836013,0.0140847333262211,-0.0014013763220426267,0.024519492177061092
2023-11-03,0.0022147580989978592,0.0017872155355719928,0.0020832153545459753,0.0016708023376778717,0.0158733752566265,0.005831052346671535,0.007604612149015871,0.0059435707085415245,0.0023951831525094273,0.007045795241318022,0.019512898990502403,0.0,0.027588025686230835,0.008379927132469125,0.013746224673540147
2023-11-06,0.007713494815155643,0.007117493654784135,0.003116980020405621,0.003333335458278173,-0.004509664762381692,-0.004661945547925323,0.012547236900683668,0.002958590369111745,0.016607799728152527,0.003004631059957685,0.03325721898373268,0.01142872991227317,0.03344787706234938,0.020647577858417226,0.016920690231137965
2023-11-07,0.004381187461718402,0.0017714860625922418,0.001036801888291599,0.006633603322998567,-0.005665595883417614,0.0,-0.010025163256242454,-0.005925959975786119,-0.002355749751229133,-0.005012533882962681,0.08506223605694399,0.0,0.02597547424104963,-0.008207902329748296,-0.0033612936057842305
2023-11-08,-0.003284074604522763,-0.0035461158579568218,-0.009370253892631358,-0.008298840955946267,-0.026484246684998925,-0.007034173106648216,0.0,0.002967369606674473,-0.007100730753697841,-0.003019752504483416,0.025425262908969758,0.0,0.012739095979556556,0.004112475260036694,-0.0067568458302143105
2023-11-09,0.0,0.0,-0.0031431047913948514,-0.01005033252370957,0.0011662606250408816,-0.0035356976024918476,-0.002522073644441189,-0.007434999528492685,0.0,-0.00201813991382953,-0.01263177608619659,-0.011428729912273113,-0.006349262556147905,-0.015162391053082279,0.0033840437358755226
2023-11-10,-0.0043955700524185475,0.0017746297953646413,0.0010489825930503388,-0.00845317486013941,-0.0011662606250409198,-0.0011811617533342418,-0.005063245807805221,0.0014914288199511193,-0.011947500751431956,0.002018139913829445,-0.008510779524166569,0.01142872991227317,-0.03236530766445842,-0.001389759735623315,-0.01360552005062987
2023-11-14,0.003298457195222809,-0.005333264149404657,0.005227378827732855,0.0033899164275204632,0.0023310420818116115,0.003539557323869486,-0.0025413663412106294,0.0059435707085415245,0.004796181528206446,0.005027655327488374,-0.02597533445769105,0.011299517054840008,-0.01993416502759144,0.011064991533056364,0.013605520050629885
2023-11-15,0.003287794719510591,0.005333264149404548,0.0031232522928250884,0.011774690793320337,-0.005837582684346773,0.012873420686530202,0.022642451119587022,0.0,0.011890864514100504,0.003004631059957685,0.030239882897309403,0.0,0.006688944601920492,0.010944100894709463,0.013422976739007877
2023-11-16,0.0,-0.0017746297953645787,0.00414936461676276,0.0,0.0011702943709239585,-0.003494512644719949,0.0,0.0014803111379496905,0.002361185462822953,-0.0010005409320269954,0.008474507901778363,0.0,0.051959790646277315,-0.0027248853882176033,-0.003338762712871234
2023-11-17,-0.002190681862315004,0.0,-0.011452331646974278,-0.005029388289790427,-0.023669827151800674,0.0,-0.004987486396496368,0.002954220432898396,-0.0023611854628228755,-0.003007537580299507,-0.008474507901778323,0.0,-0.006349262556147905,-0.015120500354196575,-0.0067114119317979405
2023-11-20,-0.001097112857195616,0.0,0.005221919425105542,0.0,0.0035863728925486908,0.0023308466384209035,-0.012578803160489897,-0.005917194149677928,-0.004739545290875029,0.0010034474523689418,0.02105331990850506,-0.01129951705484005,0.018928038108431744,-0.002773946949728422,0.0
2023-11-21,0.0,0.0,0.0,-0.0067453025035299425,0.004761930642931915,0.0,0.017566289556986338,0.0014826625788298422,0.014151333538557465,0.005002609541630937,0.016529374103842153,0.0,0.012422513508291315,0.024692653364413154,0.02657954896273593
2023-11-22,-0.0010983178359357155,-0.005342863859419503,0.0,-0.006791195012392928,-0.010746425833615727,-0.015249312004100611,-0.010000100525049524,0.0,0.0,-0.004000167986770843,0.020284684110054903,-0.011428729912273113,0.03636755410187412,-0.01777219514755683,-0.016529374318066545
2023-11-23,-0.0010994037417489152,0.0,-0.0031299877225539627,-0.005123792717491517,-0.003607876353272926,-0.0023670813770025148,0.0,-0.005943570708541636,0.0,0.004000167986770783,0.05089137609387176,0.0,0.05218576529351686,-0.012491473691843795,-0.03390144043803614
2023-11-24,0.0,0.0,0.0031299877225539163,-0.006872876368099539,-0.007255227981146919,-0.00475059768392928,0.005012614128553148,0.002976201101867189,-0.00469485303363044,-0.0019979784816733437,-0.038915255516042385,0.01142872991227317,0.01680714434030644,0.019364436842773194,-0.006920419670065933
2023-11-27,-0.003305909454181124,-0.005371359595177849,-0.006269583515451895,0.0,0.003634162454075189,0.0,-0.012578803160489897,0.002967369606674473,-0.002355749751229133,-0.01612939905916022,-0.007968155611774295,-0.011428729912273113,-0.022472845231622903,-0.029189042397086862,0.006920419670065989
2023-11-28,-0.0011042603241582629,-0.010830468513470614,-0.004201777203952624,0.0068728763680994676,0.0,0.002378214115574829,0.010075604967291929,0.002958590369111745,-0.004728213826173934,0.005068426668302457,0.011928501344064642,-0.011560783265835952,0.022472845231622827,-0.0014114075611546004,-0.0034543555055271155
2023-11-29,-0.0011056034591317198,-0.003636587242279886,0.005249441294299107,-0.001713838159298109,-0.008500432744145754,0.0,0.0,0.004421459916751301,0.0047282138261739715,-0.001011674950631191,-0.032131222698986724,0.0,-0.045462352341912315,0.0,-0.003466064164538886
2023-11-30,-0.0066594139407702615,-0.007312569994416217,-0.005249441294299113,0.0,-0.018461922000190277,0.001186832548043984,0.00749068458969421,-0.005899739147913245,0.007050602784859601,0.011072106409461881,-0.020619301825030176,0.011560783265836013,-0.05989811139378504,0.019580975540184058,0.013793363318464277
2023-12-01,0.00222485875952783,0.0036629172942658187,0.007341372996850521,0.001713838159298219,0.0233281922902608,0.0,-0.010000100525049524,-0.0014803111379497022,0.01164168971587427,0.002998519413700387,0.024692570150051937,-0.011560783265835952,0.024391368225668314,-0.002773946949728422,-0.010327299153925306
2023-12-04,0.0,-0.0036629172942659475,0.004170998389380985,0.0,0.007255227981146906,0.0011985271620441604,0.002509415935355301,0.0,-0.009302534395842582,-0.004000167986770843,-0.004073268325021712,0.0,-0.012121355235724976,-0.021053314347582022,-0.013937462700033449
2023-12-05,0.0011106372818799424,0.005489615852344768,0.0,0.0,0.0,0.0,0.002503198193197838,0.008849717747449765,-0.00703400835366218,-0.0010024415548601422,0.0,0.011560783265836013,0.02409754111193092,0.0028328123722902877,0.013937462700033418
2023-12-06,-0.0011106372818799586,-0.0018266985580787816,-0.011512371386231514,-0.006872876368099539,0.002406592878120698,-0.0011986526849411612,-0.00752827892963348,-0.008849717747449725,0.0,0.0020040901279306973,-0.03319811383175705,0.0,-0.018018461286986028,-0.005673815053474293,-0.0069445386754040115
2023-12-07,0.0011106372818799424,0.0036496527001501776,0.006295899402297283,0.0034422577649460087,-0.006027658405192362,0.0011986526849411371,-0.010126685793457055,0.007380050285863094,0.0023500871763401745,-0.009049885369248573,-0.017021763640003296,-0.02325678297295972,-0.012195267285622086,-0.011445057434460015,-0.003490260354030823
2023-12-08,0.0033239178993626356,0.0018200499459789664,0.0020899646177454387,0.0068493395258156075,-0.008500432744145754,0.0,0.007604612149015871,-0.004421459916751281,-0.004705836927569215,0.0010096322188041774,0.0,0.011695999707123664,-0.012345829869800236,0.01570339836776868,-0.01054510322839793
2023-12-11,0.0011056034591317195,0.0018165372963007973,0.0041665443044679625,0.0017050717948295193,-0.0036651162137875015,0.0,0.002522073644441146,0.0,0.002355749751229115,0.0,0.017021763640003313,-0.011695999707123714,0.012345829869800089,0.01546060934811693,0.0
2023-12-12,0.0022075465846677356,-0.0018165372963008337,0.0010390651199073395,0.005097673239618258,0.002444902764906462,0.002392128146453704,-0.002522073644441189,0.004421459916751301,0.0,0.0020162115022436884,-0.03433807783405493,0.011695999707123664,-0.02484598653178412,-0.011220254281960525,0.044912721462388
2023-12-13,0.0,-0.0018200499459790193,-0.0020791020581864667,0.001693521772774821,-0.006123628740825877,0.004767655514869542,0.002522073644441146,-0.011834491891080719,0.0023500871763401745,-0.005048064761261309,0.09966741436479874,-0.023530567902242425,0.09588172679073986,0.008426936125927853,0.0033728020943387615
2023-12-14,-0.0022075465846677434,0.0018200499459789664,0.008290165138315488,0.008424605017944113,0.006123628740825886,0.022340730215428227,0.0025156648010803326,0.00741303197432946,0.009345818151322526,0.00906801628153118,0.08701136889824106,0.014388784002027746,0.03922079502233396,0.0,-0.002717399159787964
2023-12-15,-0.005540158640374166,0.005439639666529973,0.006172938573821965,0.006688985938384513,0.006086483738951515,0.030912541530045454,0.01990118835949873,-0.0074130319743294796,0.002322979499040475,-0.002007902823004997,-0.025689487769684063,0.0,-0.011049897074858213,0.0,0.00339570383904819
2023-12-18,0.0,0.003610125173454946,0.0040941526642332355,0.0016652376329475821,-0.0012144122504282415,-0.013621046854544483,-0.012391689904336528,0.027881563279519687,0.009237773281971003,0.00401199295093561,0.022059681204094166,0.0,0.06453849193137244,0.005578925167749797,0.010117961083551164
2023-12-19,-0.002224858759527825,-0.003610125173455017,-0.005120315278222597,-0.003333335458278172,-0.0012156368075239019,0.0068337148626674915,-0.010025163256242454,-0.0014482302788452292,-0.0023012852174799205,0.0010005409320269242,-0.025783936497959088,0.0,-0.021053399876705063,-0.014005861293677785,0.0
2023-12-20,-0.0011140416836459713,-0.005439639666529955,-0.0010272167054617024,0.003333335458278173,0.0036429882999250295,-0.00797712159733657,-0.007585319452246427,0.0014482302788451596,-0.004618830141689385,0.0,-0.018832960182950245,0.0,-0.03794494745491672,0.012614027738308565,0.0033501158234589177
2023-12-21,-0.00895860358132435,-0.00913261994039527,-0.024975276885438474,-0.0016652376329475565,-0.006079209532043545,-0.0011449554409911152,-0.0025413663412106294,-0.00289863769867642,-0.011641689715874284,0.0,0.007575780062096045,0.011834581555132048,0.03261163600119218,0.004169563392780419,0.0033387614846559555
2023-12-22,0.0,-0.005519708651886771,0.0,0.003327788997493878,-0.0073438421897069,0.0,0.005076161562600705,0.00289863769867637,-0.00469485303363044,-0.0010005409320269954,0.0,0.0,-0.010752786566145783,0.0013859768479404311,0.0033279871730438793
2023-12-26,0.0,-0.003696980214094781,-0.02561505405967412,-0.0033277889974939164,0.0134230517217504,0.0,-0.0025347952213900667,0.0028901073067533253,-0.002355749751229133,0.0010005409320269242,0.037041116618813416,0.0,-0.0054200321689162265,-0.004163706685351606,-0.003327987173043891
2023-12-27,0.0011239989868735377,-0.001853470140054219,0.0,0.0016652376329475821,0.0,0.001144955440991119,0.0,-0.0014438949709761806,0.002355749751229115,0.0,0.007246573956651502,0.0,0.0,0.00138975973562323,0.0
2023-12-28,0.0011231095768697112,0.012903450751877446,0.01714943443347732,0.0033223432392120306,-0.002427351492401136,0.0,0.0,0.0,0.007034008353662226,0.0,-0.010889424721399449,0.0,-0.010929064791022656,0.0013879701017877881,0.0033279871730438793
2023-12-29,-0.0022471085637431544,-0.0018332917458416748,0.004241768125804908,0.0,-0.0012156368075239019,-0.0045872270625138415,-0.0025413663412106294,-0.0014462123357772043,0.0023336964391074584,0.003991868078516929,-0.01470612082526897,0.0,-0.011049897074858213,-0.006958985576775283,0.0
2024-01-02,0.0033689581804321527,0.0,-0.01277989125192877,-0.006655678697490241,-0.004878075553495803,-0.002301528734018792,0.005076161562600705,0.0014462123357772022,-0.002333696439107544,-0.0059940575836145114,-0.0037107096140772304,-0.01183458155513214,0.011049897074858163,-0.0013976694283857438,0.0
2024-01-03,-0.003368958180432202,-0.007366437828456548,-0.008611311307353356,0.0,0.008521063853420802,0.009174382884593872,0.012578803160489918,0.011494259812748351,-0.0023391553200316152,0.007984188928085393,0.06824920231941063,0.0,0.06899286708538972,0.020762106271158907,-0.013378156202715591
2024-01-04,0.015625170768770083,0.009199729574298167,0.02033244614096269,0.003333335458278173,0.0036297025418270132,0.00455593875652863,0.0,0.014184675412220009,0.004672851759139238,0.03515996109499944,-0.013986216746134587,0.0,-0.005141427770243849,0.0,0.003361291721556904
2024-01-05,0.0033167522202602927,0.007299328194553537,0.004228316452234881,0.0,-0.0060570540342280155,-0.003415021582096038,-0.005012614128553104,0.025036148119469227,0.009280764698944458,0.007648028076346259,0.03800100880985598,0.03509132238700782,0.010256495110902906,-0.013793421367785826,0.04269938094107352
2024-01-08,0.0,0.0018165372963007973,0.007356913867296359,0.006633603322998567,-0.002433005527030087,0.0034150215820960036,0.002509415935355301,-0.004129550596189563,0.0069047443287854745,0.0038023405879130377,0.02345166213799987,0.02272827619823407,0.0,0.002773946949728373,0.012779756837112874
2024-01-09,0.004405313195929931,0.007233227543684106,0.004179714737386449,0.003300250354867411,0.0012173687195063448,-0.0011372039960478746,0.0,0.004129550596189576,0.00685690627814246,0.0018959119666208447,-0.00331670614452707,0.022223160801181956,-0.015424493832123038,-0.016760220318567224,0.006329030244957161
2024-01-10,-0.011049732160462395,-0.005420086928560688,-0.01470618863859803,-0.0016487637215009431,0.0012156368075239448,-0.0034187347604806902,-0.007547154380876806,-0.002751113791128958,-0.01839123527193885,-0.007604808040558869,-0.03378693727926369,0.0,-0.02624824561411641,-0.014184523991396782,0.012539458559455333
2024-01-11,0.0,-0.005449727857403309,0.0,0.0,0.00242735149240106,-0.0011422203533923022,0.002522073644441146,0.006863464349602762,-0.0023229794990405938,-0.003824050607400585,0.0034304868169938874,0.0,0.0,-0.01729147628279033,-0.006249916167374019
2024-01-12,0.0066444189645324956,0.003636587242279984,-0.004241768125804844,-0.004962746717153065,-0.0012129392419729787,0.0011422203533923605,0.0025156648010803326,-0.0013689294709784577,0.0,-0.009624801007576443,-0.02426462170444427,0.010929116249378215,-0.01069521970227257,0.0057970140295238075,-0.01261857263703837
2024-01-15,0.002205173836642801,0.010830468513470555,0.007411328159720409,0.004962746717153048,0.007255227981146906,0.0034187347604807063,0.0,0.0,0.013857308492837079,0.015355407101002175,-0.028471623049145144,0.0,-0.010810910486513949,0.004325885150276164,0.02507966427227748
2024-01-16,-0.002205173836642847,-0.0035972409697865304,-0.007411328159720318,-0.008285089956365165,-0.006042288739173991,-0.0011382006203248906,-0.005037738445521573,0.006825984283450683,0.0,-0.0038167528704581006,0.010772033636233146,-0.010929116249378175,0.010810910486513952,-0.010122899179799867,-0.006211175467865027
2024-01-17,-0.0011042603241582629,0.0,-0.006396468314533234,-0.0016652376329475565,-0.004860357019431251,-0.006857384535973883,0.0,0.0,-0.0022965557118255035,-0.001913853222967486,-0.007168476855049074,0.0,-0.02724972775264414,-0.017595814513129308,-0.009389663085181764
2024-01-18,-0.0033203615581294935,-0.0018034334621411894,0.007458487185359311,-0.006688985938384634,-0.0036607068339895785,0.0022912233077566186,0.002522073644441146,-0.0013614744199905498,-0.009237773281970896,-0.007692354583851881,-0.010850130737835648,-0.022223160801181873,-0.005540144599750792,0.0,-0.003149795474273578
2024-01-19,0.0011078696620274542,-0.0018066917113138852,-0.0021252782202100385,0.006688985938384513,0.0024418543213772267,0.0,-0.002522073644441189,-0.002728594548428317,0.009237773281971003,0.007692354583851874,0.014440748510046716,0.0,0.0,0.0029542331256817117,0.01875063402732044
2024-01-22,-0.00221702946239219,0.007207366143241618,0.011634243271810429,-0.0050125815802555635,-0.0024418543213773586,0.0,0.0,-0.005479336402527052,-0.0023012852174799205,0.003824050607400493,-0.007194174553395116,0.0,0.016529327121891684,-0.010378263192376903,0.0030912974033071787
2024-01-23,0.00883969113683348,0.005371359595177896,0.005243716212588326,0.005012581580255708,0.0012216408724963419,0.0011434067346690368,0.005037738445521616,0.004112350558473806,0.0023012852174799153,0.0019065554860250387,-0.014545774348056623,0.0,-0.022100403125721948,0.011852002585407879,0.0
2024-01-24,0.0010994037417489198,0.0017842295053793844,0.0031332566293882816,0.011599091310813598,-0.007352905465599257,0.007968219974458577,0.00750949845516219,-0.0013689294709784577,0.0045872963554839195,0.0019031277239421273,0.003656349626657238,-0.011299532020990306,0.0055710760038304346,-0.005908405500128379,-0.009302472871172335
2024-01-26,0.004386112555446463,0.0,0.0,0.001646049773736429,0.001229276724773447,0.004524838601526969,-0.010025163256242454,0.002735915315031823,0.0,0.0018992128639708943,0.02522656198850537,0.0,0.02739899403479715,-0.007434920267867142,0.0
2024-01-29,0.009798480479748163,0.007104750211996819,-0.0020877830348348405,0.011447423264445906,0.009780063421825455,0.0011279882785588643,0.0075282789296334945,0.020284729179988296,0.009111758791457921,-0.003802340587912967,-0.025226561988505394,0.02247274018582248,-0.010869666912905538,0.004467612032182334,0.015456236012618663
2024-01-30,0.001082976735225126,-0.0017714860625921867,0.0031299877225539163,-0.014742236759683263,-0.003656434680999437,0.0,-0.005012614128553104,0.0,-0.0022701832667782287,-0.0019065554860251228,0.003642850764747926,-0.011173208164832152,0.005449634743989389,0.014749488356248855,0.0
2024-01-31,0.0021622023165898314,-0.007117493654784004,0.0,0.0065789689578094855,0.0024390659614932212,0.0,0.002509415935355301,0.004007962233527291,-0.0022754098901956845,0.022642700294437244,-0.0036428507647480314,-0.011299532020990306,0.010810910486513952,-0.00882357667996757,-0.0248458990978005
2024-02-02,0.00860224068281416,0.0035651801792256446,0.0020810476051059687,0.0016379610092297193,-0.007334990793214195,0.0,-0.005025080736435543,-0.0013341562902096963,0.009070435528680712,0.012975001776494896,0.007272657330337765,0.0,-0.005390878317597765,0.0014760626665011663,-0.003149795474273578
2024-02-05,-0.0021437811571332925,0.001777683680193956,-0.00208104760510603,0.0048979273249656705,0.003674283959224616,0.0033764683491217,0.0,-0.0013360093171472258,-0.004524842371706786,-0.011111287203402837,-0.0036298065655898564,0.02247274018582248,0.010752786566145756,-0.014859146738205544,-0.0191087870820701
2024-02-06,-0.0010734381998638372,-0.0035586343540401056,0.0020810476051059687,0.004874214796034744,-0.0012232618924101137,0.003365223393568675,0.0025156648010803326,0.0,-0.004545593156973897,0.0037174319972680583,-0.033274686794665866,0.0,-0.027101883526084742,0.008941927127632527,0.028528170231404037
2024-02-07,-0.0021504585073931974,-0.0017842295053794655,-0.00208104760510603,-0.004874214796034749,-0.001224823566590394,-0.003365223393568669,0.0,0.0026701656073569225,0.0,0.003703761224352388,-0.02281473175618303,0.011049952636349739,-0.02785704141516461,-0.008941927127632523,-0.006269587675060344
2024-02-08,-0.0032345628184239543,-0.003577732680105709,-0.010471360719404627,-0.0016298708198791048,-0.001226198500223975,-0.001124066189339037,0.002509415935355301,0.00399210298983441,-0.004566165634484185,-0.0037037612243524046,0.007662766001949655,-0.022223160801181873,0.0,0.004480883545828647,0.006269587675060245
2024-02-09,0.0,0.0,-0.002107472572997105,-0.001632774025395576,-0.0012277039091049167,-0.001125566915589222,-0.0025094159353551988,0.0013270738192139714,-0.004587296355483812,0.0,-0.007662766001949705,0.011173208164832126,0.0,0.0,0.006230603232811763
2024-02-13,0.019251808973406434,0.008920596539525066,0.02087770551816027,0.014598835720995748,0.012210112479777388,0.0011255669155892064,0.014962898334759528,0.007926157526798724,0.011428871880163586,0.02744917334297813,0.0,0.011049952636349739,0.011236068336475996,0.01918880917095137,0.006191945048482026
2024-02-14,-0.004246250980272382,0.0017746297953646413,0.001032303579383981,-0.011336190875721045,0.0,0.0033688845247080313,-0.004962797809710046,-0.003955121034117891,0.0,-0.0018065683131920603,-0.007721937695362661,0.0,0.0055710760038304346,-0.01028660864507559,-0.02184193143062775
2024-02-15,0.0,-0.005333264149404657,0.0,0.006493607758788189,-0.007308124611447844,0.0044742248579842814,-0.010000100525049524,-0.0013220207162188133,-0.0022754098901956845,0.003610068632806239,0.007721937695362578,0.0,0.0,0.010286608645075579,0.01875063402732044
2024-02-16,0.0031863480782867953,0.0017809506738462296,0.0010315628777752331,0.0016168546512287385,-0.0012232618924101137,0.0,0.002509415935355301,0.005376329102736841,0.004545593156973882,0.0071813673881930195,-0.007721937695362661,0.05348864257514833,-0.005571076003830322,0.005831035408873163,0.0
2024-02-19,0.0031764614271691653,0.001777683680193956,0.0,0.0,0.002444902764906462,0.009994494318282891,-0.0025094159353551988,-0.013495446320431053,0.004524842371706899,0.0017873830947277296,0.007721937695362578,-0.01047127853950946,-0.0056022193437424254,-0.005831035408873258,-0.006211175467865027
2024-02-20,0.005271356115544827,0.005314469306243879,0.0010303920134097735,0.0,0.006086483738951515,0.0022074214761724996,0.012484641289860023,0.009465859381166408,0.011223453711231622,0.014184464097686632,0.0114725218699395,0.0,0.005602219343742318,0.03589768802259817,0.006211175467865162
2024-02-21,0.002100879443489611,0.0,0.0010293313984639006,0.0016140851439158492,0.003634162454075189,-0.0066369365584428896,-0.002484540764810441,-0.0053980256810432885,0.006674209148027719,0.0017590869516321086,-0.0038097558679899054,0.0,-0.011236068336476026,-0.0056576933182809945,0.006172912566661588
2024-02-22,-0.0010498880100418414,-0.0017683534482870547,0.0,-0.0032309397951445946,0.002415437523433769,-0.0022224864031488057,0.0024845407648103708,0.006743096048848919,-0.006674209148027685,-0.014159544774569346,0.030077680958882233,0.0,0.022347288940057084,0.007067040978743323,0.02431721141680617
2024-02-23,0.0010498880100417343,0.0017683534482870371,0.006153837155350947,-0.004866228291109778,0.0048135043569107324,0.004439812449178933,-0.009975225354504761,0.00803216444431827,0.0,0.005333375440975063,-0.03390163010944264,-0.0105821542989372,-0.028012989831373715,-0.021353101094387292,-0.009049761677598443
2024-02-26,-0.002100879443489667,-0.0017683534482870547,0.001021967793055169,0.00648308294233846,-0.00965016509244689,-0.006666782474853763,0.002503198193197838,0.0,-0.004474228792665448,0.007067082381962066,0.0,-0.021506093487323356,-0.058496250278406256,0.005738938169481947,-0.04335042438947197
2024-02-27,0.0,0.005295806640361334,0.0010209244410664968,0.0016140851439158492,0.006042288739174074,0.006666782474853782,0.0049874863964963255,-0.006688970507078778,0.002239496598749366,0.005267912576298189,-0.0038388168513892908,0.0,-0.006042275410780165,-0.007178797544717481,-0.006349282708147758
2024-02-28,0.0,-0.014184786357737613,0.0010199899568808233,0.0,0.0048076563759877665,-0.002217326046030241,-0.004987486396496368,-0.0026882643050450883,-0.008988721517315432,-0.04111389611149001,-0.015504159962756068,-0.010929116249378175,0.0,-0.0130531805842503,-0.01605176789199854
2024-02-29,0.002100879443489611,0.0,0.005083765022798789,-0.008097168086254478,0.019002892476074607,-0.004449456428823565,-0.005012614128553104,0.005369182296600365,-0.006795025638485025,0.02700429919351122,-0.019724422005070682,-0.022223160801181873,-0.02454109715542226,0.02166161706247641,0.02556047865642863
2024-03-01,-0.008430013387070797,0.0017842295053793844,-0.0061037549796795765,-0.0016273794676783203,-0.009456246665173668,-0.006711644424624841,0.005012614128553148,-0.005369182296600329,-0.009132316168338143,0.003546060285197741,0.015810577625055295,0.011173208164832126,0.0,-0.010050444407767535,-0.0191087870820701
2024-03-04,0.015748411852050708,0.0017809506738462296,-0.0010209244410665297,-0.014766343925371362,-0.0071514575188316954,0.00559612161743601,0.017348729376565102,0.005369182296600365,-0.013857308492836971,-0.0088888400412038,-0.019802640783095744,0.011049952636349739,-0.006230509167756976,-0.00724103187502276,-0.016207787117068335
2024-03-05,0.0031200691695559253,-0.00356518017922555,-0.008205136346870045,-0.001654300420386279,-0.002395188292069143,0.004454411623969358,-0.027399081950639722,0.0,0.0046406374218422135,-0.0035778722538703208,-0.012072609479569358,-0.022223160801181873,0.012422513508291315,-0.0029113041427029853,0.019417928578760003
2024-03-06,0.0010379017633006275,0.0017842295053793844,0.002057604363185665,-0.013333526473944599,-0.00360348016109161,-0.006689314465384458,0.010050352574074732,-0.009415002407591334,-0.00464063742184218,0.0,0.0,0.0,-0.012422513508291292,0.014472064540753561,-0.0064307026724792415
2024-03-07,0.0062047757036047535,0.0035586343540401607,0.0,0.006688985938384513,-0.003616762412243363,-0.0044841403519383745,0.0,0.0026991478753611185,0.0,0.0,-0.016326864637759043,-0.011299532020990306,-0.006269647494226981,-0.0028777205934862942,0.0
2024-03-08,0.005141493094676711,0.0017746297953646413,0.002053379319451179,0.004987580872159741,0.0,0.0078345660005423,0.011313714935596648,-0.0026991478753612685,-0.0023282005348929154,0.010695253969595043,-0.008264495168424027,0.011299532020990195,-0.006309128058056819,-0.018909608196682158,0.0032205612107876996
2024-03-11,0.007153854113278238,0.0017714860625922418,0.0040941526642332355,0.008257560212390462,-0.0036297025418269187,0.005627381116306685,-0.00501251493511927,0.005390890478796651,0.002328200534892894,-0.0035524524542773013,0.008264495168423997,0.0,0.018809284720040818,0.013129276072455245,0.0
2024-03-12,0.0010178302469510336,0.0017683534482870371,0.0,0.006557398951492702,-0.0012129392419729787,0.002242045930901158,0.01000009246264079,-0.0013450703678055407,0.002322979499040475,0.021127570918043598,0.04820211490042418,0.0,0.018462017330477525,0.010167096138391927,-0.0032205612107876003
2024-03-13,0.0104493763264206,-0.005314469306243801,-0.012333090003630856,0.0016327740253956537,-0.004866270290070563,-0.0011203366584016268,-0.022642449495336454,0.0013450703678055816,0.002372475924873275,0.005212807687235137,0.0,0.022223160801181956,0.012121355235724926,-0.01602365770900232,0.012820637528427745
2024-03-14,0.0031134946126619664,-0.0017776836801938428,0.008865828790631297,-0.004906017514316351,0.0,-0.0011217092724995056,0.015151786714373078,-0.002691742603435369,0.0023669846090396125,0.0017317637325767329,0.01941800434277134,-0.01117335870249314,-0.006042275410780165,0.008771957658483855,0.0038412877243908074
2024-03-15,0.006198388795016227,0.0,0.0051787229339076484,-0.0032841554625720995,0.01468818800454253,-0.0011229689172789841,0.0025030852534417163,0.0053762591748943885,0.009411754173412095,0.003454193074471538,-0.011605478475235412,0.0,-0.037041253817406306,0.004357399583285229,-0.012862067548857674
2024-03-18,0.004111163657920874,0.008857384880006671,0.0,0.0016435071347497005,0.002427254537729908,-0.0011242313943235064,-0.00501251493511927,0.0040134145147585855,0.00467289682248534,0.0,-0.015686665306566934,0.0,0.0062696474942270245,-0.0058140714749090605,0.0032311201605883383
2024-03-19,-0.010309552452937144,0.0,0.004123563393023444,-0.008244107683739772,-0.0036430012491872393,-0.013590176165561848,0.0,-0.005354737148977991,-0.0023335963602257805,-0.00865804931833267,0.0,0.0,-0.006269647494226981,-0.007315285766860104,0.0032206329256025588
2024-03-20,-0.008324590140457982,-0.005305071404448304,-0.006192006573675364,-0.00331675153806611,0.0024300171774071806,0.007950099208095657,0.0,0.0013413226342196105,-0.009389906843608655,0.0,0.053859264587441474,0.0,0.07859027239630323,0.0029326410903523217,0.0
2024-03-21,-0.002092132928248016,0.003539839510879334,0.0,0.0016597918746657108,-0.0012142704659499604,-0.004535171647658223,0.01496285513737864,-0.0013413226342195638,-0.004728132401102568,0.0034720925112846674,-0.003752389049455985,0.0,-0.053744285864519056,0.00583931656813171,0.022258516033840558
2024-03-22,0.0041797862350422535,-0.0035398395108792594,0.006192006573675324,-0.0016597918746656794,0.009673682783897436,-0.0022753221345865613,0.0,0.0013413226342196105,0.004728132401102512,0.0017317637325767329,0.0,0.0,-0.02484598653178412,-0.01171315110840192,0.021773688552711622
2024-03-25,0.003123442221001772,-0.003552313475558457,-0.003091264008620225,0.0016597918746657108,0.001202526090086242,0.0,-0.017478597901942262,-0.012137662337894824,0.0,-0.005203856243861214,0.0037523890494559568,-0.011299473643708459,0.0,-0.0014738470807256997,-0.012383895824458396
2024-03-26,0.0072500566178672204,0.0035523134755585245,0.0,0.012474215565194022,-0.016969964825372143,0.0022753221345866007,0.010025218744981652,0.004062255287639247,0.0023558327491095907,-0.0017407151759506038,0.025879446980461844,-0.011428754993539602,0.012500156661983971,0.007347681620995875,0.0062111567564862415
2024-03-27,-0.0041365620052051695,0.0,-0.001032299384403259,-0.003311234308399128,0.0024419477543946256,-0.003414927560437558,-0.015075707394251946,0.008075407050255647,-0.009456441075085375,0.0035650919629127533,0.003642850764747926,0.01142875499353958,-0.006230509167756976,-0.005873834540270272,-0.021910154149463637
2024-03-29,0.004136562005205194,0.005305071404448398,0.0010322993844031382,0.003311234308399072,0.010915721136142694,0.004550650158963083,0.007566231413833819,-0.0013413226342195638,0.002372475924873275,0.012378492473814033,0.0,0.0,0.0,-0.011851976708538119,0.02191015414946363
2024-04-01,0.002061826789811022,0.0052770760737590044,0.007198105230176713,0.004946343482351565,0.014371606303539987,0.03567815567267893,0.0,-0.0026882643050450883,0.004728132401102512,0.0,-0.022059681204094253,-0.011428754993539602,0.0,0.005943583800969997,-0.018750576067416685
2024-04-02,0.00205769453580048,0.00524937466038931,0.002047060232860044,0.0,0.004744859117716882,-0.023269720081978272,0.0,0.0013450703678055816,-0.00236114779206295,0.005258595620508466,0.04719565700979061,0.01142875499353958,0.030771606323179285,-0.0014825874019814974,0.006289364156280191
2024-04-03,-0.011369577943478463,-0.012291682627717413,-0.012345908028091861,-0.006600630663024072,-0.010707983672122718,0.008928663717632308,-0.0025157427645635445,0.0013431939372395747,-0.016687074538487737,-0.012313168486405858,-0.017889401849045024,-0.011428754993539602,-0.006079079824944871,0.0,-0.00313973757360319
2024-04-04,0.0072500566178672204,0.00528637496298761,0.0072202726056272365,0.0016542871806724052,0.004773231192973918,0.0,0.007528257699682794,0.0013413226342196105,0.011947614004574957,0.017544255870646723,-0.003616767391061567,0.0,0.006079079824944813,0.001482587401981616,-0.003149626582677061
2024-04-05,-0.005173242715815739,0.00700530766472972,-0.0030879755354028863,0.0,0.0,0.0011106131284482476,0.01242267154616332,-0.00268451657145898,-0.0071514504891784115,0.0017377216812008453,0.007220324172245759,0.0,0.012048332847096856,0.014706075243934977,-0.0031595780820469453
2024-04-08,0.005173242715815798,0.0,0.001030385052036652,0.008230392261843742,0.007117548644950276,-0.0022223460707120426,-0.004950602816795408,0.0013431939372395747,0.0023894830546509187,0.024014784267077142,0.007168476855048983,0.01142875499353958,-0.012048332847096723,-0.008797682336366724,0.0
2024-04-09,-0.006211221796190409,0.001743685819298247,-0.004127925724881362,-0.006578998932386348,-0.005927655283518216,0.004439649759052605,0.0,0.0,0.0,-0.011935437348505945,-0.007168476855049074,0.0,0.006042275410780233,-0.0029498695933169315,0.006309204664724068
2024-04-12,0.0020746597909852053,0.005212790303312341,0.006185516208247604,0.0049383628910085065,0.0,-0.0022173036883407016,0.004950602816795331,0.0026809179915551523,-0.002389483054650943,0.0034247737355608435,-0.021819098724277414,0.011299473643708494,-0.012121355235724976,-0.01039353923270567,-0.003149626582677061
2024-04-15,0.0,-0.005212790303312381,0.0,-0.009900990528864959,-0.008358219199224855,-0.004449526690037682,0.0,0.0,-0.01445792935869372,-0.00858371718720512,-0.018553329758768007,-0.011299473643708459,-0.018462017330477417,0.014815086877955689,-0.02232952237676596
2024-04-16,-0.0072803305546334995,-0.00699306047968774,-0.008255886619516527,0.011541626570242935,-0.008428730209788052,0.0022271806193256694,-0.004950602816795408,-0.014835041677766761,-0.004866371932499993,-0.010398782237378303,-0.015094598935699538,0.0,-0.006230509167756976,0.0,-0.003231120160588289
2024-04-17,0.0020855882846366252,0.0035025438297185034,-0.0010367948400385038,-0.001640636041377918,0.0,0.0011117329422637569,-0.012484583664487145,0.00677048887137927,0.012121465349443347,0.003478378770451527,0.01509459893569957,-0.011428754993539602,0.030771606323179285,0.004402156488337154,0.012862067548857653
2024-04-18,0.007265217570961946,0.0018266911959547991,0.005173151418982963,0.0,-0.0036342993677261496,0.005540200687915495,0.0,0.006724957449051694,-0.002412605176976106,0.006920403466926899,0.007462616541115598,0.01142875499353958,0.006042275410780233,0.0014629197179836671,0.015848201571173715
2024-04-19,-0.0020704753009651226,0.0,0.006172895537146159,0.0049139351373393425,0.006049642473198918,0.0,0.0025094296816775457,0.0013395953573357557,0.0024126051769760844,0.0,-0.022557215476815162,-0.011428754993539602,-0.02439136822566821,-0.0014629197179837606,-0.04173968045070691
2024-04-22,0.009283399992241495,0.007272791637247478,0.001025209693030631,0.004890065744197166,0.006013387104315297,0.0022074004726763533,0.007490662780963352,0.0,0.01197610602962667,0.003442280557504114,0.0,0.01142875499353958,0.006153825529266037,-0.0029326410903522484,-0.003284093881350787
2024-04-23,0.00817988640438043,0.0018097668841275266,0.0010241597144722084,0.0145279446722428,0.0,-0.0033131022079941697,-0.0024906164822227606,-0.0026809179915552603,0.002378180401302054,0.006849478959344256,0.018832960182950297,0.0,0.036148568206292954,0.0029326410903523217,0.003284093881350656
2024-04-24,-0.0020387072940423654,-0.0018097668841274622,-0.0020493694075027326,-0.006430839165727909,0.0,-0.003323885824149358,0.009925710500864422,0.0013413226342196105,0.009456441075085427,0.011874433296226576,0.0,0.011299473643708494,0.005899683648376182,0.007293942020011402,0.019481164416866356
2024-04-25,-0.0020429816808645827,-0.001813343696184609,-0.002053365496574081,0.00803222543524957,0.004784711023031836,-0.0011106131284482942,-0.004950602816795408,0.0,-0.0047169805411724965,0.0,-0.003738361247250637,0.01117328975197621,-0.017804651721950185,-0.017595776877673962,-0.01620782051382917
2024-04-26,0.001022067289699635,-0.0018165391678367743,-0.010330552358882965,0.0031948652652298254,0.004761926537376679,0.0011106131284482476,0.004950602816795331,0.0,-0.004739460533912803,0.0050463909291925384,0.0,0.021978953185428522,-0.006006057436316584,0.01614115142579421,-0.00985226964046473
2024-04-29,-0.0040941122584773355,-0.005469599969180903,0.006211022318310852,0.01582306611446603,-0.007151542915589616,0.0,0.012269994782480153,-0.0013413226342195638,-0.0071514504891784115,0.0,0.04037242848304537,-0.010929059413796056,0.06416195116972272,0.0029069935172293965,0.0292703034387713
2024-04-30,-0.0020534691221205433,0.005469599969180777,-0.004136356578944518,-0.006299183121804263,0.0,-0.0011106131284482942,-0.007343903484967373,0.0013413226342196105,-0.01445792935869372,0.003350110819591995,0.007168476855048983,0.010929059413796073,-0.005665700891316536,-0.016093991706356933,-0.009661966370668126
2024-05-02,0.005125514090898428,-0.005469599969180903,-0.003113722374664809,0.0,0.010707983672122697,-0.004454366762444432,0.00978003703173258,0.01595777185836137,-0.004866371932499993,0.005004130683484502,-0.007168476855049074,0.0,-0.011428690330293952,0.016093991706356944,0.0064517530861907995
2024-05-03,0.00204298168086456,-0.005499481486315709,0.005184092785933739,-0.006339192393434746,0.008250043125873938,0.009994567450359848,-0.004878093205633982,0.01310638155293922,0.0048663719324999796,0.024651953627196223,0.04570220115541145,0.021506183693859548,0.028330459558086562,-0.0014523680653495286,0.003210213284477212
2024-05-06,0.003056613443480103,0.007326172682270389,0.0,0.0015886666697186164,0.0035148916888976377,0.0022074004726763533,-0.014778637940406746,0.0026008018804651754,0.01923119944657004,0.004858344325699614,-0.0034423802866743007,0.02105338856769053,0.011111220603581226,0.0,0.01904830274936336
2024-05-07,0.0010167621710415642,0.003642908773226208,0.018443041654921718,0.0015859915130172406,0.02426457111582207,0.0011021603878715969,0.012330515365453706,0.009049838555278883,0.002378180401302054,0.00804507120531197,-0.0034542712135876117,0.010362841014205258,-0.011111220603581115,0.004350935460036711,0.009389792728253219
2024-05-08,-0.004073375614521571,-0.003642908773226146,0.0,-0.0015859915130171452,-0.005724130196498634,0.002200001410602581,0.0,0.017857623309558816,-0.002378180401302115,-0.006430854201541034,0.006896651500261974,-0.010362841014205357,0.02755003786971119,0.010079258245904332,0.0031103617010697043
2024-05-09,0.004073375614521565,0.0018229648868516846,-0.005089011687809636,0.0,0.0,0.0032912934052801847,-0.009852243892562259,0.0,-0.007168476450272292,0.003220555269034551,-0.0068966515002619085,0.0,-0.005449634743989274,0.00286124675092254,-0.041210423549354426
2024-05-10,0.0030439897902202685,0.0018199438863745517,0.0,0.003169549165412557,0.006865151650098107,-0.011013139547556939,0.0,-0.0012650321044748018,0.002395206362395867,-0.0032205552690346925,0.03735584547819193,0.0,0.03753786955369064,-0.012940504996827055,-0.00975606742763838
2024-05-13,0.0,0.0018165391678368614,0.0,-0.0015835576523954384,0.010209754264024633,0.0033165361191543623,0.0,0.0063091526702297234,0.0,0.0,0.0,-0.02105338856769057,0.015666140993201585,-0.002898567394687085,0.009756067427638414
2024-05-14,0.0010127522674708142,-0.0018165391678367743,-0.006141303971937082,-0.006359348781962716,-0.012492983504191599,0.0,0.012300366467515334,0.005018869993807663,-0.002395206362395942,0.003220555269034551,-0.013423078979396213,0.0,-0.005194845737411357,0.011544054939868714,0.0
2024-05-15,0.0,-0.003642908773226146,-0.0030848002702935006,-0.006400049064225752,-0.00573069085855085,-0.0011042522480279506,-0.007362111231591617,0.011201070399641962,-0.004807629579354441,-0.0032205552690346925,0.25506114776486544,0.0,0.2719337542265582,-0.02322300611558199,0.012862067548857653
2024-05-16,0.004040351371964783,0.0018229648868516846,-0.0010303850520365563,-0.003215411145248492,0.003442353902911007,0.0011042522480279988,0.002460167405492981,0.018394157683273873,0.00959231899640123,0.020750929832823416,-0.04552327510915799,0.010582164228427988,-0.04879014032763799,0.013129357241769031,0.003189893188554938
2024-05-17,0.0,0.0018199438863745517,0.006166550725007416,0.009615460209474272,0.003430544742207359,0.004405310023122491,-0.009876694114308153,-0.003651888789254149,0.0,-0.004750555596065295,0.0,0.10008335901939382,0.0,0.01438866632545821,0.009508681799941637
2024-05-20,0.007031785223428244,0.0054396497481487855,0.0,0.006359348781962667,-0.002285721703777323,0.005479373247090806,0.0,0.006079093245892114,0.0,0.014184494832874324,0.0,0.028170965617361845,-0.00836819497463854,0.01277525559298792,0.012539419310930378
2024-05-21,0.0,-0.007259593634523359,-0.005136165672970839,-0.006359348781962716,-0.0045871769413409445,0.0,-0.02767473108221058,0.006042361057163027,0.0,0.0,-0.016575004838377875,-0.009302382996353576,0.0,-0.008498677275265501,0.012383895824458323
2024-05-23,0.0,0.005449826750395868,0.009226104242230658,-0.003194865265229848,0.0011487684486196925,0.0010924164778515998,0.01519014741772344,0.021454792281055537,0.002383787033225324,0.024730881566790514,-0.031119749836276422,-0.009389847587286592,0.01666704330548406,-0.015770944175947658,-0.006172739067972039
2024-05-24,-0.0010015951988075092,-0.003629882864021431,-0.01025648929426723,0.0031948652652298254,0.002293585454291319,0.0010911116447034307,0.0,0.008220957951748582,-0.007168476450272292,0.0,-0.029156602670016546,-0.01904817695749605,-0.06840279455443034,0.001443978994704986,0.06298931088155707
2024-05-27,0.0010015951988075742,0.0018165391678368614,0.0,0.0031846905992267893,0.0011448230384299388,-0.0010911116447035142,-0.007566231413833898,-0.002341939515682214,-0.009638484163048829,0.009118591991268328,-0.023953345856241332,0.0,-0.026907385249894476,-0.008695679045223377,-0.008759082296768703
2024-05-28,0.0,-0.0018165391678367743,-0.004132297070224339,-0.014411781299706296,0.0034267431573769005,-0.0010924164778516445,-0.005076125618861696,-0.0035232252726658275,-0.00242423883324895,0.0030212496523453303,-0.003034861157569279,-0.009661961890838193,-0.009132533672796215,-0.010241473056468903,-0.0029369497401494334
2024-05-29,-0.00904992035589743,-0.003642908773226146,-0.001035614013889381,-0.0016140737289100364,-0.0045715661958067805,-0.0010933848935341327,-0.015384965030779196,0.0058651647883479685,-0.009756219880932804,-0.0045353432985509425,-0.024616583905130655,-0.00975604440797426,-0.01851903849463394,-0.010347447092935941,0.0029369497401494733
2024-05-30,0.0,0.0,-0.0020746657393664377,0.0,0.0022883369556398743,-0.004385988353556766,0.0,-0.005865164788348074,0.0,-0.0015162336454871029,-0.003120160099748272,0.009756044407974312,-0.009389792262812804,-0.002976207667535221,-0.014771474184668353
2024-05-31,0.00302567742472724,0.0018229648868516846,0.0,0.0,-0.027811656453311472,0.0032912934052801847,-0.013004047121450006,-0.0011771723042841306,0.00488984794843271,-0.010678971619062849,-0.018927976147136576,-0.060017889851313254,-0.00947879685633897,0.0,-0.03328601533214787
2024-06-04,0.0130068207000043,0.003636483054211205,0.01135776214581038,0.0,0.01747276775580443,-0.002192878035955371,0.007822716264523123,0.004700397576949997,0.012121465349443347,-0.004611957920514325,0.012658374238208082,0.04040949779944886,-0.009569389394279646,0.0029762076675352222,0.015267482663014443
2024-06-05,-0.007984172967641638,-0.0036364830542112477,-0.00721272599517497,-0.0016169210218844306,-0.009280894146517659,-0.0010984153693247773,0.0,-0.004700397576949908,-0.004830854583694482,0.021342506483615287,0.006269601908928685,0.029270353942702394,0.0,0.0014847887314531699,0.03279000685380182
2024-06-06,0.0,0.0018199438863745517,0.004127925724881523,0.009661833916522448,0.0,0.004385988353556795,0.007762060961890717,0.018670164265558807,0.0,0.03264377701789795,-0.003129848970153679,0.05608952740464671,0.01904818625061873,0.0,-0.0029369497401494334
2024-06-07,0.0020019738951464394,0.0054396497481487855,-0.0010303850520365563,0.0,-0.003502580485230006,0.0,0.005141371544586552,-0.0011564470232248189,-0.004854368885031367,0.0043699563826919375,0.06669140182398134,0.02690742596099332,0.05505986017946066,-0.01494796210337684,0.020202679262563274
2024-06-10,-0.0010003786963388875,0.0,0.0,0.0016013862695216487,0.006992935707915859,0.005455458697408335,-0.010309443924950559,-0.004640535696306376,0.0,-0.0029111564207839756,-0.008836601835138303,-0.008888938591405425,-0.018018495749217666,0.010486965704388281,0.005780413374420504
2024-06-11,-0.0010015951988075092,0.0,-0.001031554505169263,0.0,-0.0023254698272068353,-0.0054554586974083046,-0.00519485459035456,0.00348244913810244,-0.007326089829150238,0.00581393707899732,0.002954170305401359,0.008888938591405523,-0.009132533672796215,-0.01804554324375419,0.002877653111052151
2024-06-12,-0.002005989835775572,-0.007259593634523359,-0.004136356578944518,-0.004811636399746434,0.0023254698272068036,-0.008791298376679139,-0.007843102593657069,0.013809181394280601,-0.004914069901997439,0.005780256461143754,0.0146415598936165,-0.02690742596099341,0.0,-0.0015186107553358168,0.08796878729166295
2024-06-13,-0.00402420018884508,0.007259593634523332,-0.003113722374664809,0.008006501664976209,-0.0034903552226857827,0.002224781761354312,-0.005263208058996148,0.005697887692315672,0.004914069901997425,0.01855884018048439,0.03147618058117122,0.018018487369587957,0.06224222714685465,-0.0015209204419215456,0.023408164691732486
2024-06-14,0.0020140704647283133,0.0,-0.0020811424773271307,-0.003194865265229848,0.0,-0.019069674146958027,-0.005290922470414635,0.0034033783359737565,0.0,-0.0042524133963217905,0.01120444172610419,-0.003662986409379955,0.008583791501463366,-0.001523237164910812,-0.015544424972832935
2024-06-18,-0.0010065281724701853,0.0,0.0,0.0063795558644567036,-0.004672858860507811,0.01349858329224602,0.010554130529410871,-0.003403378335973738,-0.004914069901997439,-0.00427035374906909,-0.011204441726104195,-0.03738754054552385,0.0,-0.00765110872856243,-0.007863739718899603
2024-06-19,0.0010065281724701094,-0.005439649748148894,-0.001042197678083892,-0.007980942133978373,0.0011702783752779115,-0.0022372247258529293,-0.015873330122424235,-0.0022753315659951702,-0.0049382723663975595,-0.011477970777254645,-0.034387421393431435,-0.009569453236476361,-0.025975526943964804,0.001534927342649018,-0.02127738502710861
2024-06-20,-0.0010065281724701853,0.0036298828640214677,0.0,-0.004819208674722781,0.00583093633365747,-0.0022418960435393594,0.0,0.0011383719535407958,-0.002478246262473112,-0.004338358718982773,0.011594383347930486,0.01904808500172713,0.017391735442501336,0.0,-0.008097213505833067
2024-06-21,-0.0070743162280795325,0.0,0.0,-0.004842625241799546,0.009259350665421022,0.0055958017943485575,-0.005347644850754713,0.007931938326423166,-0.0074721313325881835,-0.005813937078997326,-0.014514052406229105,-0.009478631765250751,-0.026202308224163903,-0.009245104245526364,0.0
2024-06-24,0.0020264225638569095,0.0,-0.0010432849873738227,0.01923144272021949,-0.01743227495795596,0.023167002525447743,0.0053476448507546355,-0.012492866406284263,0.007472131332588152,0.0,-0.07590901530086763,-0.009569453236476361,-0.05455895741732449,0.016884522796350422,-0.01089931770193542
2024-06-25,0.003031901044106934,-0.005449826750395816,0.0,-0.003179705178220289,0.008172924292534864,-0.016492863227248904,-0.005347644850754713,0.010233078074761925,-0.0074721313325881835,0.020202630909954507,0.027995672384329207,-0.029270389224891443,0.009302443613933417,-0.012251363433519286,0.0
2024-06-26,0.005032650516702762,0.0,0.00624355267741128,-0.0015936520907252323,0.01156073613704636,0.0033203829584898983,-0.008075336463391054,0.0022597883315223916,0.002496941025215036,-0.00573056881123561,0.006116215989999243,0.03883984246136787,0.009216594880700589,0.004611944882695139,0.00818565594756651
2024-06-27,0.0,0.0018199438863745517,0.0,0.0015936520907252841,-0.005763721053016402,-0.006651827599188499,-0.002706449201959506,-0.0011292558354840836,-0.0024969410252150912,0.0014356869741367084,-0.009188447255360752,-0.038839842461367756,-0.01851903849463394,-0.029574210113604893,-0.0027211817868357836
2024-06-28,0.0,0.0018165391678368614,-0.004158070011953433,0.0031797051782202685,-0.0011567414177663011,-0.008938496451848568,0.0027064492019596106,-0.0011305324960382654,0.004987532377119876,-0.011544149056391052,0.009188447255360827,0.009852298796531092,0.02765157216743002,-0.0031645755583467805,0.008141161260189881
2024-07-01,0.0010034979172061094,-0.0018165391678367743,0.00829892204653307,0.0,-0.0011578435933989294,-0.00337287334090473,0.008075336463391137,0.0045147152543096175,0.0024845989554683565,0.0158390308934898,0.02111692254665791,0.0,0.018018495749217624,-0.006359274716691097,-0.002706317718985147
2024-07-02,0.002004087117376966,0.0018165391678368614,0.0,0.0,0.004623943252220367,-0.0022547647706582983,-0.016216552459114207,0.0,0.002478246262473145,0.0,-0.008995657662939527,0.0,0.0,-0.004796276104379542,0.029374598532941606
2024-07-03,0.002998352698356808,0.0018133436961845853,-0.0010336867832723394,0.004750525723716102,0.0,0.01233910386076758,0.010840292225635522,0.02447281491093215,0.002472249255845263,0.01277528374453348,-0.00907716529944866,0.028987543664836742,0.008888889500676855,0.0063899099057198715,0.02083407403607497
2024-07-04,0.00795253296994685,0.0,-0.00414503615063535,0.0,0.0,0.0033387458748997912,-0.002699076229912307,-0.00440521316429821,0.0,0.0042222707656486185,0.026988207013810547,-0.019231366411652146,0.05173575124894618,-0.0031898113256754934,-0.012970334317175227
2024-07-05,-0.005958436179844194,-0.001813343696184609,-0.003120199112625452,-0.001580976558303489,-0.00115383502699503,-0.00111171517225554,0.005390751675302541,0.0,-0.002472249255845279,-0.0014053473104240234,0.005899711439121201,-0.009756177253184676,0.0,0.0015961775243351249,0.0026074561420233915
2024-07-09,0.00199012828037454,0.005429804134829429,0.0031201991126255362,-0.0031695491654125975,-0.0011555232140601555,-0.0055774197193255454,-0.005390751675302491,0.004405213164298164,0.017178432097545257,0.013966664176596606,0.0,0.00975617725318458,0.008368194974638579,-0.008006568154333944,0.020619403944581335
2024-07-10,-0.003984225070477244,-0.0018066935545173431,-0.0072956308873475435,0.0,-0.0057970150840300156,0.0,-0.005420106304868833,0.008752745644189814,0.007272618291749757,-0.001388006644857107,-0.011834582366574392,-0.009756177253184676,-0.025317846497957312,-0.008071029654031323,0.0076239281736212375
2024-07-11,0.003984225070477264,0.007207369021252538,0.00313323409663809,0.006329006740016172,0.0046402736662636826,0.0044642389996322595,0.0027136571029092132,0.02368255679828172,-0.004842488239967333,0.013793421857582415,0.020619360314210515,0.028987543664836742,0.03361669482880288,-0.0032467726314502794,0.012578766408424771
2024-07-12,-0.0019901282803745173,0.005371470867866761,-0.0010432849873738227,-0.0015784810163000107,0.0034660996588214543,0.014372881325036484,0.0,0.0,-0.0024301300517824654,-0.009635310425845598,-0.008784777947636156,-0.009569453236476361,-0.016667043305484082,-0.006525179050475607,-0.012578766408424783
2024-07-15,0.009910953157976504,0.015943722474611784,0.007280347517449756,0.0015784810162999033,0.003454362811961048,0.007654624000040148,0.008097200877262093,0.023134536384103718,0.004854368885031498,0.0013820381868861731,0.0174930551262593,0.009569453236476452,0.024897488718018442,-0.008217096274279507,0.012578766408424771
2024-07-16,-0.0039525169781323985,-0.00528637969428199,-0.010416749082123755,0.0015759933402149553,0.0,-0.01315814816288045,-0.005390751675302491,0.03171629909049563,0.0,-0.001382038186886145,-0.017493055126259278,0.0,-0.00823044541253434,-0.016639320933885694,-0.002503089553975906
2024-07-17,-0.001982344976832845,0.003527260803576222,-0.00314637810680559,0.0,0.0011487684486196925,0.0022049327743892486,0.024033103377573802,0.01697492095739298,0.009638484163048806,0.0027623816193416847,0.0174930551262593,-0.009569453236476361,0.016393800894476434,0.011676671385511619,-0.005025180010584924
2024-07-18,0.0019823449768328863,0.0035149582067656865,-0.002103026197244639,-0.0015759933402149683,-0.010386735662549804,0.019630063995686394,0.010498793985944744,-0.018991170889604767,0.019003097926659725,-0.004146546002305366,0.014347529115752522,-0.029270389224891443,0.00809715744677624,0.0016569269782363946,-0.017789506417770454
2024-07-19,0.0,0.0,0.0010521746218971726,-0.0015784810163000107,0.0,-0.017429531753294623,0.0052083826755365,-0.0010095466708802878,-0.002355832749109585,0.0,-0.02597547535267415,0.019608476049715613,-0.016260512928718288,0.0033057225701377323,-0.012903517881791894
2024-07-22,-0.003968307899469634,-0.0017558393160599184,0.0,-0.011120000595809173,-0.003486239376064804,-0.0110499262870285,0.0025939885815265767,0.00804818739951889,-0.011862575760503235,0.0,-0.005865108889337623,-0.019608476049715703,0.0,-0.00995029881096619,-0.007822664240577983
2024-07-23,0.003968307899469576,0.0,-0.0021053485688551036,0.00795546638511034,0.0034862393760647886,0.0033278627317925185,0.005168072380364001,0.001001666062754863,0.002383787033225324,0.0,0.0,-0.009950333253757828,0.016260512928718374,0.02143530684624655,0.0
2024-07-24,0.001977999514621936,-0.0017591188907056135,-0.004223932084153552,-0.009554214047192595,-0.0023227689231162495,0.003316598538454954,-0.018206029564375663,-0.007031673667399986,-0.00477327008787638,-0.002773947048773111,-0.002945541133719941,-0.010050338302587954,-0.024490958341252672,-0.018107499936807173,-0.007884406972397713
2024-07-25,0.001974517463510472,0.0035149582067656865,0.00842988067379467,0.0015987476620822328,-0.0011634704529485925,-0.0033165985384548194,0.0,-0.006066694542107872,0.007151450489178389,-0.0281708647314975,-0.008889041232854422,0.0,-0.016667043305484082,-0.0016624363249954093,-0.02403321012440815
2024-07-26,0.0,-0.0017558393160599184,0.0,0.0,0.0011634704529486263,-0.004439577904048083,-0.007905236680048191,-0.007124820006092266,0.0,0.0014276356652803176,0.005934870927453152,0.0,0.01666704330548406,-0.005004288779210316,0.0
2024-07-29,0.005899531908328734,0.001755839316059886,0.0031430821167768275,0.0015961176031475536,0.005797015084029978,0.012161641459283987,0.005277161580169769,0.01419913135641853,0.007100608325975819,0.005689883647611345,-0.011904954295444173,0.0,-0.042200486330266435,-0.013468201528073992,0.005390895786847958
2024-07-30,-0.011834393863293886,-0.0070422190103418495,0.004175431774722061,-0.008006501664976219,-0.0057970150840300156,-0.0110499262870285,0.0026280750998784546,-0.013178035436297966,-0.014252058815154093,0.0,-0.049089598632173916,0.010050338302587955,-0.062242227146854616,0.0016934048288366648,0.016000215665418073
2024-07-31,0.013793335238576817,0.008795170932614536,0.0041580700119534155,0.012779858933921721,0.0,0.011049926287028418,0.0026212523379619806,-0.02479474146495624,0.007151450489178389,-0.0014195298985422086,-0.04173957071381568,0.0,-0.05661898176415532,-0.01878783964309445,0.0
2024-08-01,0.003906407847649904,0.0017495996944060007,0.005173151418982963,0.003169549165412557,0.009259350665421022,-0.01773906117860959,-0.007884460396958094,0.0072955008883985465,0.011806552217781019,0.0014195298985422407,-0.016529312690206605,-0.010050338302587954,0.0,-0.00345416625349448,0.0
2024-08-02,-0.0019512964222538017,-0.001749599694405945,0.001031554505169272,-0.011137771699588017,-0.005776920592556411,0.0011180440368691563,0.0,-0.008342027197841762,0.004683962951803547,-0.009978698796763639,-0.058335685806968345,-0.010152373963085886,-0.04976142741895493,-0.0069445939086004846,-0.054361145765498914
2024-08-05,-0.03376690771134137,-0.015887527941978827,-0.025053540967416427,-0.02922286255141235,-0.015178502070289214,-0.0056021867121194445,-0.02403310337757384,-0.05267204787067182,-0.035675656184207635,-0.05901421954839464,-0.13201806117437692,-0.07410792457531465,-0.10196497584121336,-0.07598574947669044,-0.09057288501516525
2024-08-06,0.020000806024201193,0.0,0.014690765031310822,0.022802267607167984,0.028987498993021686,0.005602186712119335,0.010752733547690298,0.008791219043919843,0.01680696061332105,0.03582475606217574,0.06630110449135485,0.0,0.03333647146219811,0.04950595618918354,0.03898563844838661
2024-08-07,0.003952516978132482,0.0141345760197063,0.010362775936105559,0.001608958544498018,-0.01729142699559725,-0.0022372247258529293,0.0,0.006543148940174317,0.00947878872727772,0.021755761132991956,0.033398265854065336,0.02173992575650795,0.02162245347905145,-0.030883536297498994,0.0
2024-08-08,0.0,-0.0035149582067655343,0.0,-0.004834662764413174,-0.008172924292534888,0.0011191806889836512,0.0,0.012959020711420953,-0.004728132401102568,0.004294881837098683,-0.018416830439346193,-0.01081085305226003,0.005333311453724483,0.0091827561434282,0.0
2024-08-09,0.0019703100186393738,-0.0052956158401268275,-0.013492741171428969,0.004834662764413215,-0.003523147704889516,0.0,-0.0026773970842991148,0.015966456745476462,0.004728132401102512,-0.004294881837098841,0.00740761010449236,0.032088256988160035,0.021053399876705067,0.0,0.04879008725716333
2024-08-12,0.003929221889689432,0.0,0.016580716706831873,0.0048116363997463395,0.011696071997424371,0.0011180440368691563,0.013315738293130841,0.0010552529048989743,0.004705943891805126,0.0,-0.003696900490415243,0.0,-0.026386711330429538,-0.01659014244130003,0.0
2024-08-13,0.0,0.005295615840126807,0.0,0.00478851735595502,0.0,0.016621017141740402,0.0,0.002107498701717598,0.0,-0.002873585987852859,-0.022472814496077888,-0.021277403935899983,-0.03261163600119229,0.018416636268781456,0.008368183828948602
2024-08-14,0.0,0.0017591188907056159,0.002053365496574184,0.0015910385085015767,0.009259350665421022,-0.015504336116784126,0.0,0.015665968456930638,-0.009434076292907784,-0.004325921360653092,0.0,0.010695291890250246,0.016438817266130182,-0.005489428936189771,0.0
2024-08-15,-0.0019624705741921574,0.001755839316059886,0.003072269925890703,0.0015886666697186164,-0.00693658174230492,0.0044544098297556465,0.013140822606996689,-0.020943121499327047,0.011778738782451732,0.0,0.0,-0.010695291890250296,0.0,-0.02790864849857819,-0.03390149668380697
2024-08-16,0.007827819797125019,0.006992972762516878,0.0,0.0,0.0,0.0033278627317925185,0.0052083826755365,0.0042240135601603465,0.00467289682248534,0.0014440540736304194,0.018762104882000717,0.0,0.03208823480970118,0.06040255418304581,0.019915271311023334
2024-08-19,0.03260110009012338,0.030877287777077773,0.027233152351188897,-0.004773357268945587,0.034210842996228216,0.005521531312843988,-0.015707176661481123,0.017755117558303026,0.0566402325206056,0.0028818672870226667,0.03290981194192978,0.010695291890250246,0.04124300133520366,-0.02518131291920076,-0.022792924422075454
2024-08-20,0.0,0.0,0.0009946215604745609,0.007942906434358191,0.017778296617287123,0.0011010405380293639,-0.0026420286210520395,-0.009539069723598331,0.0282321204897328,0.00716846782495152,-0.014492981502583649,0.0,0.010050330998445116,-0.001823163829076983,-0.011594288738938394
2024-08-21,-0.007575785736540918,-0.003384113529064534,0.006934074073336254,0.0,-0.011074341710309224,0.0065788897705682265,-0.002648893849362578,0.011646467027497567,-0.00860218708599731,-0.0071684678249516,0.0,0.0210534145714931,-0.005012509216596632,0.014493080509636174,0.014471941849990528
2024-08-22,-0.007633616659446956,0.0033841135290644422,-0.003956438592648837,0.0,0.007765010661563358,-0.0054793980662057006,0.013175382867372777,-0.009518892400149446,-0.008676941522087691,-0.002881867287022665,0.003642850764747926,-0.010471302525843334,0.01496277582438928,0.04225975926655516,0.011428653438581444
2024-08-23,0.0,0.0016878634066048418,0.0,0.0015809765583034638,0.0,0.005479398066205723,-0.007884460396958094,-0.01714936627111694,-0.013158060359107304,-0.010152295797980125,0.0,-0.010582112045649773,-0.030152964116116947,-0.01563888651793536,-0.04950056841427765
2024-08-26,0.009532925016977724,0.0,-0.003972257041162016,-0.0031645342106990017,0.0022073994526364492,-0.0054793980662057006,0.0,0.009682639538596877,-0.004424661456622108,0.014472062098718824,-0.02952229774520981,-0.021506144942510307,-0.020619339569534448,0.0034964378196887013,0.005952302125979476
2024-08-27,0.015066182772096572,-0.0016878634066047023,0.002980696700651758,-0.0015859915130171452,0.0022027629803583787,-0.0022005322423919323,0.013106310652653217,-0.004291788536053732,0.03700077250957037,0.0,-0.003752389049455985,-0.021978978461038072,0.0,0.015584810293712885,0.0
2024-08-28,0.014842557914535294,0.03974041917287381,0.0455724775381562,0.0015859915130172406,0.019608413394567082,0.007679930308597473,0.028243287515395697,0.0010747572324215375,0.025317872431952167,0.005730568811235674,-0.07006753431550222,0.021978978461038197,-0.03713949789657531,0.045347798486227546,-0.08351051483933156
2024-08-29,-0.01671343884458361,-0.008150041147516409,0.008494819286200092,-0.0031746581827357847,-0.004324343036622581,0.0054495378049926714,-0.0025348099768853437,-0.008630244600868581,-0.021053481276670588,-0.004294881837098841,-0.012170563921469871,-0.0331522820861243,-0.010869666912905538,-0.03509133149052223,-0.019544603489383205
2024-08-30,0.009319697325225734,0.0032679029783365663,-0.0028236934333642503,-0.0031846905992268656,0.012917220828433438,-0.006543018145934195,0.020101133853360178,0.0010830141048140307,0.025211483716728898,0.04899509766117833,0.00813011187535274,0.04396313513838435,0.005449634743989389,0.0051769587173902554,0.03554492438603237
2024-09-02,-0.001856884368464917,-0.0032679029783364557,0.0018833155160476952,0.01267835734917658,0.014862311348442602,0.0010934803409414974,-0.004987577527521641,0.0010816222610900276,-0.014629282751839667,-0.005479434906622733,0.004040452046117114,0.0,0.021506130188786502,-0.013865115994897044,0.02507974573057009
2024-09-03,-0.005591932026712363,-0.006568108528873673,-0.007554441368883465,0.00471336245836485,-0.004223882996890564,-0.0010934803409415974,-0.02275689615827224,0.0,0.010471280311781324,0.023083127546018645,0.05109161941070842,0.0,0.0314162443353366,-0.022948929782540265,-0.012461407218661163
2024-09-04,0.009302457571998197,-0.006611623999985123,0.0037843543655281886,0.0015661201953827194,0.007380235637624756,0.004405281884981653,-0.00770221073535816,-0.006507684521128568,-0.00836812385983803,0.0,-0.01544429532662462,-0.01081085305226003,-0.02083413971442175,-0.02166152803969685,-0.03834329428043205
2024-09-05,0.0,0.01644763550719531,-0.00853490300754954,0.007794400315040409,0.006282760029330316,-0.009939287507596787,0.010256444540787684,0.004343048155224579,-0.002103156451943234,-0.005383493481122717,0.0,-0.01092907270424795,0.02083413971442186,0.02166152803969679,-0.036488197946095174
2024-09-06,0.0,0.0,0.0047505486420214476,0.024541061884003207,-0.0010444963635764801,-0.0022222736820313254,0.010152380547790784,-0.01528396990685536,0.0,-0.006770555092874252,-0.03162313161668668,-0.011049905756790109,-0.031416244335336456,-0.003577841082523874,0.026668229328586014
2024-09-09,0.009216522205955638,0.012966205330877735,-0.00761174820501028,0.018018508153998542,-0.014737041500452063,0.0022222736820312486,-0.03337926872600564,0.012028536410018062,0.010471280311781324,-0.005449644065398931,-0.004024192467397164,0.0,-0.021506130188786596,-0.01991013686944021,-0.02329543155883029
2024-09-10,0.0036630532288177468,0.01597468056725458,0.01704577077938752,0.020619337794252894,0.01159731274310158,-0.0011104630884976895,0.012970443637427151,0.014031624295723136,0.0231345556356881,0.0013651977900079218,0.0,0.0,-0.005449634743989274,-0.007339432890497204,0.0033611251794341854
2024-09-11,0.0028129661390982525,-0.012759316268793426,0.009345949085930933,-0.01616491420951891,0.002094247444340397,-0.0011118105935336734,-0.005168072380363968,0.009599904090775664,-0.023134664916509368,0.002724816974992955,-0.03696517848426041,0.0,-0.022100403125721948,-0.01484256309809198,-0.01563059106152818
2024-09-12,-0.003752251944315567,0.0016038569842078765,-0.014051689055324827,-0.014925749546602446,0.008333510956357587,-0.00669660658951841,-0.002593988581526611,-0.0010620922526406108,-0.010695040003495405,-0.0013615504200128832,0.01247420268199249,0.005633812421074211,0.02210040312572202,0.018519057838451328,0.0270286746568014
2024-09-13,0.0,0.009569581118539129,0.0,0.019360274669580173,0.001036597152546174,0.006696606589518496,0.0025939885815265767,0.0,0.010695040003495459,0.006788872059958552,0.0,0.0,0.0,0.00913248846154469,0.013245227839681102
2024-09-17,0.001877788037963722,0.0016246841147537828,0.0,0.03905058990558048,0.005168090551250446,-0.0011131612239572656,0.02077996094542702,0.012671684575474547,0.0,0.0027028627533266223,0.2604552319494274,0.011173290180334477,0.21985940526647893,0.014440586558033281,-0.03005236861415046
2024-09-18,0.0018744639063519764,0.006472468431211934,0.0,0.008474558665507942,-0.002063989894509219,-0.008948469563824224,-0.01554439747743014,0.013549022375365944,0.0021254373633863904,-0.005412841600295651,-0.009600174854552505,0.021978951350272665,-0.06336953019898717,-0.010810887503288317,0.020134869237970865
2024-09-19,-0.003752251944315567,0.003220591885062459,-0.004728282604983331,0.005610136503952495,-0.004140697809287408,0.0033650241982630604,0.002607570673754679,0.01234586233990876,-0.004255292320716721,-0.006807357557977615,-0.019481021621055125,0.010810905654593712,-0.028437978513431442,0.021506322180491994,0.029462056959527857
2024-09-20,-0.0037665812068758044,0.004811607852086016,-0.0009482079640075877,-0.0070176194689542445,0.0072349818172030445,0.0022373021352532973,-0.002607570673754664,-0.010277692482136792,0.002129854957330374,0.0,0.032260804687884226,-0.010810905654593653,0.0560895506808616,-0.030605571546643926,0.0
2024-09-23,0.009389692523735036,0.0015987099843067227,0.0028421264208021075,0.001407482965001586,-0.008272973773615458,0.0033461432303078897,-0.0026143228158277427,-0.010384208712227543,0.0,0.006807357557977673,-0.02247285585205863,0.0,-0.009132533672796215,0.007286135501058029,0.0
2024-09-24,0.0037313481575043787,0.006369487259676095,0.006600900829405637,0.0,0.008272973773615423,-0.003346143230307791,0.0,0.027793999507809173,-0.004264255880770577,0.02014843973445196,-0.008650933099590854,0.0,0.0,0.0018131138650940343,-0.0394788158146263
2024-09-25,-0.003731348157504342,-0.019231394599928866,0.010285152374108026,0.004210533115435518,-0.0010302941134064908,0.0033461432303078897,0.00782274697454128,0.0,-0.010741322897842924,-0.001330613404966665,-0.10718372013416169,-0.021978951350272766,-0.0962280426732313,0.026811273400591612,-0.023770115622780506
2024-09-26,-0.003745323278895649,0.0,0.0018588113160823653,0.0013996033885169666,0.03544674269023582,0.002224971817490952,-0.013072051837628025,-0.004069328207784659,0.008602356560941073,-0.006680099715312564,0.03936109838983919,0.0,0.02985294887010388,0.010526384967760974,0.013652005239907996
2024-09-27,-0.015123163810963658,-0.013029493822876367,0.013831415608932331,0.013282275418139028,-0.006989666140930665,0.0022196944164226415,-0.007926086611581083,-0.006135054048734639,-0.017279132431708494,-0.0006819134108833873,-0.028471667554130994,-0.011173290180334456,-0.01980261787165873,-0.007005149289395773,-0.017094285252090877
2024-09-30,-0.0019065287858494125,0.01302949382287649,-0.012903447858714959,-0.00557106393835481,-0.03258943125969085,-0.0022196944164226324,-0.0026560512468406473,-0.023872320455110365,-0.006557404963254192,-0.015120539030110193,0.007194208006012796,0.011173290180334477,0.0,-0.008826186898464847,0.0
2024-10-01,0.005708914272760579,0.006451589503859973,-0.008383937758354448,0.01111119574549535,-0.0020723329934110883,-0.0011118105935336734,-0.0053333604681386,0.013562945384304317,0.010905203674055994,-0.002773858650584591,0.04554206562577044,0.011049891497366392,0.0392206946667208,0.02797374731223959,0.03390142602656006
2024-10-02,-0.007619184583489749,-0.017843092983526695,-0.0037487903938762286,0.0,-0.010427758400697897,0.0011118105935335782,0.0,-0.0010367650188526124,-0.017505892181007666,-0.006968779732998867,-0.04196423391256634,-0.011049891497366387,-0.029270428058927985,-0.017391667211654836,-0.003338922315277756
2024-10-03,0.007619184583489634,0.006525262370026659,0.0,0.0,-0.0010487707238912,-0.005571115047798677,0.0,-0.012526180365451724,0.008791308828731076,-0.001399475244951902,0.0106572384253407,0.0,0.0,0.012205844072437598,-0.023689752341523766
2024-10-04,-0.0038023854869112523,0.0064830448366727505,-0.0009392032881771926,-0.002766262993393202,0.0010487707238911763,-0.0067265220875386954,-0.0053619577899978715,0.00314628563873885,-0.00879130882873098,0.0,-0.017825660444635284,0.0,0.0,0.005185823139217208,-0.013793323314045243
2024-10-07,0.0,-0.004858274539447072,-0.01324536792822149,0.0,-0.004201698609935066,-0.011312366040440778,0.005361957789997942,0.0031364175650816783,0.0066006885069518646,-0.021232342199546565,0.03186101964775154,-0.022472834779709076,0.038839817453207574,0.0051591530082391,0.03413296757924999
2024-10-08,-0.0019065287858494125,0.006472468431211934,0.0,0.0041465301929468614,-0.0010531889392025157,0.0034072935545810604,-0.0053619577899978715,-0.012605236113037028,0.002190620321779118,0.01420493753302875,0.0,0.0,0.0,-0.005159153008239218,-0.023770115622780506
2024-10-09,0.0019065287858492943,0.0,0.0047505486420214476,-0.004146530192946942,0.007349134993477889,-0.004545450039914766,0.0026845727146115037,-0.0010577067192272588,0.0,0.016783480677182053,0.01039873729213552,0.011299544599374666,0.0,-0.03509134090691923,-0.017331478441793436
2024-10-10,0.003802385486911234,0.003220591885062459,0.0,0.005524961944029718,0.00625644849661139,-0.0022806704498492688,0.0026773850753864497,0.015748471469958548,0.0,-0.0027777113370274845,0.003442438398371392,-0.022728229523506522,-0.019231354150369678,0.001784175228290959,0.010434856251878401
2024-10-11,0.0018957846507057924,0.004811607852086016,0.0,-0.0013784317510827353,-0.01044923084935491,0.005691722320250449,0.007989411714979211,0.008298680074533183,-0.05857541865596987,0.005547868131217048,0.027120216539538847,-0.011560811248108578,0.028710151006708623,0.003558828917099991,-0.02097983573060156
2024-10-14,-0.0018957846507057434,0.003194868174036354,0.0,0.0,-0.0031563526407343335,0.004529777106459276,0.0,-0.00829868007453325,0.01839129772598178,0.0013820664613995294,0.0,0.0,0.009389792262812904,-0.0017778313014777103,-0.010657273467357281
2024-10-15,0.011320778324052264,0.001593698926747881,0.00943402257437728,0.002754899072144064,0.0052548875491374575,0.0,0.0,0.0031202132598103015,0.020293835009147675,0.0027587637461003694,0.009983391266706417,0.022989496172240335,-0.018868589119151784,0.0035524207507666057,-0.010772165210734048
2024-10-16,-0.00564436924483944,0.0015909945627876011,-0.00470573996939392,-0.009675298078838407,-0.006309078796464178,0.006756822659913868,-0.0026560512468406473,-0.0031202132598103587,-0.004474130273814378,-0.0041408302075000404,-0.003316680823552447,-0.011428684924131786,-0.009569389394279646,-0.0053334183663887305,-0.01821528293302303
2024-10-17,0.007518833151191473,0.02975947749272974,-0.006625794796215113,0.0,0.004210543888060881,0.0,0.00265605124684067,0.0,0.017778219133382355,0.013736419853791789,0.013201549277580098,0.0,0.0,0.012400537312457976,0.03255244831371245
2024-10-18,-0.0018744639063519163,-0.009302408715253228,0.004736948783003784,-0.0013899267078882449,-0.0021031637015318143,-0.009019203881983549,0.002648949570808943,-0.0010421675436442768,0.006586197061272436,0.001363362132726589,-0.006579070666046942,0.0,0.0,-0.008841708395358175,0.007092273297401878
2024-10-21,0.0,-0.0015589183796444527,-0.00283943659177205,0.0013899267078882032,-0.00421942739836199,0.009019203881983386,0.0,-0.0010433610940500419,0.0,-0.0027284475083638625,0.022839478646980674,0.0,0.00956938939427977,0.01060077634775367,0.010544979478723196
2024-10-22,-0.003759403476772884,0.0,0.0037843543655281886,0.004157956836507676,0.010515373452637219,-0.006756822659913893,0.0,-0.01049328042551104,-0.004385937114874702,-0.012371334478154477,0.016000387833332026,-0.023256839595909927,0.009478796856338963,-0.007054827661970795,-0.003502739669654791
2024-10-23,0.0,0.012403336482092235,0.008462674467046183,-0.0027700268721824323,0.013506736219590781,-0.0022623812220696157,-0.005305000817649488,-0.013807848536728867,0.0,-0.0027701567941895073,0.0,0.0,0.0,0.0,0.003502739669654784
2024-10-24,-0.00377358994068713,-0.006182355845842552,-0.006575902979738385,0.02736144773099734,-0.01560098366393102,0.0,0.0,-0.016172975268003136,-0.006615356747297063,-0.004169606496990031,0.0,-0.035932045997938575,0.0,-0.030550480870870558,-0.007017616704412824
2024-10-25,-0.0037877849065922993,-0.006220980636249798,0.0,0.012072557317342754,-0.007364490718320957,-0.0022673958843896524,0.0,-0.023090713882841632,-0.024637399981161105,0.0013918951599624925,-0.009569478729489251,-0.012270080925744142,0.0,0.0,-0.0070671237934115
2024-10-28,-0.013371787784008615,-0.007830754989197107,-0.01711068510760217,-0.018843020943644297,0.0031627921083859398,-0.012564642398458503,0.005305000817649549,-0.033939927195554415,0.011274277648678126,-0.026781004707658658,-0.0032102849868418247,-0.050643760532955946,0.0,0.014493174999843327,0.007067123793411412
2024-10-29,0.005752603200518808,0.007830754989197065,0.0004894185626953899,-0.009556419115745202,-0.008456625073524052,0.0011488498003602435,0.007905201251689985,0.025001452673294358,0.0,0.004276595476045876,-0.006451654176357508,0.0,0.009389792262812904,-0.001800146087166509,0.0
2024-10-30,0.003816799096578393,0.0,0.0029309980855377433,-0.005502095946581282,0.00969311836496104,-0.008069216418344878,-0.01055415082249889,0.013378040887414807,-0.009009114235208546,-0.0014235966183060627,0.02871018903767698,0.0,0.0,-0.023702195121279926,0.013986243189736982
2024-11-01,-0.009569402297097363,-0.0031249805450881346,-0.014742161955912507,0.004129474334977421,-0.012945113720376534,0.008069216418344896,0.01839728496425027,0.004419831418243115,0.00900911423520858,-0.010021529360147278,0.0031397289545004848,0.01290339292688759,0.0,-0.009267911807248369,-0.0069686264853240296
2024-11-04,0.0038387766914718593,0.003124980545088207,0.007889589244222847,0.00684461007709114,-0.0032626053422159166,0.001147414954116463,0.03329375663023505,-0.02342546630719085,-0.009009114235208546,0.01286648353713621,0.00936039307199052,-0.012903392926887598,0.009302443613933417,0.018450628103584037,-0.007017616704412824
2024-11-05,0.009533011092536603,0.006220980636249768,0.009775103617499045,-0.0027323180098835676,0.0021761433021232476,0.002290887762214351,-0.005050466811788873,-0.0045249430775417265,0.0022599281009523238,0.0,0.015408669630130226,0.01290339292688759,0.0,-0.08385852986373289,0.010507956871496452
2024-11-06,0.005676409079212935,-0.0015516618918589348,0.0,-0.006863334651102427,0.021506265645817726,0.0011434788195940771,0.0,0.016863928853204337,0.01345289717629622,0.0210830516729298,0.05068148473106724,0.05001044853181248,0.07145882202755509,-0.005982055136547114,0.04096136197380951
2024-11-07,-0.0018886241726205762,0.007734017737701398,-0.0009730639793544565,-0.0013784317510827353,-0.00854717069572573,0.0,-0.015306463014770608,-0.004469328731467694,0.002224849069940765,-0.001391895159962469,-0.02950067635622806,0.0,-0.03509119772484076,-0.0181640194698949,0.06474753590600542
2024-11-08,-0.007590170393503594,-0.006182355845842552,0.0,-0.005532469042369177,-0.016225252713673703,0.006834011062173453,0.010230296213796598,0.004469328731467707,-0.0022248490699408483,0.0027817854642765445,-0.015083285754821004,0.0,-0.008968719277279191,0.0040649690128726,-0.018987874423550592
2024-11-11,-0.015355289503194229,-0.009345961181337943,-0.012739053578130493,-0.0013879299643251187,0.007604506402398157,0.0011343981695135033,0.0050761668009740015,-0.010084169312729464,-0.017977988690718087,-0.02105345847039602,-0.024616547244588893,-0.012270080925744142,-0.027398905025435166,-0.01842421809945898,-0.05247105494450931
2024-11-12,0.013448760717344941,-0.0015660769064210441,-0.001974484837582578,-0.0013899267078882449,-0.020777094293277468,-0.007968409231686999,0.0250013690111131,0.0022497437016527873,0.006779923854242816,0.0,0.033693717770933246,-0.012422508040835292,0.018349128553496796,-0.042200378898565025,0.010050315777332158
2024-11-13,-0.005741693196537868,0.010912038087759033,0.007874158811576864,-0.0027854588495087127,0.007705172998940209,0.009101406946563024,-0.012422615118993952,0.011173305683731384,0.006733921159468967,0.021053458470396035,0.006006115228476525,-0.025317859565233025,0.0,-0.019587080420273746,0.0
2024-11-14,-0.011583142839150651,-0.007782167405393097,-0.0009808981827569045,0.004175385557396885,-0.00219547387017561,0.0011320602535888524,-0.01005030070635952,-0.0022247187115216763,0.0,-0.006968779732998867,0.0029895474010874904,0.01273908961882172,0.0,-0.00220028677516598,-0.006689030391596881
2024-11-15,0.005808392821176719,0.007782167405393007,0.009765656561606788,0.004157956836507676,0.0010982842938313678,-0.0033994561379783973,-0.0076046199867335984,-0.0033463288665311615,0.0,-0.00701754230177211,0.011869536879563554,0.0,0.0,0.004395635586543605,-0.02721239563496327
2024-11-18,-0.0019323175028330515,0.0046403464586479435,0.007744572857050389,-0.0013840880227601686,0.007654618929741934,0.0033994561379783084,0.01515178362298068,0.0,0.0066889927469472804,0.011204536570494599,0.014641592075576877,0.012578769946411373,0.009049776471938354,-0.0021953488113775686,0.02721239563496322
2024-11-19,-0.00971830089711732,0.0015420093871946156,-0.006773202539497091,0.005524961944029718,0.0,-0.0022650579684648444,-0.012610479292277786,-0.0022371612260695087,-0.013422913906416159,0.004169606496990009,0.008683147240914516,0.0,0.02666818155961865,0.004385995715741482,-0.023770115622780506
2024-11-20,-0.011788060039144982,0.0015396352547093729,-0.001943685112912509,0.0,0.0010886089267039404,0.0,0.0,-0.001120403165626671,-0.00677992385424275,-0.008356600765712402,0.028410943598241124,-0.025317859565233025,0.017391735442501336,0.0,0.013652005239907996
2024-11-21,0.007874058047833749,-0.0015396352547093046,-0.0029225309058095337,-0.012474216315174046,-0.0065502713434742255,-0.0034072935545809402,-0.020513596050677055,-0.01695903150589984,-0.002270072566231445,-0.03559086214600021,-0.008438823794929301,0.02531785956523302,-0.00865800689540754,0.055333249898233676,-0.017094285252090877
2024-11-22,0.0,0.0015396352547093729,-0.0009760121935460919,0.0027854588495087335,0.007637805718893566,0.0011369780033940752,-0.013037965439249352,0.009080517487759992,-0.004555780823397333,0.014388746867026436,-0.011363791129381833,0.012422508040835311,-0.008733728547093875,0.018462012793098562,-0.013889198429610663
2024-11-25,0.00975622757008495,0.016781599459856102,0.019342871563319885,-0.026780977307712225,0.00542010998029722,0.0112995837910689,-0.005263184502409982,0.008998917183766492,0.015855421330878163,0.0028529988577399535,-0.002861240517128044,-0.012422508040835292,-0.0088105727816626,-0.024692545444467664,0.02418086282940416
2024-11-26,-0.007797311649203051,0.009036061683031645,-0.00383868046482111,0.029558833979925644,0.0021598015675187657,0.0,0.00263512029149219,-0.012394600121736633,-0.004504476426827488,0.0,0.01865173105788259,-0.01257876994641129,0.02620230822416394,0.010362691380193148,0.006802620852297452
2024-11-27,-0.003921471783176619,0.016357283631818972,0.0,0.00553246904236913,0.0010781540202007426,0.0,0.013072051837627961,0.0033956829379700386,0.0022548323398207328,-0.004282701023264602,-0.0056497491589982485,0.025001277987246547,0.0,-0.025053435029226006,0.006756824997137041
2024-11-28,0.0019625558622948292,-0.016357283631819028,-0.011605647999143182,-0.0027624421701867674,-0.008658065568016609,0.0,-0.002600853484958844,-0.0033956829379700863,-0.00677992385424275,0.0,-0.011396098340660566,-0.025001277987246565,0.008583791501463366,-0.010627098322689196,-0.041243048348493336
2024-11-29,0.0,0.013403014375679513,0.0058197581871202875,0.004140873921269578,0.003255633571416522,0.002244721041508874,-0.010471198352669207,0.004524943077541842,0.013513845013711657,-0.023155826465358093,0.00855924342474386,0.012578769946411373,0.0,-0.0042826851310107635,-0.03208834202989832
2024-12-02,-0.011834460082019155,-0.03003231434962158,-0.00581975818712037,-0.008298830757777037,0.0010827150673996702,0.0,0.015666029650167,-0.011350865442069221,0.0,-0.013264795525669119,-0.011428729422206381,-0.01257876994641129,-0.01724179839687098,0.029600527102732848,0.0036166635427383863
2024-12-03,0.00987190421972436,-0.00611610260140346,-0.0038985430993555724,0.002773868813747429,-0.006514491940939638,0.001120303156754254,0.0051680484870037045,0.011350865442069246,0.008908788965275624,-0.007446018623971193,0.025533273609722094,0.03727135891299075,0.017241798396871025,0.00415803257190666,0.031974418156814614
2024-12-04,0.0,0.007639482789083586,0.006812754068824911,0.011019432939277277,0.00651449194093964,0.0,0.017880410033944756,-0.018223701434914124,0.004424751035614584,0.019245648434921932,0.033060892945664985,0.012121349147384488,0.041847140241337316,0.020534512872561063,0.030983483681701646
2024-12-05,0.003921471783176588,0.0015208213785124001,-0.0009705258565567158,0.004101181665738492,0.0010817613414808671,0.0,0.0025284531857595917,0.0,0.008791308828731076,-0.0029368616344145238,0.0027064026882012582,-0.036813938113964,0.024292728814824232,-0.0184620127930986,-0.0033955259809944362
2024-12-06,-0.0058881948660523585,-0.010695212896933858,0.002908462390138801,-0.0013652590668695398,-0.0032484740115164036,0.0,-0.017834916200530126,-0.008078429958223327,0.0021857198478233693,-0.005899651340462811,0.018742138429947885,0.012422508040835311,0.054488202762271384,0.010298757599250126,0.003395525980994483
2024-12-09,-0.005922864598115262,0.00917439151842133,-0.0029084623901388376,0.013568775819444497,-0.012002398200646103,-0.008998913501199458,0.005128293985272276,0.0023146048017012627,-0.008771916909095633,0.02194665102295318,-0.0053191119180895086,0.04820212692368266,0.007547156354738745,-0.014448163687022422,0.006756824997137041
2024-12-10,0.0,0.0030394942275943655,0.006773202539496968,0.002691800838020574,0.00983076223186513,-0.017094419504917642,-0.002560827707172235,0.014917188211299762,-0.004415096800899466,-0.010181876319351161,0.039220730741708475,0.023256839595910014,0.02963178309795711,0.05658075743939327,0.006711393462054436
2024-12-11,0.001978085495452158,0.0,-0.011639418558219143,-0.03836086494771335,-0.0032661577635817894,-0.009335036062189104,-0.010309461784277713,-0.006857009574747427,0.019715877214448525,0.005830924176060592,0.0025607969241906265,-0.011560811248108578,-0.014706140242958217,-0.021847912108735205,-0.0033613630899588564
2024-12-12,0.00197448902408583,-0.004562874415274525,-0.004889912677681158,0.001395678380957816,-0.006564604468283423,0.0023422353456797923,0.0,0.0,-0.008714583352276652,-0.014641559741631236,-0.033813367349357006,0.0,-0.02247279920973758,0.0,0.010050299170286946
2024-12-13,0.0,-0.0015253807383061523,0.0019589145921433972,0.0,0.007654618929741934,0.01278334063649329,0.0,0.02267660183345193,0.0,0.011730273952980317,0.026111156030277156,0.0,0.06595789031749746,-0.0020101110410660483,0.055119312760310374
2024-12-16,-0.0019744890240858126,-0.0015279542092295026,0.0,-0.0027933074028433044,-0.006557429353397719,0.0034580428892988504,0.0,-0.0011216598770352013,-0.006586197061272367,0.0,-0.015584776635889816,0.0,-0.04348509110775978,0.0020101110410660644,-0.022329420712544814
2024-12-17,0.00197448902408583,-0.012307841401907387,-0.0157794240422691,-0.0070175966358102275,-0.01658425773483013,0.004592469405149954,0.0,-0.01355955826253548,-0.004415096800899466,0.005814047362440458,0.0026143562945858782,-0.035506725198355196,-0.030077532016350602,-0.040989365915621315,0.006430840152569715
2024-12-18,-0.0019744890240858126,0.0030911705385932462,0.0009934669158794404,0.004216464805587257,0.006666610219956862,-0.0034422866072099383,0.0,0.002272752316870447,-0.006659411290443025,0.020086699901755236,0.05090165958550068,0.011976179932825813,0.052056384555511426,0.006256520584963263,-0.012903384222213658
2024-12-19,-0.005946344876407235,-0.012422513864040982,-0.0039802069841732,0.0,-0.0033277496587879635,0.005730693859698516,-0.015666029650167092,-0.0011357883464036215,0.0,-0.00999291635961446,0.004950519419120132,-0.011976179932825855,0.01438873123250092,-0.023134650740193958,0.003241508754022653
2024-12-20,-0.009990145963151106,-0.015748328048277666,-0.002995383732313854,-0.014124507913800603,-0.005570977057280867,0.004560934986149471,-0.010582137858421718,-0.001136963970466914,-0.006703711042039865,0.0,-0.008024012992579667,0.011976179932825813,-0.058840382981399326,-0.010695190583514773,-0.019608480115758112
2024-12-23,0.01197608880537281,0.009478759828223814,0.016857047491237013,0.0,0.004459261742521003,-0.002277752587096502,0.01058213785842175,-0.0034189011810666675,0.013363122332482824,0.004294963324885806,-0.028536341764863138,0.0,0.007547156354738745,0.010695190583514773,0.0065790011067088745
2024-12-24,0.0,0.00938967336884157,-0.006906663518735004,0.007087225849282162,0.0011117153147600254,0.0011394675571779849,0.010471198352669303,-0.008022993229692195,0.006615356747297041,0.005697953034728772,0.010471290063899701,-0.011976179932825855,-0.007547156354738608,0.004246314266963611,0.0
2024-12-26,0.003960402034185309,0.0015564095056893993,0.004938108344854709,0.016807106854981477,0.00221995257108774,0.00227550434290441,0.0051948312974979625,0.005737369995024088,-0.002200259946397653,0.00707728233277542,0.010362838882370154,-0.012121349147384575,0.0,0.03538344472848957,0.00978797025502672
2024-12-27,-0.0019780854954521195,0.004654828670970674,0.002951480899368095,0.004157956836507676,0.004424620465010676,0.0,0.0,0.01701686693612857,0.006586197061272436,0.038732251556101084,0.02040885176919942,0.012121349147384488,0.03717893945269578,0.024243744658044658,0.0064725440696441
2024-12-30,0.013766145534596985,0.0,0.0029425969983008058,0.0,0.009884858876387435,0.004534964918698643,0.0,0.005608541966083069,-0.006586197061272367,0.006761389876493755,-0.0025284439146058255,-0.012121349147384575,0.0,0.017804576363929386,-0.012987255041323057
2024-12-31,0.0,0.0030911705385932462,0.006832506619198295,0.009635344916517052,0.010869647896993791,0.0,0.0051680484870037045,0.0022345477888849334,0.004395576739493091,0.006715912703564058,0.0,0.0,-0.022141070240301524,0.013632175519052922,0.0
2025-01-02,-0.005876557853606092,-0.004640346458647935,-0.006832506619198279,0.0,-0.019651376153171758,0.01459889337569112,-0.0025807177677488516,-0.0067189078497732965,-0.0043955767394931455,-0.012121334961278889,0.005050510920848728,0.024097529080210435,0.007434929997343368,-0.061834245348758074,-0.0032732592833476857
2025-01-03,-0.003937013161453207,-0.003105652750916015,0.003909975713388817,-0.002743428411352772,0.003302219647177911,-0.014598893375691221,-0.005181308531793844,-0.00563382030415745,-0.008849659021401664,-0.010899297960990935,-0.025511624435312606,0.011834516917728159,-0.014925642854999014,0.026397466402137856,-0.02321831380342293
2025-01-06,-0.003952574519537876,-0.001556409505689267,-0.005870810860437964,-0.0013745752628334233,-0.005509699128764564,0.005640191938614758,0.0025939778125389735,0.0,0.0022197962183284044,-0.001370768428373872,0.02046111351446394,0.0,0.02230579073041901,-0.020243717594406716,-0.010118092704142125
2025-01-07,0.005922864598115355,0.0015564095056893993,0.0019608351470492796,-0.009675298078838407,0.0011043488613772677,-0.0011254736726067096,0.0,-0.005665740150964082,0.0,-0.01799361228703014,-0.017880407854593636,-0.023810696850553942,-0.02985294708515764,0.00408176062396289,0.013468194873753156
2025-01-08,-0.009891123979070401,0.0,-0.0019608351470491777,0.0,0.0,0.003372740899090652,0.0,-0.0056980237598134005,-0.013393066037737872,0.0,-0.06385147266178642,-0.012121349147384575,-0.06252041864837714,-0.028927693745633275,-0.030562706380518175
2025-01-09,0.0019859428422216714,-0.012519802971529484,-0.006893260628819906,-0.02247286353640625,-0.0022099186576245936,-0.007887459165098637,-0.0025939778125389974,-0.013809107342788373,-0.0022496440870068274,-0.01406486789521779,-0.030685847628152577,-0.012270080925744142,-0.03278980667209828,-0.008421045346218563,-0.017391736720055534
2025-01-10,0.001982316538733338,0.007843288317052374,0.004928573052080362,0.0028368219719791758,0.0022099186576246916,-0.002265082711720748,-0.005208424158713435,0.008078429958223344,0.0,-0.001417471429195254,0.02240988044513636,0.012270080925744102,0.024692649225322078,0.004219438415300952,-0.01058207051123451
2025-01-13,-0.001982316538733373,-0.018927958191476323,-0.011869479288392989,0.005649751968376606,-0.0033168233773105127,-0.004545386549882231,-0.01314076471968687,-0.0034542129959155535,0.0022496440870066743,-0.0142859670439839,-0.0027739243143501727,-0.024692588966579474,-0.01639380089447649,-0.00421943841530087,-0.014285844805826182
2025-01-14,0.011834460082019061,-0.0015936989267479286,-0.010000136986453394,-0.0028208172589309468,-0.008898726716068863,0.0011382850299183325,-0.007968125464197411,-0.0198026601854458,-0.011299640507480928,-0.0057720257951180175,0.0,-0.01257876994641129,-0.0082988483308456,-0.006362780527564178,-0.021819145632449067
2025-01-15,-0.005899569023748011,0.01582308667308973,0.005012568783609257,0.0028208172589310495,0.0033463091411819828,-0.002277752587096502,0.0,-0.017804572261078712,0.0,-0.02342714936096005,-0.025317784210357158,-0.025642482545709326,-0.042559644894828254,-0.010695190583514773,-0.03364800158147077
2025-01-16,0.0,-0.003144717871917928,0.003992123303537887,0.001407464590291111,0.0,-0.005717702431600466,-0.002670235821590598,0.0,-0.0022753545204237512,-0.02855188401357192,0.008510681608948401,0.01290339292688759,0.034191449920189895,-0.0043102692095319285,0.040973984528294774
2025-01-17,0.0,0.0,0.0009954448993061266,0.005610132045519195,0.007764892090820054,-0.01502048299894609,-0.008053689847192605,0.005970048290182407,0.011325350940897986,0.03593203369204154,0.002820873685589742,0.01273908961882172,0.008368194974638579,0.012875573944544142,-0.003656328085275155
2025-01-20,0.013712211827102545,0.0015737200969985713,0.0,-0.001399585122990789,0.0,0.009270132285970555,0.010723925668783081,0.013010315590072697,-0.02971664866687968,0.013148444912073244,-0.0028208736855897007,0.012578769946411373,0.008298848330845538,0.010604559413153199,-0.02597542195834281
2025-01-21,0.0,0.0015709977749195053,0.003972200958511725,0.0027972141448762175,0.0,-0.016279624783587222,-0.008032193611588469,0.014002651603961544,0.013825115354393888,-0.007283321548934196,0.002820873685589742,0.012422508040835311,0.008230445412534395,-0.010604559413153247,0.029631750043617906
2025-01-22,0.007751977587907157,0.0,0.0,0.002789343747710827,0.0,0.0011716268362766831,0.008032193611588575,-0.027012967194034204,0.006841536892011688,0.01451405246387914,-0.01704585110836476,0.012270080925744102,-0.00823044541253434,0.010604559413153199,-0.02587938334166716
2025-01-23,0.0,0.0,0.0,-0.0013936653667529276,0.002207479481586703,0.0,0.0,0.008298951605827809,-0.013730084687074252,-0.005780366714028979,0.0,-0.024692588966579474,0.0,-0.019169864148165506,-0.01890414685195397
2025-01-24,0.003853569703263945,0.0015686997627684857,0.0,0.0027854588495087335,0.0011019150638384787,0.018562174833135246,0.0,-0.021480584985699946,-0.0023068470952286395,-0.0029027615737895274,-0.03202599559374042,0.0,0.0,0.002148187657379039,-0.02708108313122946
2025-01-27,-0.0038535697032638858,0.0,0.008880204055369226,0.005547883544395814,0.0,-0.011560861370552355,0.0,0.021480584985700046,0.011481150958905529,-0.02353058833601098,0.0029542089843561685,0.0,-0.025106059993914978,-0.004301105439599399,0.007812479661622571
2025-01-28,-0.0116506183999503,0.0,-0.008880204055369179,-0.011126649796747835,-0.0033093945454251,-0.004661934984759777,-0.0053476208969770005,-0.019070919691127335,-0.0022857560686144014,0.011834540796811177,-0.01485917104674495,-0.01257876994641129,0.0168072116630694,0.006444793077668098,-0.023623061315891168
2025-01-31,0.009718300897117272,0.007806385336843034,0.0009906148111462605,0.001397629021885437,0.0,0.004661934984759663,-0.002684572714611516,0.004801919795116914,-0.013825115354393815,0.0,-0.009022609188974089,0.0,0.0,-0.004291875295447559,0.00793648837809455
2025-02-03,-0.003876075318343664,-0.001556409505689267,0.003952575304237051,0.001395678380957816,0.002207479481586703,0.0,0.0,-0.015691373713293086,0.002317539518605345,-0.0014716343895853367,0.058667862658929856,0.0,0.040822022558204156,-0.052992603172098696,-0.024000965472492995
2025-02-04,0.007736983672993748,0.003110400364746299,0.003937013939985864,0.004175385557396885,-0.005527751085219996,0.0,0.0,0.0,0.018349112727800192,-0.002949931148348579,-0.0028530662653855803,-0.01273908961882177,-0.016129373332881957,-0.013698807620161369,-0.008130061842926735
2025-02-05,-0.003860908354649962,0.001551661891859058,-0.00098292572548792,0.0055401318071407295,0.003320271603633213,0.009259402992582356,0.021277456116558163,0.014493099553117074,0.009049996420474157,0.005891037401800139,0.0056980156960335475,0.01273908961882172,-0.01639380089447649,-0.004608328290541117,0.008130061842926788
2025-02-06,0.00770706752080696,0.003095955605788177,0.0029455857594963076,0.0013802671995536413,0.0,0.02502955883192376,-0.010582137858421718,-0.00963873113767393,0.0022496440870066743,0.007315289886682588,-0.0028449494306480943,0.0,0.008230445412534395,0.016037030506784667,-0.01632686564713281
2025-02-07,0.0,0.0015443908528597837,0.0009799369642923077,0.0,0.0011043488613772677,-0.01814089810179781,0.0,0.01680705358803261,0.0,0.0014567023420692232,0.014144494030022641,0.012578769946411373,0.0,-0.009132533566469998,0.11274055477382643
2025-02-10,0.003831422885808768,0.0,-0.0009799369642924016,-0.001380267199553674,-0.0033168233773105127,-0.009195428039394713,-0.0026631246465479257,-0.009569370579915934,0.0,0.007251704951489705,-0.011299544599374644,0.012422508040835311,0.0,-0.006904496940314658,-0.04128166106603288
2025-02-12,0.013295593662702535,0.015314207377042229,0.011696043225141001,0.005509741534531232,0.007722173644697546,0.025086757030779512,0.010610142213477352,-0.009661952504976928,0.011173269819409436,0.0071994236110223065,0.01969119440051583,-0.16034265647396043,0.0,-0.04487182843830586,0.0038241138192358234
2025-02-13,-0.00757579455683332,-0.0060975365137280685,-0.010716106260848738,-0.009661943377346728,0.0,0.00896863257902189,0.00263512029149219,0.0012129311043401383,-0.011173269819409457,-0.0043134168281118036,-0.03111987932464764,-0.04445171937906307,-0.00823044541253434,-0.009708689278102107,0.015151780150003218
2025-02-14,0.0037951701283262494,0.0015279542092294948,0.0009789776278509613,0.00828736811451339,-0.0033022196471778195,-0.01009537436998416,-0.005277137040772214,-0.0024272733265978683,0.008948420749468524,0.0014398496505900183,-0.011560811248108578,0.015037862537514834,-0.016667043305484082,-0.02219567121812851,-0.0075471463981388424
2025-02-17,0.0,0.003048760925986293,-0.0019589145921433617,-0.0027548990721440463,-0.0022074794815867445,-0.017055615725427364,-0.010638361285788081,-0.01008831897125263,-0.0044641436770063705,0.0014377794639740841,-0.011696028347801235,-0.015037862537514927,-0.025533443024782318,0.0,-0.007604633751864274
2025-02-18,-0.0018957846507057434,0.0015208213785124001,0.0078124435834906695,0.004129474334977421,0.009895727374335708,0.0011461127800588907,0.002670235821590544,0.00883285408489749,0.0066889927469472804,0.0014357877135474184,-0.26442527852992914,0.015037862537514834,-0.14841993882164076,-0.027814776903570506,-0.0038241138192358836
2025-02-19,-0.0038023854869112523,0.01956422629417962,-0.0029225309058095337,-0.009661943377346728,0.0010934803634291086,0.004571589651541569,0.0,0.0,0.008849659021401623,-0.0057554884558530285,-0.0673521183853128,-0.015037862537514927,-0.0304591926192271,-0.002567283723762183,0.0038241138192358234
2025-02-20,-0.005730625605625396,-0.007479492642654947,-0.0009760121935460919,0.0,0.0,-0.002283182399052905,0.0,-0.002515730370783667,-0.011074508091342486,-0.0043382950862877225,0.020284651550515558,0.015037862537514834,-0.015584754689912671,-0.0500764141490482,0.011385373580564236
2025-02-21,0.005730625605625438,0.001500364756224866,0.0009760121935461667,0.006910900793451834,-0.005479508609000212,0.0,0.007968125464197477,0.0,0.002224849069940765,0.01295904470150186,-0.004024146438820858,-0.04580958329243974,0.00522191023128128,0.11236283527261162,-0.12014435756722192
2025-02-24,-0.0019065287858494125,0.0,0.011639418558219053,-0.0013784317510827353,-0.0010994918485814874,-0.003434520032547486,0.015748335393441414,-0.005050465001862332,-0.006688992746947192,-0.024620992180076545,-0.04115803210001123,-0.048009173383611034,0.0,-0.10161011635393244,-0.04793946370027987
2025-02-25,-0.0019102703107290884,-0.019682634921477565,-0.001930551950919561,0.008241766402185317,-0.006622681796116209,0.0034345200325475176,-0.00522189348958244,-0.011457853085203525,-0.002239567365033525,-0.01775195740070036,-0.0298530360048611,-0.03333648816952178,-0.03713949789657531,-0.010752718918679155,-0.041007983110013385
2025-02-26,0.02268528618643765,0.015174770435271495,0.0257524803542703,-0.0013688636558549616,0.018651220170394237,0.011363796302564413,0.01041672478708032,0.01650831808706597,0.01997847907978007,0.013343461376700476,0.01716778781124057,-0.07020419254790997,0.010752786566145756,0.026668196608647488,0.004640285715727029
2025-02-27,-0.003745323278895649,0.017910878861885506,0.002820853519088989,0.0013688636558550342,-0.009830762231865202,-0.010221610874500842,-0.026248167508588764,-0.012674407309586752,-0.01327476803774011,-0.001473877812846198,0.0,-0.07550759288205781,-0.005361908248548081,-0.005277021324598023,0.013793384946056239
2025-02-28,0.005612786381415199,0.02194674795163968,0.004683874629274106,0.018970758361574237,0.005473510285219283,-0.0011421854280635212,0.03399016301476655,0.01644560256672546,0.008869396323883904,0.002945512202431456,-0.04348507135785223,0.0,-0.02724972775264414,-0.016000363273817344,-0.0563530193013816
2025-03-03,-0.0037383224750632345,0.0,-0.009389600227258191,-0.00403492359911574,0.002181108644522481,-0.0022884072524885974,-0.03133411176792588,-0.011356521565445912,0.0066006885069518646,0.007326008092504747,0.008849606874565697,0.0,0.0,0.021277384598415446,0.00961544353241675
2025-03-04,-0.007518833151191359,-0.007262067345141782,-0.00947879397707036,-0.00947871020851012,-0.004366874978002179,0.0011449157449460433,0.01839728496425027,-0.010204193279743664,-0.006600688506951769,-0.007326008092504636,-0.045052620380026706,0.0,-0.04520534735503681,-0.040273855912393956,-0.04401678382489684
2025-03-05,-0.0018886241726205762,0.011594249951732508,0.014184519575054495,0.002717336081897428,-0.004386028245571118,-0.005737385150095877,-0.013106318644161459,0.0,0.0218348693409733,0.016046999682490445,0.0,0.019418067876816054,0.028491907407713176,0.03234781199184422,0.004987563993193493
2025-03-06,-0.001892000255886597,-0.004332182606590805,-0.018957920566328383,-0.0013577119757045082,-0.006615268925011846,0.008023062085702127,0.010498747970406905,-0.020726178179777125,-0.008676775870767373,0.002890104516786711,0.027274391314292625,0.019048177668909923,0.01671343994732343,-0.002655993476898683,0.029413776299286473
2025-03-07,0.007547205635382904,-0.004350878025566214,-0.006721078742383385,-0.013680083311243697,-0.005546369693233767,-0.024577171848804164,-0.026456511080861337,-0.010526372348685248,-0.008752721756349726,-0.008695640106658954,-0.022676686601593315,0.01869222673014823,-0.005540144599750792,-0.010695347200966975,-0.024451087277639182
2025-03-10,-0.005655205379496405,0.005797076270776403,-0.013579213365493099,0.005494470995247568,-0.023636492780331295,-0.011918915934976236,-0.005376304771806147,0.003960442723665987,0.0,-0.014663029630551959,-0.0762274054527736,-0.03774040439905813,-0.057158386351762465,-0.0027136391956900873,-0.025063896795221384
2025-03-11,-0.001892000255886597,-0.008708265590351842,-0.002933963519842662,-0.0082531699458839,0.005678652076682121,-0.0036034940507270676,0.01086965920061351,-0.015936694281419053,-0.006615356747297063,-0.010393530228351983,-0.030153009265626557,0.03774040439905826,-0.011834523282060926,-0.016438787930945487,-0.010204153093129107
2025-03-12,-0.005876715618379408,-0.008784922043740949,-0.004977567042132492,-0.01952642140319105,-0.020833975492219523,0.017889474937204823,-0.00814118123787738,-0.016194657090231688,-0.018307110179126587,-0.030305370378956264,0.020202687854778384,-0.05715847227587421,0.0,0.010989184965590815,-0.02624827571884936
2025-03-13,0.011718900706437305,0.004402030245684164,0.012890496251185301,0.001407464590291111,0.009313236015560401,-0.019093790163602076,0.0,0.017532486026711182,0.03405546359624355,0.030305370378956288,0.01980260859668314,0.0,0.0,0.021622392017288758,0.03655762681904457
2025-03-14,0.0019398022002419515,0.002923958073071342,0.0,-0.0014074645902910894,0.002314675701721358,0.003608007357172036,0.005434789649011615,0.007989408394215618,0.0,0.0,0.03846624554572604,0.0,0.02353055729191102,-0.008053732707818477,0.015267414052323763
2025-03-17,0.009643258022694827,0.021661573051321395,0.004913971888755905,-0.001409379667841301,0.016055444850758143,0.0047904760239767235,0.0027063915888657646,0.015789773216536653,0.013303994206615872,0.011869583563854449,-0.009478735386040972,0.03846624554572604,0.005797149586626456,0.013387077302272768,0.01503788198296514
2025-03-19,-0.005774808114686776,-0.0014296584530570854,0.002936931721164709,0.0014093796678413143,-0.006849381075820384,0.010695306782453146,0.010752779018822428,-0.006548794706688308,0.0,0.0,0.023530587180201804,-0.019048177668910055,0.05071509983014427,-0.008010721669163275,-0.004987502189772455
2025-03-20,-0.017527152814687367,-0.01006471528292694,-0.0029369317211648057,-0.047593648502923934,-0.005743778900320584,0.0011812588440391436,-0.010752779018822479,0.0,-0.013303994206615781,-0.004434637476038065,0.0,0.0,-0.022223192422431044,-0.010781772781534794,-0.010050379793192685
2025-03-21,0.0,0.017910938803250252,0.003913962791332005,0.01902031779998193,0.01486597636722388,0.01755460592658877,-0.002706391588865876,0.02594178774665705,0.0022296229409972676,0.004434637476038005,-0.02830386158711171,0.0,-0.016997602599902878,-0.008163242161044918,0.01503788198296514
2025-03-24,-0.0019667045250327795,-0.007423963065168757,-0.01773439717670974,0.0072202022856283745,-0.01601881629919003,-0.010495857382481173,0.00540541229828535,-0.020699299754012388,-0.00222962294099725,0.0,-0.0796440491698573,0.0,-0.040822011686347706,-0.016529363851113678,-0.004987502189772455
2025-03-25,0.005888250760088051,0.008902179715134786,0.0029776434321559316,-0.007220202285628339,0.0034543119227712195,0.0011716871825188935,-0.013568679910033016,0.01941809825302748,-0.008968651843755398,0.002945512202431456,0.01030942128929636,0.019048177668909923,0.0,0.013793318437723147,0.029558750490886472
2025-03-26,-0.003921546235055251,0.004421509460154678,0.0009905807624422355,-0.004357391029813195,0.005730612715246517,-0.0035189548377809843,0.01086965920061351,0.026567056271406875,0.006734046573514842,-0.0014716343895853367,-0.02072617244601174,-0.038466245545726065,-0.011976185876205827,0.0,-0.009756218100073653
2025-03-27,0.017527152814687228,0.013148426275761748,0.010832211330709048,0.013843536016368028,-0.0068806866141297145,0.011682318404437576,0.0026990207094194875,0.013639332441310159,0.004464228211237825,0.01785756669345416,0.025841268122335892,0.0,0.011976185876205827,0.027028665294262837,0.019418053513498335
2025-03-28,-0.023438608477459624,-0.007283377240263886,-0.013806902237738249,0.0014461537683033625,0.0011500738988830745,-0.019942123088823916,-0.01630469001298432,-0.04148929709735037,-0.01571288925885357,-0.013363282552567232,-0.036367671202459595,-0.040005296451461676,-0.03636755410187411,-0.035281804846463004,-0.024332090212159693
2025-04-02,0.019570158569451393,0.008733723287604321,0.011846036591260692,-0.004344680450743694,0.0011487527481858007,0.0,0.016304690012984287,0.021588158343467764,-0.006810597357157907,0.028004827658252022,-0.01600032608667548,-0.02061932901721874,-0.006192004340534209,-0.01390842628959646,0.0
2025-04-03,-0.0058309289088994505,0.0,-0.006893123058938782,-0.020528536420093918,-0.015037828972108902,-0.005941523008194819,0.0,-0.020305249958834492,0.0022753947801458026,-0.013167691384827183,0.08252100655476155,0.040822016871997165,0.04849439807609318,-0.025533364723117926,-0.014888495692151196
2025-04-04,-0.0019512559477488948,-0.01607046265108394,-0.017946685074767696,0.0059084544953688966,-0.012903380774365744,-0.0035822177986913973,-0.002699020709419498,-0.005141347686728316,-0.006841661084269714,-0.007391087577649864,-0.04040949940047514,-0.06187540625445534,-0.02395330092067089,-0.059188858630865274,-0.06187542066456086
2025-04-07,-0.023716562969896444,-0.04518848206227229,-0.02857332586224363,-0.011851954438255414,-0.031177602773197616,-0.024214137619733147,-0.0246251194473562,-0.05020874328461741,-0.03730016938389256,-0.027069284082194705,-0.047502350592594125,-0.06595797067403365,-0.06899287668879754,-0.08923103209455366,-0.1994893697275693
2025-04-08,-0.01207249768924579,-0.0015419626678989202,0.003100647446563762,0.0029761656138904075,0.004860284289822736,-0.036186185853191444,-0.042439170123033366,0.002706367737689313,0.0023723269109078523,0.007593048507438095,0.06791120236179353,0.0,0.06291379686385255,-0.020202783275739846,0.006472463684216652
2025-04-09,-0.03922070086724901,-0.03934414468469379,-0.04647067855915373,-0.0029761656138903654,-0.030771690655446472,-0.024438599450753204,0.0,-0.016349107612367825,-0.03129006508455464,-0.03072437310571571,-0.005063297066661577,0.0,0.0,-0.0487901517849392,-0.06669125727843382
2025-04-10,0.050292781050532025,0.036252910564675306,0.04025963606591822,0.013323647225980869,0.03681399930764915,0.04580955243111843,0.03688360652176655,0.03110457353320854,0.03837405353051539,0.036757631636073436,0.15487554493019717,0.04445178612998184,0.10414034782061239,0.04196418841104509,0.17076069852627665
2025-04-11,-0.0171634785430698,0.0030912341200185467,0.0,0.0,0.0,0.006199801734738793,-0.011204586315150242,0.005312109486401189,-0.0023557973978916256,-0.006033258530357804,0.004338397559886872,0.042559573926509976,-0.005509752475107529,0.056587460909178204,-0.035506771715498306
2025-04-14,0.007103050765131241,0.016832830647211132,0.005178733099674912,-0.002945483411369613,0.015541207086655849,0.002468977720428989,0.035965208377154466,0.007915561580742537,0.016374631306932546,0.012030186878981702,-0.03974029099126166,0.08004269334549637,-0.028012989831373715,0.028710175544729884,0.06979585399930689
2025-04-15,0.005042865361500266,0.007558639497571048,0.012320375775463252,0.0044149425793431896,0.014134591160101198,0.006146453417658414,-0.008185608316946098,0.009156364148894118,0.0,0.0044742496385648195,-0.027398947339176118,0.0,-0.01719235752366302,-0.009478741046654651,-0.011299534914703936
2025-04-16,-0.010111290161301165,-0.012121368938871948,-0.005115055736437834,0.0014673738442407347,-0.028471657510923745,0.004889912295120905,-0.016575013745058178,0.009073348896857097,-0.002322847616954089,0.0,0.0,0.0,-0.011628031902297055,-0.025724962273339605,-0.01719247539488911
2025-04-17,0.0030440955120202198,0.0,0.0,0.0043891759732200605,0.0024037614101179833,0.00243601856476366,0.0,0.006430873199920868,0.0069525341178318534,0.002971799057210053,0.01834912060618362,0.19189103692104356,0.01739169909566604,0.03205401880739054,-0.005797071974215543
2025-04-18,0.01508331493437627,0.006079050305120152,0.017285586016370726,0.005822380151565142,0.008368159222994841,0.027596356651332327,0.019311023848009402,0.005115112278464057,0.013761599921229328,0.0014825942305419816,0.013544211986473934,0.015748342185240974,0.005730637614441178,0.0031496845126037167,0.011560872352279357
2025-04-21,-0.004000078569857511,-0.00455580035037184,0.007031610009801426,0.0,0.011834564792527591,0.0,-0.0027360101029512414,0.0025477778403260464,0.0022753947801458026,-0.001482594230541989,-0.004494385253481444,0.07522344013398782,-0.0172914543944367,-0.01265839298239025,-0.017391818076843684
2025-04-22,-0.0030104928033634756,-0.010711643328600893,-0.022267930818817974,-0.007283322850880126,-0.009456231960331164,-0.014303126939525877,-0.0027434490360872645,-0.008945798503423525,-0.006841661084269714,-0.005952382065294383,-0.03203932227516341,0.028573345677324,-0.011696034009850014,-0.019293275721361046,0.0
2025-04-23,0.0,0.0,0.006122312272827367,0.002919754158300594,0.004739176040206603,0.0,0.0027434490360872224,0.001282908384633512,0.006841661084269781,0.0074349762958362915,0.00925931621435227,0.013986311933242724,0.011696034009850148,0.06899285572486925,0.062343125455671
2025-04-24,0.0,0.0061349148712210085,0.010121657021868876,0.002911183805358858,0.012918536243806978,0.008368185113507233,0.0,-0.011605540708545841,-0.006841661084269714,0.007380178019642756,-0.0186051692614049,0.0,-0.0058308823156706345,0.015037946529496348,-0.011049816736419927
2025-04-25,-0.008072743561155315,-0.003062752795428711,0.003016566889427158,-0.0014545676807187762,0.0034945485663903132,0.005934941826018681,0.008185608316946164,-0.002597409962705515,-0.0022906887354971345,-0.0029455383933926615,0.009345853047052682,0.027398947339175996,0.01739169909566604,0.032308234018279126,0.07490130676949759
2025-04-28,0.012084757065718987,0.01823760023693229,0.004007986112939792,0.002906952567939357,0.0,0.019918520637532175,-0.008185608316946098,-0.010457635574420716,0.02043185388674979,0.00294553839339252,0.027524646294219593,0.0,0.02272824021434425,0.014347444410709745,-0.01036276861303234
2025-04-29,-0.004012013504563774,-0.010598118984123698,-0.005012497673468367,-0.0029069525679393856,-0.010520262574739033,-0.024663652870469233,-0.005494512840655611,-0.014560152195298035,-0.004504446537102668,0.002936815004021345,0.013483337333688235,-0.08455739039708711,0.005602219343742318,-0.011461440330277177,0.010362768613032335
2025-04-30,0.004012013504563676,0.012102953841917424,0.004011906195222874,0.007251633018683166,0.009356807953497888,0.039632331481510776,0.008230522943606804,-0.016129352530375504,0.00898880609474769,0.016000279059802124,-0.004474276099262872,0.014598785447344208,-0.016901769227792605,0.056037052859154377,-0.01036276861303234
2025-05-02,0.0,-0.0015048348577936866,0.00598818862117541,0.01861192094975543,0.002325557188727537,-0.001143550426556486,0.016260501422476065,-0.00271371204491183,-0.008988806094747726,0.0,0.017778229065734227,0.014388723877542623,0.033522742306481154,-0.07055109165260423,0.03580948220182813
2025-05-05,0.001000417505962721,0.013463132710345068,0.004962745572342439,-0.007117437429544122,-0.002325557188727529,-0.006888672511347587,-0.010810903208481267,0.017508805571927473,0.00898880609474769,-0.004338299923936679,-0.035878253134421785,-0.04380258071909082,-0.03352274230648119,0.00873367750004319,-0.05155784322208486
2025-05-06,-0.004007993772878389,-0.007457104522377426,-0.009950342715272429,0.0,-0.0034985077391184514,-0.006936455673137399,0.008119081696038224,0.0,0.0,0.018665329876543266,-0.027779536507009785,0.0,0.0,-0.044451823334801605,0.005277015470665994
2025-05-07,0.004007993772878415,0.010424505605583381,0.0,0.0,-0.02723679054523588,0.002317463748557021,0.0,0.006653432688809732,0.0,0.007087129095886321,0.03233534858922351,0.0,0.005665700891316444,0.03863785511039113,-0.005277015470666096
2025-05-08,-0.01207249768924579,-0.011922653315979921,-0.0030044825833924703,0.0014275734483202586,0.0023981756728887983,-0.0023174637485569895,-0.03566906845325421,0.010554146997300024,-0.00448435955764502,0.009838404259569162,-0.060908807011265165,-0.06155792547768068,-0.02285805841497956,0.005813968224410486,0.046519965535982845
2025-05-09,0.0010116524053446177,0.0,0.0,0.0,0.001196756296277595,0.00347412735355501,0.016620929404182624,0.0013115109649804856,-0.002249687015869825,0.0,0.0,0.0,-0.005797149586626358,0.014388664078465941,-0.020408835902693635
2025-05-13,0.03086353604988805,0.02223968336869996,0.012954825298664721,0.005689863981223917,0.01660779204635611,0.013777736449230265,0.016349118339652108,0.025874660331796653,0.013423048924586402,0.0027933939009407455,-0.044451720687903346,0.03125251439316623,-0.02353055729191097,0.05286354462610909,0.1303044095550876
2025-05-14,0.0,-0.005882448653869163,0.0,0.0014173876180131584,0.01053257426883189,0.006817993877460937,0.0,0.01016529502499843,0.0066445567308602614,-0.0027933939009406952,0.005037789189216557,0.059719267926062664,0.011834523282061011,0.02673955409919412,0.004514866174135444
2025-05-15,-0.00985227778697386,-0.013363180383535227,0.0039526380717069005,-0.004258272795068323,0.002325557188727537,0.0,0.013422971735745795,0.0037854710244952963,-0.004424832338815224,-0.0070175707061437,0.005012537031210991,0.04255965761056673,0.011696034009850148,0.020888482651524733,-0.018182398079891724
2025-05-16,0.003952646615955283,0.0014935963194133597,-0.003952638071706971,-0.0028489788041686516,-0.008163338068575068,0.0011319014617079963,0.0026631469815075626,-0.0037854710244954078,-0.0022197243920450494,0.0,0.0,0.040821954783826074,-0.011696034009850014,0.007722044163987372,-0.03263690054244046
2025-05-19,0.0,-0.007490696270486305,-0.014962840388740796,-0.002857256872640811,-0.020107140951419626,-0.005672137099488616,-0.013387098007833853,-0.02690748295650231,-0.0022247741398337953,-0.007067094945871721,-0.020202687854778488,0.0,-0.011834523282060926,-0.03390154309085163,-0.04855325922123191
2025-05-20,-0.009910964977977405,0.008982140880287716,0.0,-0.005738844772305571,0.0,0.007932103655963862,-0.024557855893535298,0.01033603303707894,0.006659306658287651,0.0028328200311068213,0.0,0.013245214201674292,-0.011976185876205827,-0.013351329713239376,0.004962811071588077
2025-05-21,-0.003992094616990813,0.0,0.0050124976734683205,0.0014378364365384316,0.0,-0.0033918680181833547,0.013717653946238494,-0.010336033037079057,-0.020112340964273296,-0.002832820031106806,-0.005115095676324061,-0.04027386046153044,-0.012121355235724976,-0.08408309431523338,-0.0771590377268032
2025-05-22,-0.018163896049032555,0.0,-0.011060950589819447,-0.011560857098088082,0.004767656244221951,0.0011319014617079963,0.0027211202512587543,-0.005208357146036834,-0.02978458634908716,-0.007117465258256076,-0.015504233340894603,0.0,-0.012270012989943235,-0.02967583270812805,0.015915394606933232
2025-05-23,0.00609139835978681,0.011851998847307697,0.0,0.002902733408916749,0.003560795990568145,0.017937657760712697,-0.00272112025125863,0.006506250830438014,0.022989528819206777,0.0,0.005194812051598424,0.0,0.0,0.011976188435527394,-0.021277360999938273
2025-05-26,0.004040381464081223,0.013167737918098032,0.008056468006426854,0.0014481781607443,0.0,0.012148118920932104,0.0027211202512587543,-0.002597409962705515,0.002270115477751493,0.0,-0.015666102115498,0.0,0.0,0.011834526490213253,-0.010810963365661804
2025-05-27,-0.007081391161683629,-0.004370058268318394,-0.003013637150810129,-0.001448178160744369,-0.010720653014988405,0.0010971310521878594,0.010810903208481373,0.0038935574280171627,-0.0068259798582182675,0.0,-0.005277052121341222,0.0,-0.006192004340534209,0.0,0.0
2025-05-28,-0.0010157626968538495,-0.026628773757597705,0.0010056220607341413,0.0014481781607443,0.0,-0.009917454016805537,-0.027249677405978417,0.001294533433244516,-0.011481130320908191,0.007117465258256154,0.0,0.0,0.006192004340534157,0.0,0.00542009122779625
2025-05-29,0.0030440955120202198,-0.022745480714503562,-0.014170253351807074,0.0,-0.026700685699296917,-0.006666592446043897,0.005509716844463837,-0.0012945334332445338,-0.004629686500877739,-0.0014195306312100506,0.005277052121341313,0.027028646259856202,0.006153825529266037,0.008784827058020151,0.03191754782968616
2025-05-30,-0.009160331358886595,-0.013899867288733705,-0.002040900927460076,-0.001448178160744369,0.019488955518005318,0.0011142449439517487,-0.011049890823140226,-0.016982714561562143,0.0,-0.005697934627046,-0.010582099318558446,0.0,-0.006153825529265962,-0.0029197092756326768,0.005222030857708407
2025-06-03,-0.0020471211364649997,0.007745997380883949,0.0,-0.021978884941789942,-0.017032039468082863,0.007764924506305636,0.00829882701857202,-0.0013184272373013327,-0.00698479265057733,-0.0028612596675200524,-0.016086122327765805,0.0,-0.012422513508291292,-0.04179719056559697,-0.01047134554959068
2025-06-04,-0.00410675337634887,-0.010861306651119364,0.004077441928499495,0.0059084544953688966,0.019441832566367716,-0.0022125770042135916,-0.008298827018571864,0.0,0.0023335724195415754,-0.0014337057540307668,0.0,0.013245214201674292,-0.018928038108431668,-0.012270014932355777,0.010471345549590741
2025-06-05,-0.0020597707282307633,-0.0015612221768860394,-0.006122312272827422,0.013167697037504401,0.0,0.006622661589201041,0.00829882701857202,0.00394994879642571,-0.0023335724195416812,0.018479525625678686,0.0,-0.013245214201674278,0.037504377145988914,0.03636756122535212,0.025708342455803303
2025-06-06,0.0,-0.007843203115092698,0.0030657905290836706,-0.00291118380535871,0.0048019370830068445,0.0,0.0027510638045682902,-0.0013148951665973888,-0.004683780601067554,0.0,-0.010869661673387007,-0.02702864625985619,-0.02484598653178412,-0.03328589561001827,0.0
2025-06-09,-0.0020639176431598264,0.0015735856034764153,0.005089126393059087,0.005813917214275423,-0.001198309366581297,-0.002202720647076721,0.0027434490360872224,-0.005277069116192834,0.0,0.005618046268774687,-0.005479460395805272,0.01360563881520608,-0.006309128058056819,0.030305340577356853,0.011684172313983263
2025-06-10,-0.0020682909260026517,0.003139762117798554,-0.009179075737146087,-0.001450348521695975,-0.002401114314031256,-0.0022073639379106666,-0.016575013745058178,0.0013219128436652544,0.0,-0.0028051474399946328,0.058683445831014584,-0.027398947339176118,0.031155114589840875,-0.0059880401038773,0.02000066488057556
2025-06-11,0.004132208569162413,0.0,0.0,-0.004363568692579419,-0.003612306500679065,-0.013468348319317284,0.002781673885830748,0.01181884614581326,0.011668573251644828,0.0,-0.03158154232311982,-0.028170933733023984,-0.006153825529265962,-0.0030075932989887615,0.004938296186365289
2025-06-12,0.007190608510839087,0.0015661919904524332,0.006128668189912665,0.005813917214275423,0.0036123065006790495,0.02124169484403534,0.0,-0.013140758989478562,-0.004651220231035664,0.0014035920803336052,-0.02162244311208953,0.0,-0.012422513508291292,-0.0030165195426106978,0.009803910003992163
2025-06-13,-0.007190608510839011,-0.004705954108251011,-0.006128668189912614,0.0,-0.01696997998618874,-0.013363139462399278,0.0027738897154361178,0.007905132770242254,-0.009367613678005109,0.0028010797970301586,-0.03900218667288074,0.0,-0.03822127036561822,0.00602411284159943,-0.034742871070933046
2025-06-16,-0.011404996179022615,-0.006309093277303488,-0.005136175642640879,0.0014481781607443,-0.01975369647853259,0.006703836463097028,0.030015961669218903,-0.00922873006819443,-0.0047170392166338455,0.004186997586072004,-0.058496221370595666,0.014184621799781118,-0.019672796086346155,0.020803121626751814,-0.010152339470107177
2025-06-17,-0.0041797053543807085,-0.004758201157891176,0.0,-0.0028985266824404156,-0.010025286415341322,0.007765051207015533,-0.02449102436608301,-0.0026525274339485013,-0.0023669492293270206,-0.004186997586072032,-0.036813938113964,0.013986311933242724,-0.05443518206950589,-0.029853028052371038,-0.005115053211550713
2025-06-18,0.007303138371977126,0.0,0.0,-0.005822380151565229,0.0012587022786753337,0.0033093855654873577,0.0027510638045682902,-0.001328939640964627,0.004728191048069206,-0.005610027686402994,0.012422508040835311,-0.04255965761056675,0.0,-0.006079044730838551,0.005115053211550736
2025-06-19,-0.002081204320962794,-0.007980914375564079,-0.001030387783791498,0.0,0.006269607155510577,-0.007739078173666585,0.0,-0.002663123539642543,-0.011862481433809312,0.0,-0.018692114962761117,0.0,0.0,-0.0341118268028832,-0.005115053211550713
2025-06-20,0.006230558913226586,0.009569498365280102,0.0041152987201913144,0.0,0.03560834694519773,-0.030424983793528995,0.013642726750786248,0.06453854168381835,0.004761963474832251,0.0,-0.0063091630244854185,-0.01459878544734433,0.0,-0.04187398280017688,-0.04189099945999822
2025-06-23,0.0010345755842902328,0.0,0.0,0.0,-0.024421155635730392,0.007977318650797196,-0.010899277714698896,-0.039520753914099566,0.048677033045174574,0.005610027686402895,0.018809313681050693,0.02898750932488704,0.020762023103498367,0.03871450005197397,0.010638364796573267
2025-06-24,0.013354113997947387,0.006329139380822614,0.006141214050328055,-0.038695312747129375,0.017157219453073635,0.0011343759972351716,0.008185608316946164,-0.009144467086968857,-0.02520188377926497,-0.0028010797970301304,0.030583394379324603,0.014184621799781118,0.02033971461749017,-0.019169988462689802,0.026111157615272416
2025-06-25,-0.0010208445764473655,-0.009508834975207967,0.009141781178160389,0.016554137408811082,-0.010995715214447872,0.0011330906462656708,-0.005449598213994875,0.003929319505192751,-0.002322847616954089,-0.001403592080333496,0.011976179932825813,0.0,0.0,0.05644129801377604,0.015345614584300364
2025-06-26,0.0020408543202599526,0.004765759987071369,0.0,0.0029806731924686236,0.006123590504541841,0.005646606892645618,0.01356867991003301,-0.0026178085402123246,0.009259422081576315,0.0014035920803336052,-0.030213750300396826,0.013986311933242724,-0.03413302989122789,0.05053086806564007,0.030002216212450968
2025-06-30,-0.011276490756887947,-0.0015860643926860769,-0.00914178117816032,0.014771326172629506,0.013341713255014263,-0.007914073536146487,0.008053758309403023,0.0,-0.006936574464622245,0.008379948424207934,0.006116221220186421,0.027398947339175996,-0.013986319544522292,0.01152750194547306,-0.0049382961863653355
2025-07-01,0.002059770728230745,0.012618472563277288,-0.006141214050327989,-0.0029368330122143873,-0.006042308652202755,-0.006833862376548125,0.005333339698430938,-0.0013115109649804299,-0.01166857325164485,0.03552279589372696,-0.037271358912990785,0.013423007444649979,-0.02135307211477015,0.0,-0.004962804032646208
2025-07-02,0.004106753376348911,-0.006289333182454703,0.0071611947930321895,0.0044019861101220695,0.0024213424001175237,0.014747935912694615,-0.0026631469815075557,0.009144467086968908,0.013986153749354198,-0.02033961087991307,0.025001277987246547,0.013245214201674292,0.0,0.0,-0.004987495484750199
2025-07-03,0.004089956908495614,0.0047206843863187384,-0.002040900927460076,0.0029240228753122537,-0.004848622293023129,0.02227266978025201,0.01061016703577016,0.011635549315383542,-0.004640428114663464,-0.04053661892543568,-0.012422508040835292,0.025975462271824908,0.0,0.008559251024583164,0.07232069555006808
2025-07-04,-0.006141173492623015,0.007818673362928262,0.004077441928499495,-0.014706156268528732,0.0036385937434940336,-0.006629868630896417,-0.013280359752693618,0.0038486028568528435,0.018433664438740137,0.002849031928988699,-0.04473592744204911,0.02531785956523302,-0.02181899272902917,-0.00569808889159037,-0.03309998707861069
2025-07-07,-0.002055536792221457,-0.006250024566792331,0.0030473091363524695,-0.004454345877320877,0.0012100285495291918,-0.0033315454157417652,0.010638385717614987,-0.011590594744219179,-0.011481130320908191,-0.018665329876543173,0.012987183462619612,0.04879011804678982,0.01459870466374085,-0.02898745936089642,-0.01452820276370364
2025-07-08,-0.0020597707282307633,-0.012618472563277345,-0.013272359936793366,-0.0029806731924687108,-0.0072816266899403325,0.0,0.002641974035078647,-0.0038935574280170313,0.0023068879637444723,0.004338299923936726,-0.012987183462619664,0.03509135651363814,-0.007272712296202738,-0.002945509387362036,-0.060319726239323024
2025-07-09,0.0,0.001586064392686101,-0.00515184671876607,-0.004487662146333667,-0.0024391203129888726,0.0011117852834503067,0.028610596413080405,0.0038935574280171627,-0.0186051477162671,0.010050432397790444,0.006514674949928488,0.022728229523506394,0.007272712296202791,-0.026907518665009022,0.0
2025-07-10,0.003087963316211278,0.006319060449316268,0.0020638630049438413,-0.003002978146418356,-0.0036696891955236895,-0.007808249542279319,-0.012903484851587725,0.010309393243234315,0.0093457256346907,-0.0028612596675200524,0.01290339292688759,0.0,0.0,-0.009132407307574341,-0.010416791898534766
2025-07-11,-0.00411944186394424,0.009404425291978595,-0.011405000370457354,-0.01058212323820559,-0.007380027028673598,-0.008998950311768632,-0.013072034640863072,0.0,0.004640428114663587,0.0,0.01273908961882172,0.011173290180334477,-0.007272712296202738,0.009132407307574293,0.06093260813386549
2025-07-14,0.0030912492759636668,-0.01572348574129505,0.01961862942818057,0.0015186261221466378,0.0036968215987548277,0.0,-0.005277050955708376,0.008934317648311364,0.004618993966912937,0.001431582283840012,-0.01273908961882177,0.04348513589432458,0.021661443528703438,-0.021440326455565803,0.014670173446833384
2025-07-15,-0.007227731160750374,-0.0015860643926860769,-0.01338155388553547,-0.001518626122146572,-0.0012308171697102625,0.0,0.0,-0.002544536461688994,-0.0186051477162671,-0.005738880856691266,-0.012903392926887598,0.010582099318558432,-0.007168443167212543,-0.006211198687958699,0.0
2025-07-16,-0.012513216383684404,-0.0240975476411882,-0.016719364870769242,-0.009160286315278472,-0.019901123881993665,0.004509597760067723,-0.010638385717614928,0.0063492733995660555,-0.00706729987402987,-0.015953865390933977,-0.06021880233697229,0.02083412894626995,-0.03663407060179255,-0.006250018922875715,-0.024571273665844783
2025-07-17,0.0,0.004866172389528696,0.016719364870769287,0.001532590378326013,0.007509526605666969,0.004489352551700808,0.026386724442383377,-0.015306455942056355,0.004717039216633837,0.007283278937802224,-0.020906747926708304,0.010256490134848532,0.007434929997343368,0.03994385719303063,-0.015037860847929392
2025-07-18,-0.0010497818963145272,0.0032310638521017157,0.0031040618228684713,0.006106833594747663,-0.001247771147199627,0.0022371409688118527,-0.010471287769059931,-0.015544390183115894,0.014018833909040832,0.0,0.007017566200938237,0.01015236163435085,0.0147061402429581,0.011976188435527394,0.02985304994284872
2025-07-21,0.0,-0.003231063852101827,-0.01456849496704265,0.009090962387349149,-0.002500036308590568,-0.004479187522000705,-0.007926088548955126,-0.0013063067140437065,-0.002322847616954089,0.0,-0.01408472687472389,0.02000064763127573,-0.022141070240301524,0.0,-0.004914088875907755
2025-07-22,0.0010497818963145962,-0.006493533867538704,-0.004201754933516475,-0.004535150529607897,-0.007537704922741455,-0.014697911948003548,-0.005319155407444843,-0.0026178085402123246,0.0023228476169540055,0.0,0.0,0.0,0.007434929997343368,-0.008968595136538646,-0.019901152207999796
2025-07-23,0.006276180637181425,0.017756713637578688,0.008385928967386215,0.0030256935019900505,0.0025189282418656266,0.006810479652110292,0.021108939309989836,0.0013097286134625635,-0.004651220231035664,0.011544179271952247,0.02105347260702841,0.029270355062651254,0.021978852539160945,0.011940364882584528,0.019901152207999866
2025-07-24,0.004162308107674632,0.0,0.01141663032673359,0.0045214802206791785,0.012500151120833039,0.012366619817893764,0.0078024033374841,0.0026143866407933787,0.004651220231035602,0.0,0.02061926692904748,-0.009661902008876995,0.007220288065288364,0.09071376073117308,0.0
2025-07-25,-0.00938970170247982,-0.004811621754839646,-0.001032309393560633,0.0015025800475614028,0.0037197407771770263,0.004459323290017147,-0.02094314964678228,-0.0026143866407933075,-0.004651220231035664,-0.024692561040063,-0.020619266929047586,0.019231344291746166,-0.0072202880652883095,-0.044328575180725395,-0.014888595703761645
2025-07-28,0.0,0.009600121642073984,-0.011428802520019907,0.0,-0.003719740777177149,-0.003342571899342163,0.020943149646782264,0.0,-0.009367613678005109,-0.01780464776355388,-0.006968745732304421,0.00947873538604097,-0.007272712296202738,0.022409828064274995,0.014888595703761642
2025-07-29,-0.0020985689386906806,-0.011209072276351555,-0.00523831063569071,-0.009049753770230536,0.0037197407771770263,-0.007843244911187739,-0.02891134264747389,0.0026143866407933787,-0.009456315356868642,-0.002998606150323828,-0.021202188000719557,0.0,-0.014706140242958217,0.04865830121564457,-0.014888595703761645
2025-07-30,-0.007380135632355329,-0.001611543528820834,0.013563051332842038,0.00453515052960775,-0.0012383768426744218,0.006726493520512829,0.0026631469815075626,-0.009180316265812633,0.018823929034873715,-0.0030074755641226946,-0.007168482740163348,0.0,-0.007434929997343361,0.07127708201620543,0.02469250570775389
2025-07-31,-0.006369457519162917,-0.011354528855269498,-0.015666188077690497,0.0030120231930612583,0.0,0.004459323290017147,0.002656008425937271,-0.007936567455566663,-0.018823929034873874,-0.019772395024761864,0.049132724997157345,0.009389843352046751,0.022141070240301503,-0.047807890856974344,0.02884812507016751
2025-08-01,0.022117784381647732,0.009740301900353052,0.00734144738053916,0.004501128423027574,0.0,-0.005577323208785883,-0.005319155407444843,0.007936567455566555,0.018823929034873715,0.021277375208178573,-0.027779620457212675,-0.009389843352046762,-0.014706140242958217,-0.020834144195399217,0.009434175241349764
2025-08-04,-0.006269622291438816,0.0,-0.012618458328953341,0.002989511869724621,0.00371066192861252,0.01333366134788698,-0.0026701927169234287,-0.0066094569507238535,-0.01172341107589677,-0.010582210811952819,-0.035846098070498794,0.009389843352046751,-0.030077532016350602,-0.002635046963831949,-0.06798736252350933
2025-08-05,0.012500181204665343,0.0016142269549164992,0.010526425709255232,0.0221411753383184,0.0,-0.0011043096579501435,0.0,0.0013254169291057887,0.0,0.00907723062853616,-0.03717896698588821,0.0,-0.031010223741852853,0.038814694462240326,-0.010101064004451096
2025-08-06,-0.003110479502185611,0.00963093997178089,0.01041677331684949,0.01449301592589415,0.0,0.004410048684720383,-0.0053619367969598855,-0.003981467074913056,0.01405178368997836,-0.007558537618059816,-0.06252038902684118,0.0,-0.03200261954668749,-0.025708350292692615,-0.057457095886292144
2025-08-07,0.0,0.0,-0.00937010549754772,0.0,-0.0024722850859380963,-0.0011006631192330848,0.002684529322538497,-0.00399738254300228,-0.0023283726140816514,0.04306527380835243,-0.016260505111694693,-0.009389843352046762,0.0,0.007782138481976873,0.01600032368671934
2025-08-08,-0.0020789358242291637,0.012698510808599512,-0.0010466678193017014,0.0014378364365384316,0.009852312114611503,0.028231996507651146,0.013315793192036348,0.0039973825430022385,0.009280906731913507,0.0029027874275946975,-0.01652928566578902,0.009389843352046751,-0.03306084419996063,-0.015625313952057414,-0.010638364796573284
2025-08-11,0.0041536634630574875,0.009419188576272492,0.01248725248916183,0.0,0.0012247874359827577,0.0042735175164783645,-0.010638385717614928,0.0013289396409645153,0.016036994701375006,-0.010196763364405554,0.03278979077748378,-0.3553407699462369,0.024897488718018442,0.0233473581160447,0.010638364796573267
2025-08-12,0.006198376128472875,-0.004698504189953632,0.013353958426019295,-0.02032002833565261,0.012165648762470019,0.0,0.02377913202691325,0.007936567455566555,0.0,-0.005873715448016256,0.01600032608667546,0.06453853603873219,0.0,0.015267468358666162,-0.005305003239990232
2025-08-13,0.015329857467418306,0.015576610423522276,0.005089126393059087,0.013110082807225603,0.0012083861622878564,0.008492633352875393,0.005208339287273126,0.016982714561562175,0.009049817051113062,0.016070478812421723,-0.007968162080333081,-0.01257876994641129,0.016260512928718374,-0.09531015528553102,0.05686283944401399
2025-08-14,-0.002030392075460645,-0.007757937060594099,-0.009179075737146087,-0.001448178160744369,0.0012069277273458097,-0.011696005498400814,0.0,0.0,0.0022496870158699458,-0.008733691309578196,-0.00803216400634236,0.012578769946411373,0.0,0.011049899908502515,-0.025446678588751357
2025-08-15,-0.004073400074835465,0.0015563622741468673,0.005109930086791381,-0.011661904646481246,0.009603930961489836,0.0,-0.007822684835507819,0.014148146781791332,0.0,-0.004395653605614574,-0.032789790777483716,-0.01257876994641129,-0.024490958341252672,-0.022223197476214967,0.005141477048152413
2025-08-18,-0.002042835772030765,0.0,0.019182751025275502,0.0,-0.005991624460810772,0.005333301751390802,0.0,0.005095564109754448,0.0022447496411948033,0.0,-0.008368241322527534,-0.01273908961882177,-0.0082988483308456,0.024966616005435732,-0.010309462486732073
2025-08-19,0.002042835772030671,0.006201574786447205,0.0,0.0043891759732200605,0.004796179976890046,0.005305008473697918,0.015584776343995077,0.00644749427529416,0.0,0.007315319348583461,0.016667035927216762,0.01273908961882172,0.0,0.018996495685050713,0.010309462486731995
2025-08-20,0.0,0.0015444225944367942,-0.005012497673468367,0.004369995264344609,0.0,-0.008501554018134915,-0.005168027458276416,0.005128218755189374,0.0,-0.004382737797796365,0.008230491061099875,-0.01273908961882177,0.0,0.11658754952840449,-0.005141477048152456
2025-08-21,-0.002042835772030765,0.0030817078320574966,-0.0030197038145785915,-0.010226545081805394,0.0011954444839207446,0.008501554018135009,0.0,-0.011575713030483503,-0.0022447496411947465,-0.0014652157714598146,0.01626050511169458,0.14310085382950188,0.024692649225322078,0.129936495393175,-0.015584777337114391
2025-08-22,0.002042835772030671,0.0061349148712210085,0.0,0.0043956071181460105,0.004767656244221951,0.0052771173855855995,0.0,0.007731969936276305,0.004484359557645102,-0.005882353397414031,-0.016260505111694693,0.021978951350272665,-0.02469264922532205,0.012526256010427495,0.005222022981824653
2025-08-25,0.00508916277168939,0.0030534785026316933,0.0010076484856797823,-0.007336759073844872,0.01064469131821348,0.0,-0.0025940640502109228,0.00767270668175874,0.008908726743116473,0.011730306966670085,0.0,0.06317890294372859,-0.00836819497463854,-0.05764673051779623,0.030771624085099994
2025-08-26,-0.010204150161799822,-0.013814523800346857,-0.01317817876561267,-0.00294982785393308,-0.011834564792527615,-0.0212773260525632,0.0,-0.002551053941330154,-0.02015738779073232,-0.02061933988067264,-0.01652928566578902,-0.031090619081118393,0.0,0.036920613183971294,0.0
2025-08-27,0.004094142813663118,0.0030863852623357374,0.007117506785555702,0.00294982785393314,0.007117508872403224,0.0,0.0025940640502109687,-0.0025575164503964165,-0.02057219727838725,0.002971799057210053,0.024692588360841736,0.05129330693589695,0.008368194974638579,-0.0303053384213638,0.024938961066940837
2025-08-28,0.01621108372445847,0.004611907239950795,0.018072822125353962,0.0,0.029122649336297483,0.0,0.00516802745827645,-0.0012811842012675201,-0.011614479151455121,-0.0029717990572101657,0.0,-0.04082201687199717,-0.00836819497463854,-0.02898754934309543,-0.024938961066940882
2025-08-29,-0.005037886451155543,0.0030627527954286515,-0.0009956108768404913,0.0,-0.016204113092490487,0.002148020555816365,-0.005168027458276416,-0.001282952088764735,-0.0023392654363146273,-0.01801845588963942,-0.04149979086457453,0.02061932901721869,-0.016949651523318877,-0.020572154579185816,0.024938961066940837
2025-09-02,0.01603249894167747,0.009132528807751714,-0.0019939014999788016,0.0014716927877253985,0.0034945485663903132,0.003213877886072615,0.0,0.001282952088764724,0.0070012104699379634,0.0030257499543623685,0.01680720250373278,0.0,0.0253178464979574,-0.028104933210173346,-0.019901152207999796
2025-09-03,-0.007984119687158557,0.0,0.0009973979349279603,0.01604691581943994,0.0057970549124919885,0.0,0.00516802745827645,0.00638975459299399,-0.00934572563469076,-0.010630347046757282,0.03278979077748378,-0.041672718399676796,0.05669526877200952,0.021152488493334825,0.024815241083907598
2025-09-04,0.001001520701200254,-0.015267443678972743,0.0,0.0,0.0023094449426512933,0.0,-0.005168027458276416,0.0,0.002344515164752791,-0.003058059894891287,-0.024490996172794488,0.02105338938245812,-0.040165975028629626,-0.023530585532833728,-0.02481524108390766
2025-09-08,0.001000417505962721,0.012232576521484646,0.0009965035650509498,0.0014461537683033625,0.0,-0.00859297689225494,0.0,-0.006389754592994003,0.0023392654363147305,0.019712430270442772,-0.008298794604689195,0.02061932901721869,0.008163355481942174,0.04879009308637368,0.019901152207999866
2025-09-09,0.003992094616990808,0.010582020649033795,0.0009956108768405074,0.0028860485362454174,0.0023042380238881294,0.0032310784503659855,0.023048400421480267,0.00128118420126746,0.0023335724195415754,-0.016654370375551644,-0.008368241322527534,-0.01025649013484849,-0.02469264922532205,0.0,0.009803910003992163
2025-09-10,-0.006996456115352784,-0.006033128376036726,0.0019880546653130485,0.022793009724596046,-0.011574192500272383,0.005361898441889039,-0.005076147187776826,0.005108570391726629,0.002328372614081603,0.006088357193369095,0.0,0.010256490134848532,0.0,-0.03226085325440546,-0.009803910003992177
2025-09-11,0.010288141531546762,-0.0015140251155089073,0.0,0.007017543164988988,0.0011634546212410755,-0.004324463556007659,0.0,0.0,0.005941681669001435,0.003030259271118639,0.0,0.01015236163435085,0.0,0.0070013457008656285,0.004914088875907886
2025-09-12,0.01018337263788244,0.01538491178082274,-0.0029836655421536873,0.013889187630309163,-0.005830856804789797,-0.00652164398456053,0.014093773235988568,0.0025445010790072576,0.007083935846549936,0.012030186878981702,0.0,-0.010152361634350938,0.0,0.009259226177917674,0.014598546903329054
2025-09-17,0.007067107721019603,0.0,0.001990132254584763,0.015058426401428484,0.0011688944444300479,-0.0021835804598454934,0.012642385841548441,0.012626406358183993,0.01169605848923844,0.0044742496385648195,0.024897526988316567,-0.01025649013484849,0.0,0.02502970111974331,0.00581398691050018
2025-09-18,-0.0060545005169157316,-0.00766286924338946,0.0029776434321559316,-0.006816696144298006,0.0023336979143507262,-0.0010933673680402721,-0.017744385176903788,0.005006331400181335,-0.01169605848923843,-0.011976158170605343,-0.01652928566578902,0.0,-0.025317846497957312,-0.027336482580822496,0.02386755035077482
2025-09-19,-0.008130114734352671,0.0015372786141467688,-0.000991562985741057,0.0027322834202725315,-0.012903380774365744,0.01196316121175966,0.0025542534638008075,-0.0012492351217638965,-0.002355740551213906,0.007501908532040644,-0.01680720250373277,0.010256490134848532,0.0,0.016037048017841428,0.018692185869316796
2025-09-22,0.004073319690120272,0.006125590629242613,0.0009915629857409917,0.004084412724025388,-0.0011814395898227593,-0.010869793843719272,-0.0025542534638007862,0.0,0.007050638195522876,0.002985179407020827,0.008438961181205244,0.020202687854778384,0.0,0.004535106561344266,0.0
2025-09-23,-0.00203458585483172,0.003048781463412211,0.0,0.0,0.0011814395898227408,0.007621233101564248,0.0,0.004987543920680715,0.002339208836282203,-0.001491512776540287,0.024897526988316567,0.01980260859668314,0.016949651523318773,-0.0090909841568603,0.0
2025-09-24,0.0010178602737527548,-0.004576664945313583,-0.0019841101445870336,0.0,-0.00710907498791182,0.0,-0.0025608563749014595,-0.003738308798916779,0.00466195200864731,-0.008995575162521172,-0.00823049106109974,0.009756165867939136,-0.008439016688430773,0.015855312158497104,0.018349189603279324
2025-09-25,-0.004077471703621346,-0.0045977071473414215,0.0009925471588460122,0.0013577284061295403,0.01064469131821348,0.0,0.007662855710256809,0.0012476764802817938,-0.004661952008647329,-0.006042297719034139,0.008230491061099875,0.0,0.008439016688430822,-0.006764328001636739,-0.022989469611310483
2025-09-26,0.010162674399296745,0.009174372092654981,0.007905208363325275,0.017485383544471045,-0.00471705592012438,0.003248560742154982,0.0,0.002490632318635014,0.013921269562421613,0.010550237463728922,0.0,0.0,-0.016949651523318877,0.028987549343095352,-0.023530676999514794
2025-09-29,0.0020201998042781123,0.00909096759358308,0.003929145575637362,0.013333501869196837,0.010582228005407741,0.0043149231927394425,0.005076162220387221,-0.0012445709113796388,0.002301523142864649,0.0038125120734062634,-0.03333648816952178,-0.009756165867939072,-0.008583791501463444,-0.04495144999648645,-0.009569362355517646
2025-09-30,0.0,-0.004535153120892391,0.005865263126770433,0.0,0.006992959372276126,-0.004314923192739368,0.0,0.0,-0.004608355516172031,0.006069769855973713,-0.008510681896768226,0.009756165867939136,0.0,-0.02797377813111208,-0.0048194168570278315
2025-10-01,0.004028197057620184,0.009049831449339059,0.013552847200768384,0.05036570255443926,0.009248635311544948,0.00539085600639449,0.002528420387630278,0.002487594791196818,0.006904593811131684,-0.00911860095907935,0.016949643077973472,-0.009756165867939072,0.008583791501463366,0.0047169394445505984,0.01913939562740237
2025-10-02,0.0030104857010738646,0.02080311841109952,0.008616636485729853,0.03951139157053083,0.0,-0.005390856006394365,-0.002528420387630268,0.0061919880749448045,0.0022908657893413215,0.027110084411652725,-0.008438961181205271,0.009756165867939136,0.0,-0.0023558022783493654,0.10772736455951783
2025-10-03,0.002001999918053738,0.0,-0.0009538304267740297,-0.01586369912280234,0.0011500738988830745,0.0043149231927394425,0.002528420387630278,0.01348885304614238,-0.0068886272271655065,-0.013463212053875063,-0.017094417683034165,0.009661902008877073,0.0,0.009389866849297344,0.0042463031014638355
2025-10-06,0.0019980978364285084,0.0044020594743784,0.0028586712395276175,0.02670060343009647,0.005730612715246517,0.012834377782006651,0.0025221044943851438,-0.013488853046142266,0.006888627227165458,0.0060060464265810675,-0.04405994813188329,0.0,-0.01724179839687098,-0.01886851005985342,-0.017094482871421682
2025-10-07,-0.007010583455555914,-0.005873729439965783,0.0019010296631170169,-0.01934773893356541,0.0011423056817571563,-0.0074665661557999806,0.0,-0.0061919880749448375,-0.0022908657893411706,-0.0060060464265809695,-0.009049826732992521,-0.009661902008876995,-0.008733728547093875,0.02353058553283369,0.017094482871421735
2025-10-08,0.005012485619127441,-0.0014738389705263879,0.005870885915286571,-0.011049670863449398,-0.0034306114874883983,-0.0010713224665632305,-0.005050524882015359,-0.007481365462835327,-0.00459776143782423,-0.006042337093439719,0.0,-0.009756165867939072,0.017391735442501336,-0.009345874528988395,0.0042284503544793356
2025-10-09,0.0,-0.0014760143784327854,0.0,0.0,-0.00344230690951544,0.01277970340971643,0.012578774556243837,0.014907056027788808,-0.011587633815430357,0.0060423370934397196,0.16705402630896798,0.009756165867939136,0.1442497325322905,-0.004706067793289267,0.04132820913748597
2025-10-10,-0.005012485619127416,-0.005925940649488763,0.006806055017018232,-0.013673415022724815,0.008259724289891296,0.0021142305562945082,-0.01005035416861356,0.0024631461526143984,0.002328316261656012,-0.004528271398698374,-0.04725284047984155,0.0,0.007434929997343368,-0.009478643210556085,-0.012220145070181902
2025-10-13,-0.002012070233739586,-0.0029761913523116464,-0.008759221271640173,0.0,-0.008259724289891414,0.0,-0.002528420387630268,-0.00369684864262311,-0.018779994335788273,0.0030211248117060397,0.023905498144139267,-0.02955877446462216,0.04348509110775976,-0.01680705409140581,-0.020704630195964954
2025-10-14,-0.001007604767323895,0.004460898220965726,0.00195316625462194,0.007481339558884709,0.0011841131649404433,-0.020267409689249814,0.002528420387630278,-0.0024722202268492154,-0.002372391471705103,-0.004535190506447499,-0.03200270056078121,-0.08338159079850715,-0.028778950864801638,-0.007290472281843463,-0.02972636709724005
2025-10-15,0.0,0.0,0.006806055017018232,0.002481314193948625,0.005899738230319114,-0.0021574590858205946,-0.007604582608017354,-0.004962791727912734,-0.0023781495006536127,-0.0015162139770518992,0.01612936642298423,-0.021978951350272766,0.0,-0.0048900510269949005,0.02972636709723989
2025-10-16,0.0,0.0014826530462400459,0.006760045598353761,-0.0037242839618120134,0.0,0.02558780562047824,0.005076162220387221,0.019705021417205593,0.004750540972358626,0.0,-0.00803216400634236,0.0,0.014493000361491048,0.004890051026994981,0.044997292608767975
2025-10-17,-0.0030287218608347575,-0.0029673599148942326,0.008624821785932619,0.031826444121219655,0.00469487962330024,-0.01591547672334351,0.012578774556243837,0.007290525078947191,-0.004750540972358738,-0.006088321287286175,-0.016260505111694693,-0.09309040529768935,-0.029199140604449215,-0.022195732685118767,-0.040821909805026355
2025-10-21,0.001010560501838269,-0.004467689457402315,0.0,0.0,0.0,0.007458817506982905,-0.007528249674228391,0.007237641364830979,0.016529374463217606,0.010630304263889542,0.03226083119837014,0.0,0.0147061402429581,-0.010025160251672962,0.044813942260638825
2025-10-22,-0.004048582897475217,-0.00448759028573716,-0.022190922401304627,0.0024066655539896633,-0.0023446280139996717,-0.005322103309442196,-0.002522104494385109,0.020226712029262094,-0.01415122496256391,-0.01215817550011402,-0.01600032608667548,0.0,-0.022141070240301524,0.0,-0.020121460039234422
2025-10-23,-0.002030454718959459,0.01340302417492731,0.0038948311623493714,0.0012012218360006866,0.002344628013999742,-0.010729626481304298,0.005037803233531062,-0.008279104315990778,0.0,0.0030534116426894965,0.008032164006342388,-0.024692588966579474,0.014815077872763325,-0.0025221033302286794,0.012121394910160031
2025-10-24,0.006079037616434613,-0.0029630375631336165,0.005813997080726235,0.0,0.0,0.010729626481304226,0.01000010146699749,-0.0035692948857329455,0.0023723914717051217,0.00759306055261439,-0.00803216400634236,0.024692588966579433,-0.007380147875420078,0.03474299626702044,0.008000065129074403
2025-10-27,0.0010096393024397394,0.004441233780834628,-0.0009666239987865926,0.0023981235175083437,-0.0023446280139996717,-0.0074986646316042745,0.0,0.00830858503907933,0.0,0.010534317825279338,0.03174866827191641,-0.037271358912990785,0.0147061402429581,-0.009804013423831295,0.03906738986325775
2025-10-28,-0.0030318818746420183,0.0014760143784328004,0.0009666239987865589,-0.008418598361186887,-0.0011743787146688135,0.0,0.0,-0.009501263769753446,-0.002372391471705103,-0.010534317825279357,-0.023716504265574045,0.012578769946411373,-0.022141070240301524,-0.014888632984337069,0.011428820175484737
2025-10-29,-0.0010126072041039106,0.0014738389705264273,0.0,-0.003629713690134481,0.0011743787146688452,-0.005390856006394365,0.0,-0.008388236910234463,-0.004761851402291569,0.006033223041505915,-0.00803216400634236,-0.01257876994641129,-0.03802751445891364,0.0049875484091968314,0.0
2025-10-30,0.0020242892744677023,0.004408528352841246,0.004819246942352238,-0.006079149617151517,0.0,0.0043149231927394425,0.009901029211167055,0.0012026028133701487,0.007134242873996581,0.001502544128435773,0.0,-0.03871455189064664,-0.01562531130194644,-0.017566317643572228,-0.011428820175484673
2025-10-31,-0.0020242892744678407,-0.007358381701800441,-0.011605507080740972,0.0060791496171515745,-0.008249989839619653,-0.004314923192739368,-0.009901029211167034,-0.015748379144785656,0.0,-0.003007495771243209,-0.024490996172794488,0.0,-0.007905128444371511,-0.012739012472317481,0.003824199794124616
2025-11-03,0.008072686136366098,0.010286640202353918,0.017358186569724363,0.01204831205132128,0.008249989839619627,-0.0010816462379069716,0.012361089287707076,0.01574837914478576,0.004728195295335972,0.004507931466487249,0.008230491061099875,-0.08223810271852436,-0.007968117769433994,0.007662852450343831,-0.034955017954778816
2025-11-04,0.0,0.011628032954883145,0.015180597359192903,-0.008418598361186887,0.010507915713778126,0.008620691838147872,-0.007398291014017681,0.002400991691394898,0.004705944628824246,-0.003002979823679712,-0.01652928566578902,-0.22314353002683654,0.0,-0.036273394159137475,-0.024001121500837202
2025-11-05,-0.0030196750010634487,-0.007251660258928846,-0.013270429632299359,0.0,-0.005824031511812788,0.003213760840217227,0.0098523140434391,-0.008428754945982024,0.018605171965402467,-0.007547288736247251,-0.01680720250373277,0.06899290696590589,-0.008032215886105889,-0.010610193703158048,0.004040420600767028
2025-11-06,0.0,-0.007304631196507693,-0.010551644738697913,-0.007272766941941415,0.002333572165602014,-0.012917375839771183,-0.00738009061850178,-0.009720615890198432,-0.018605171965402467,0.0,0.0,0.0,0.0,-0.05199533503670866,-0.02036725944746279
2025-11-07,-0.001008522056556676,-0.007358381701800441,0.0,0.007272766941941408,-0.005844568194735371,0.002164569399313269,0.007380090618501883,0.012136106379644258,0.002344693566698529,0.0015140656947414761,-0.008510681896768226,0.03278979077748378,0.0,-0.0028129114206961662,0.03239138864492937
2025-11-10,0.003022618642273686,0.014663012898308068,0.005769366559268971,-0.007272766941941415,0.008172931625582181,0.0,-0.002454023029421256,0.0,0.0,0.009036202865185493,0.02531788440050099,0.03174866827191641,0.0,0.027779602257025356,0.011881360916500968
2025-11-11,-0.0030226186422737584,-0.008771982248373777,0.0009581944569641062,0.009685354395629647,-0.003494525052261394,0.00539085600639449,0.007343958029317737,0.001205502435399102,0.007001160844929497,0.002993988928598469,-0.008368241322527534,0.015504172207925323,0.008032215886105833,-0.02216160215183176,-0.00790520143956508
2025-11-12,0.003022618642273686,0.011678959779663937,0.0009574621096270875,-0.007255178176660026,0.0034945250522613568,0.003220556345988539,0.0,-0.0012055024353991026,-0.00700116084492943,0.00149363967138587,-0.04292510534979847,-0.04725284047984155,-0.008032215886105889,-0.01410459159796565,0.007905201439564987
2025-11-13,0.0010055784153465172,0.0014503259503760278,0.003820431041317036,0.001212877032837358,0.002322842931210282,-0.0032205563459884656,0.0,0.001205502435399102,0.007001160844929497,0.007434988165254647,0.0,0.0,0.008032215886105833,-0.005698028943715508,-0.00790520143956508
2025-11-14,-0.002012070233739586,-0.0029027584015972356,-0.0009538094284794255,0.002421349754753798,0.009237899600783396,0.0,0.0,-0.006042332138984673,-0.002328316261655977,-0.0059435036516178414,-0.04485052299443612,-0.032789790777483716,-0.008032215886105889,-0.02020270028732719,-0.04463218072319167
2025-11-17,-0.001007604767323895,0.005797115178859727,0.0019066179564203563,-0.008500499371905258,0.0011488569108895543,-0.004310378463071048,0.0024360886565462487,0.009650260765576216,0.002328316261656012,-0.01048704458010838,-0.02790887272121242,0.04879011686415906,-0.016260512928718288,-0.005847977922818981,0.0
2025-11-18,0.0,-0.004344682727638632,-0.003816785683313811,0.0,-0.013873047396514208,-0.02073183517603294,-0.01224010676240404,-0.013293239188391199,-0.01169605848923843,-0.0075585510704916144,-0.019048177668910055,-0.03226083119837008,-0.02489748871801839,-0.029764143565908046,0.0
2025-11-19,0.001007604767323861,0.0,0.007619058887148268,0.0060791496171515745,0.0034862908848412805,0.008781563788990357,0.009804018105857935,0.001215762091712967,0.007034106480591241,0.0,-0.0194180678768161,0.09381875667605079,0.008368194974638579,-0.003025688685649787,0.0
2025-11-20,-0.003025766126320376,0.002898551501286155,0.002842270124204681,-0.014652291378775165,0.004629672760020332,0.0010923862327574488,-0.007343958029317751,-0.0073170801736060255,0.00466195200864731,-0.0030394901841804853,0.02898751015968521,0.1127954692359408,0.01652929374337999,0.012048282946909468,0.004140904304356267
2025-11-21,0.004032257944713527,0.0014461312263524964,-0.006644543328039073,-0.0012307903162775,-0.004629672760020227,0.0021810927734556918,-0.0024600600765400647,0.0048840761133556905,-0.004661952008647329,-0.0030488311031056387,-0.03883979734552017,0.026317283546611638,-0.00823044541253434,-0.027315739339243895,0.0
2025-11-24,0.0020100481532285917,0.00719945205146126,0.05647031427040405,-0.004938247126134946,0.0,0.002176239916523862,0.007362098645863788,0.004860220391352316,0.00466195200864731,-0.004590709350864213,0.0,0.03822125249212064,-0.02565121747205534,-0.10707132873438611,-0.012474208122480996
2025-11-25,0.0020060159631915694,-0.0028735639645121667,-0.043224995505436,-0.004962814156209356,0.004629672760020332,-0.012028571082606925,-0.002448015539902515,-0.0060790639750511535,0.0,0.004590709350864213,0.0,-0.01257876994641129,0.008510681896768206,0.027028627243813646,0.008333303818124645
2025-11-26,0.0,0.005738894213624684,0.010285167945813023,0.0037242839618119522,0.005757083751652753,0.005485484791829839,-0.002454023029421256,0.00850040318919087,0.018433686114336986,0.0015255404064650837,0.0,0.012578769946411373,0.0,0.026317265518414127,-0.012526193567163616
2025-11-27,0.0,0.0,-0.014051728867188066,0.019632515503923642,-0.006912577637199025,-0.023243891608256118,-0.007398291014017681,0.0024154904894456374,-0.006872845417698015,0.012121331951312847,0.0,-0.051293321837057954,0.0,-0.026317265518414196,0.0
2025-11-28,-0.007038682758694024,-0.005738894213624593,-0.0028342145155538646,0.0036387512556885207,0.00806000565830655,-0.019220581354934388,-0.012453453272400486,-0.004836829703585475,0.0,-0.0075585510704916144,-0.00995032141084811,-0.08223810271852436,0.008438961181205244,0.0,-0.08319896103698877
2025-12-01,0.006036226992738482,0.012866505107852432,-0.006644543328039073,0.016807058297664365,0.010268251459237413,-0.0011421838323319375,0.009975162798206053,0.0,0.002296238294959622,0.010566046841734802,-0.005012537031211045,0.0,-0.02553337886423942,0.05511933446592402,-0.12638159960861414
2025-12-02,0.03643928149005194,0.029393286426995197,0.006644543328039122,-0.004773360188770809,0.0,0.011363773768448094,0.01965662817407601,0.006042332138984661,0.011402538783890331,-0.04452001439507851,0.0,-0.04380258071909082,-0.008658054700508611,0.027995533288115694,-0.026248172374949513
2025-12-03,-0.0077670182399845016,0.001378427863292362,0.008478658470352968,-0.01082375609816703,0.006787243887002762,-0.012507263676607587,-0.0024360886565461936,0.010785083157280736,0.006779764136524136,0.007818734212011574,0.03457131149583329,-0.015037862537514927,0.03419143356474797,0.01522097881451701,0.005305002842788409
2025-12-04,-0.0019513131414873818,0.0027510320553566286,-0.0009385914301554609,0.004825065903930655,0.01009547990320474,-0.010351017770474265,-0.002441919459994027,0.0,-0.011325167165100862,-0.026836656619911692,0.0,0.11441032432880578,0.008368241322527527,-0.009104743227620333,-0.021391120064557914
2025-12-05,-0.005876504206661217,0.004112341600326409,0.0,0.010772050383007289,-0.0011166761905885292,-0.003474173464353559,0.004878008116540137,0.0,0.0,0.011137727420516403,0.0,-0.041385259272418894,0.0,-0.012270109836531592,-0.01086970226445495
2025-12-08,-0.005911435639874404,-0.008241801518975288,0.0,0.01301023123261151,0.0033462946225550306,-0.012843022661880187,-0.022141135973570956,-0.00717715453068896,-0.004566269965972459,0.004735564757529409,0.0,0.013986311933242724,0.008298794604689132,-0.03454025938762308,0.01626050060548907
2025-12-09,-0.0019781401846226303,0.02047859017042281,-0.0009392916032685354,0.00234734634947948,-0.003346294622554936,0.010520183358385882,0.012361089287707076,-0.007228921551436475,0.0,0.0,0.019231344291746166,-0.04255965761056675,0.0404913222594699,0.025237891069794724,-0.005390798341034072
2025-12-10,0.0019781401846225327,-0.006779751408519153,0.0065573103354262426,-0.015357577582091131,-0.002237100255020341,0.014002553702935872,-0.004926067589080521,0.003620992924844915,0.0,0.0031446302298543424,-0.019231344291746142,0.014388723877542623,-0.03226083119837008,0.027651532696330517,0.0
2025-12-11,0.013739252988023073,0.0188684767206683,0.008368288761835187,0.0,0.01665773543761428,0.0011581235536059604,0.012270025618398345,0.0012041675163722034,0.01137670545881716,0.0,-0.039609100685049775,0.0,-0.01652928566578902,0.020990268953305836,-0.005420082401518016
2025-12-12,0.0038910499225801656,0.0013342887513004046,0.004618996975708802,0.024692581943519386,0.0022002904318344993,0.02401494210803263,0.007290417271973588,0.004801874015088817,0.01124873059923032,0.02174010484524779,0.005037789189216557,-0.014388723877542694,0.040821954783826074,0.029241889804727784,-0.005449619862936905
2025-12-15,0.00580833332081953,0.003992019421397399,-0.0009221476384458931,0.010398663027944123,0.00109817369546894,-0.0022625338444095242,-0.017094435377831285,0.0,0.004464234911727933,0.006125541420809529,0.005012537031210991,0.0,0.0,0.022792972140158022,0.0
2025-12-16,0.0,0.01581059877903427,0.008268344584721605,0.0022962514690375575,0.0032877254737019622,0.00564654780545359,0.009804018105857935,0.0011968453548864381,-0.004464234911727863,0.003048831103105682,-0.010050326220427584,-0.029413856841548097,0.015873334137796822,0.011204614527884559,-0.03333644604790524
2025-12-17,-0.005808333320819568,-0.006557462951200029,-0.011039632513596454,-0.015020424937059833,-0.015435764776983229,0.0,0.0,0.0023895175402593913,-0.01351376306349833,0.007581473160783821,0.02000064763127573,0.0,0.023347342335702286,0.0,0.01877854752632785
2025-12-18,0.0,-0.007925996232550211,0.002771287928874823,-0.01053263939001894,0.0044345236189395855,-0.0056465478054536136,0.0,0.0,0.0,0.004521519736695737,0.0098522871858351,-0.015037862537514927,0.030305411084514445,-0.0055866144226910655,0.0
2025-12-19,0.013500668058693927,0.02229599538134234,0.025502294413973527,0.0023502173582882926,0.009906568432601966,0.02350411806389093,-0.004889934999896492,0.0023837060360491426,0.02463736594588812,0.004501094783773343,0.009756165867939136,0.0,-0.00749066437138548,-0.0028050886844973523,-0.01690180584621331
2025-12-22,0.0038240910580831272,0.0025906738565680716,0.0008988517189035084,0.011668718488274651,0.01737288401437642,0.0011056270857845681,-0.009852314043438991,0.009478749394099133,0.002209970721020583,0.013383130775479068,-0.02955877446462216,-0.030771720754924767,-0.022814746713128983,0.008391703107188425,-0.005697996546194709
2025-12-23,0.005708856226409464,0.0012927602066342605,-0.0008988517189033742,0.0,0.009641153671749555,-0.005540185709219482,0.0,-0.005913580633012679,-0.0022099707210205288,0.008823583398180599,-0.005012537031211045,0.0,-0.015504172207925167,0.0,0.016997570970261517
2025-12-24,-0.005708856226409501,0.0,0.0,0.005783693663054038,0.011658860972773527,0.01543588628989558,0.002472223424937221,0.0,0.0,-0.004402024019851013,0.005012537031210991,-0.048009173383611034,0.007782133222499861,0.02476055059327013,0.0
2025-12-26,-0.00766286194354129,0.007722106850395494,0.008060985697198828,-0.009269990119598111,0.003156285256330937,0.004366780967644487,-0.00743502169862659,-0.002375327951488521,0.0,0.004402024019850984,0.0,-0.01652928566578902,-0.0077821332224999465,-0.00818556286412932,-0.028491969836151994
2025-12-29,0.003838770885458193,-0.00772210685039549,0.004450348963530878,-0.0034986053476190587,0.003146253530338397,0.0,0.009901029211167055,0.0,-0.002214757111044253,0.015977106783976194,-0.020202687854778488,-0.10536051565782628,0.0,-0.011019477052527718,0.0057637490077437
2025-12-30,0.0057306666538767745,0.011560881448589789,0.0008877666289590683,0.004662092353695696,0.005221958173813997,0.0021762604478080005,-0.017391684209878126,0.001188426770760146,0.006629717666546536,-0.007230769126118834,0.0,0.054067168985500444,0.015504172207925323,0.0027662907661125174,-0.023256830491631096
2025-12-31,-0.001906575595793679,-0.01544431551179228,-0.017905693544491074,0.01729145885657166,-0.007318360264144965,-0.014231254751314502,0.002503104466796127,0.0,0.0,-0.004363606556604577,0.01015236163435085,-0.0176995602935799,-0.007722038985425331,0.002758659506938666,-0.011834548488302758
2026-01-02,-0.0038240910580831077,0.005174653460994415,0.006303575212336206,-0.017291458856571785,-0.0042061366963381435,0.003302173841148679,0.0,0.0,-0.011074328526164252,0.004363606556604689,-0.010152361634350938,0.01769956029357998,-0.0077821332224999465,-0.039330966689904844,0.03509137897993388
2026-01-05,0.011428772713289154,-0.0025839796044265302,0.019556069925001418,0.01729145885657166,0.026002475939926217,0.0,0.007472058331409958,0.007100481813741098,0.015469990062635441,-0.002906954339507335,0.015190150823567363,-0.0176995602935799,0.023167037953535825,-0.0028694118521839698,0.011428646404341271
2026-01-06,0.01317035204704776,0.010296096641962607,0.0008799552828633078,-0.011494464998574734,-0.010319937585984242,-0.0010995488648451856,0.0,-0.0011797845615868796,-0.008810622091973556,-0.011713137036939759,-0.0050377891892164845,0.05218570446217316,-0.031010208081312926,-0.02620237362042833,0.02801305017844739
2026-01-07,-0.0018708134957381628,0.005108565672809738,0.0008790967427258317,-0.008125323149166051,-0.0167369189167252,0.01094103904115934,0.012330604517633511,-0.0011814070988078827,0.002209970721020583,0.00879770767140126,-0.005063297066661577,0.0,0.007843170127777039,-0.008888995685013602,-0.011111244332234118
2026-01-08,-0.0037523440928704695,-0.005108565672809634,-0.005286380823019379,-0.0046729853180318155,0.020877742569329196,-0.009841490176314105,-0.014815112317128272,0.0023611916603947635,-0.008869338691682431,-0.010271534824698817,-0.005089064567689295,0.04959699328121657,0.007782133222499861,-0.0487900852262292,0.022100384401720918
2026-01-09,0.02046571036295051,0.005108565672809738,0.018381263726647855,-0.0011716663182260321,0.019437925019741203,0.0054793654756964275,0.0,-0.008288908584501287,0.019846307545489394,0.0,0.040005296451461635,0.06252038902684111,0.022989587532424763,0.024692572156048906,0.01626051557862026
2026-01-12,0.0073394725785218915,0.006349224873592407,0.01035389435345262,0.0023419614409177438,0.01707726772396387,0.006536019780733559,0.017263127857030828,0.003560822067685715,0.002181157340420152,0.0029455568520361645,-0.0248151456278942,-0.04652006294016572,-0.030771720754924767,-0.018462013980644492,0.0
2026-01-13,0.010909273213017821,0.01880932375137052,0.000857977297085439,-0.0011702951226916951,0.0009955037161384298,-0.003262564794072228,-0.012300329583341544,0.018780016897149542,0.010834253100827772,0.014598746561778987,-0.0050377891892164845,0.0,-0.007843170127777188,0.01540860909301349,0.005361920004331762
2026-01-14,-0.0018099526739886287,0.009888827876462128,0.00683761060971544,-0.010594521222835884,0.015795020872656655,0.0183491348441431,0.007398291014017835,0.0,0.006444778542341469,0.0014482139368567615,-0.005063297066661577,0.015748342185240974,0.0,0.0,0.005333386974015386
2026-01-15,0.005420059783384119,0.006131285199293481,0.021904883942788136,-0.002369595943069041,0.01939920900794934,-0.00428721452685944,-0.0024600600765400647,0.002322798049279,0.016985530938335488,0.007209845768362726,-0.005089064567689295,-0.01574834218524093,-0.015873334137796888,0.009132459429601386,0.03141618569489378
2026-01-16,0.005390841031565991,0.004878056088075982,-0.002503141921774468,-0.005948958710565081,0.006701777536416638,0.0032170811281086527,0.0,-0.0034863362514253567,-0.004219463413804628,-0.004319694719176133,-0.005115095676324061,-0.03226083119837008,0.0,-0.003034944561831065,0.010256517225017714
2026-01-19,0.0,0.0,0.0,0.0,0.0,0.0,0.0,0.0,0.0,0.0,0.0,0.0,0.0,0.0,0.0
2026-01-20,-0.009000948140961296,-0.025879497355787255,-0.0033472721613285674,0.003573620349728239,-0.0329806009141966,-0.01401643665132,-0.014888579743082022,0.004645715132629186,-0.0021164269940593746,-0.004338364986043341,-0.06899286712031094,0.04800917338361099,-0.04082195478382607,0.0030349445618311297,-0.05775883514595176
2026-01-21,0.003610107109395278,-0.002500000214856739,0.002511524127118118,0.005927686686512351,0.027238961170917887,0.020419818267974555,0.004987550531914958,0.0023148450451758126,0.004228281043249013,0.0,0.0,0.0,0.008298794604689132,0.012048282946909468,-0.010869690330927302
2026-01-22,0.010752776650959483,0.017370156283274343,0.011637704747832552,0.0035397738029567783,0.007648186481488916,-0.005333248217903705,0.00496279827368938,-0.005797021975658584,0.008403506600061138,0.00433836498604328,0.005479460395805221,0.0,0.0,0.008941986006396374,0.005449646502979459
2026-01-23,0.012400495956142761,0.0024569416591349617,-0.00829881479184754,0.012873309646473237,0.0019030103533314556,-0.006437838042947455,-0.002478290474194341,0.0,0.0,-0.004338364986043341,-0.005479460395805272,-0.048009173383611034,-0.008298794604689195,0.002963004929694926,-0.027550030904700342
2026-01-26,0.012248690567802284,0.0170320956690202,0.02061927734399099,0.0069524152147363025,0.01228166342492182,0.0,0.0049505138991316824,0.011560743425897503,0.018653399621742985,0.012959105319364186,-0.033522726277075525,0.0,0.0,-0.011904990936091438,-0.04572218890715154
2026-01-27,0.022356875035942754,0.014371557947809047,0.023397578024838692,0.005757056077934487,0.025951426675989105,0.005367704644196486,0.004926067589080451,0.031676817473067526,0.02634397694579018,0.009964549556899889,0.011299544599374666,0.0,0.0,0.014859171266314012,0.00583089499130505
2026-01-28,0.003395584193428367,-0.010759273775154446,-0.009615426317784956,0.03497259816979594,0.006383952732837891,-0.004291814738575476,0.009780046685864041,0.009972346847236606,-0.010050351655798756,-0.0028369263432630443,0.05996347327187628,-0.01652928566578902,0.03278979077748378,-0.0178576423921361,-0.03550674903474713
2026-01-29,-0.01365206973923208,-0.026798120436980297,-0.02115624679509629,-0.01789766022661127,-0.013730141530960105,-0.018448701800361386,-0.029631790972282107,-0.0055278391185935956,-0.020408904213264266,-0.005697972957687374,-0.021391169524983083,-0.01680720250373277,-0.024490996172794488,-0.0555697787417187,-0.03681388810340538
2026-01-30,0.013652069739232083,0.042302359358314015,0.05907543064134839,0.01122354625287443,0.029066488638312914,0.006550184807501116,0.0,0.002214760973509316,0.004115278923272641,-0.004294957573777945,-0.005420062216286015,0.0,0.008230491061099875,0.02507964292203339,0.0062305227066985205
2026-02-03,0.011794559919525369,-0.03614861876300851,-0.032298935840405524,-0.008968715327112924,0.01245572762966999,0.008667472559882471,0.005000019331642003,-0.0044345456337444526,0.016293625289991433,0.012829856874728257,-0.021978951350272766,0.0,-0.02489752698831648,0.015361269456627582,0.006191943537858619
2026-02-04,0.0,0.0012263021838657072,-0.0024048220150603584,0.008968715327112875,0.00617012104686494,-0.002159809251849641,0.004975143466564272,-0.00222472306840791,-0.008113627733940485,-0.0014174226632795578,-0.016807102601408698,0.0,0.008368241322527527,-0.027822507212523793,-0.025001269357053716
2026-02-05,0.0,0.0,0.0016038054682805307,-0.02143335185521685,0.001755897578759588,-0.021858814570309516,0.0,0.0,-0.002038759854870941,-0.008547126893620326,-0.03448614298701731,0.0,-0.03390162018676693,0.021706271625627133,-0.0387144991771844
2026-02-06,0.0,-0.0024539268553100645,-0.0024066738068757327,0.0034148638763323047,-0.010582103933899476,0.005509661085962764,0.0,-0.008948610181715432,0.014184598455671701,-0.002865307317828436,0.0058309146364764605,-0.017094417683034165,0.008583735786265884,-0.03115513594547703,0.0
2026-02-09,0.010000150787730807,0.014634400422029552,0.0040079884938796625,0.015783812085104307,-0.007117521478256962,0.01634915348434689,0.0,0.022223201371078985,0.0218914760871117,0.014245273294361344,0.0,0.0,0.0,0.046376114759994036,0.02597545195807564
2026-02-10,-0.004987615948653511,-0.007290490352348164,-0.0008002981402241422,-0.019198675961436484,0.019452445218073527,-0.008686294505659626,0.0,-0.00661532248721128,0.005888113622313397,-0.009950315720583377,0.06744128230222217,0.017094417683034057,0.02531788440050099,-0.012158148115251179,-0.019418079818268576
2026-02-11,0.02143533126948251,0.0012187686773408807,-0.007231885400254934,-0.002283144776941173,0.0,-0.005467487492115026,0.0,0.0011056507972728488,0.005853646587105922,0.0,0.010810905654593712,0.0,-0.008368241322527534,0.024170321525492346,0.0
2026-02-12,-0.009836130638245691,-0.001218768677340877,-0.004040376414867314,-0.0022883694579916916,-0.007029874222718904,0.016313591249624323,-0.0024845077994949524,-0.001105650797272936,-0.0019473472342316875,0.002853044835331789,-0.03278985700486635,-0.017094417683034165,-0.01694964307797349,0.005952406857414961,0.0
2026-02-13,-0.00661158468258322,-0.0024419418580781766,-0.023761850498100083,0.011389620367299819,-0.025905871489617847,-0.017410727520798742,-0.010000101466997396,0.0,-0.017699585608234956,-0.0057143225022934846,-0.011173290180334456,-0.017391726485559075,0.008510681896768206,-0.014947946133749942,-0.01980262101579345
2026-02-16,-0.010000150787730668,-0.012300333577886804,-0.006655656522788895,-0.0011331639402967992,-0.004535167456227595,0.020641771953776696,-0.0025156987391460684,0.006718997367987594,0.0019821836774224773,0.03242003539226105,0.027702642073505958,0.017391726485559075,0.0,0.03259548735482095,0.006644514082602397
2026-02-19,0.010000150787730807,0.011077031595625255,0.009140141380291903,0.01015243629827933,0.014440705824694058,-0.0021529385971691428,0.0,0.008888938939973553,0.0019781657794015676,-0.011157690477622299,0.03226083119837014,0.0,0.008438961181205244,0.005813977812593763,0.013158106933191012
2026-02-20,0.01317974327129722,0.0012233019822615624,-0.007472049601172046,-0.007887391024934,-0.005390845833831827,-0.002157375238371577,0.007528249674228431,0.0,-0.005946469991242793,-0.007037335679792361,-0.021391169524983083,0.017094417683034057,0.0,0.0,-0.013158106933190956
2026-02-23,-0.0016380800541331442,-0.0036743435401587173,0.004158056251588683,0.017937683802113264,-0.004514692534634484,0.0043103138355406745,0.022250678388945823,0.007713503401217435,0.009891293167466179,-0.0014134158473014416,0.010752781438702515,0.0,0.008368241322527527,-0.0474867325488015,0.0
2026-02-24,0.014646374889610361,0.015825095425841366,-0.004158056251588569,0.008849659895133508,-0.012750680485937286,0.0,-0.019753763524100087,-0.004400443105183411,0.0019665912823688615,-0.0028328390829126405,-0.016172843654988424,0.0,0.0,-0.05948542420521166,-0.02006755713870844
2026-02-25,-0.0016168922966694164,0.0036166987628658605,0.00166531388208043,-0.008849659895133468,0.00821551302970979,-0.006472562363560912,0.007453433940758483,0.0011019537304638209,-0.02789027823634076,0.00565774444292859,-0.010929059852906334,-0.017094417683034165,-0.008368241322527534,0.025479120524687714,0.013423043056106077
2026-02-26,-0.029558761758758607,-0.00120409348832665,-0.00835427933791487,0.0022197945614252507,-0.0045558289389422925,-0.002166829274407702,-0.007453433940758548,-0.005521846353188035,0.010050351655798671,0.0,-0.022223181677700817,0.0,-0.008438961181205271,-0.0063091778319892215,0.006644514082602397
2026-02-27,-0.0033388966169896773,0.011976067006157342,-0.02377022044804856,0.011025446216740014,-0.027779550469884774,-0.026375245501457357,-0.012547269033459351,-0.004439514833672001,-0.014098986258478685,0.014005780533112414,-0.005633812421074309,-0.035091286779138975,-0.017094417683034165,-0.051959731808562684,-0.06145276072794012
2026-03-02,-0.020270935816128727,0.007117582749315217,0.005141340759708878,-0.018816273915453163,-0.008486563998730857,0.00222478317506934,-0.005063249893284863,-0.016825929113299554,-0.01636026961058429,-0.0069784042859842455,-0.03448614298701731,-0.018018488085736913,-0.035091286779138975,0.12221761209613022,-0.035846149678241665
2026-03-03,0.010186830883530878,0.016413021990280403,0.0,0.0022321817913238447,0.014104553514396954,-0.00892866104778381,-0.01020418842498925,0.012366617064980429,0.008213591734884887,0.006978404285984214,-0.011764830029498071,0.018018488085736917,-0.018018488085736913,0.017544333773747214,0.007272815236675338
2026-03-04,-0.015319426786989828,-0.011696034323873509,-0.014636521058867431,-0.001115468066347491,-0.0074976581568518535,-0.002244650397334208,0.005115109838702186,-0.005602277099279644,-0.010277498480789635,-0.015417270045826832,-0.01190496206238883,-0.03636760869192046,0.0,0.0,-0.05205640447841566
2026-03-05,0.00342465599097789,0.0,-0.003475230824642647,0.0022295863986095945,-0.019953191618556396,0.010061538564977681,0.002547745871554535,0.0,0.012320423370357604,0.011236046789688797,0.005970161462833876,0.08855331315409355,0.0,0.028573342911221156,0.007604657732665291
2026-03-06,0.005115093393568426,-0.002355829810354196,-0.00698690455145378,-0.008948543626243774,0.000959309223053865,0.008859445834173862,-0.005101999335355298,-0.007896227900768478,-0.006141237701180016,-0.008415194246754453,0.0,-0.017094417683034165,0.018018488085736917,0.20067068928710385,0.0
2026-03-09,-0.025841194056286026,-0.021454807611525187,-0.02305071745714507,-0.028492004403098705,-0.037113676896797745,-0.04217147748471669,0.01774438517690377,0.0,-0.02705690622180406,-0.025679006103410406,-0.036367610005954516,-0.05310977486487591,-0.018018488085736913,-0.033178366825146646,-0.08701137698962981
2026-03-10,0.017301444671739663,0.023810637421879374,0.03003762200859894,0.040775794259617484,0.024571232331623064,0.02415298939897977,0.006349251899202967,0.014615225268756015,0.027056906221804015,0.02144473771317449,0.006153859705557772,0.018018488085736917,-0.009132474615119266,-0.054468914354975514,0.04839652366609032
2026-03-11,0.011935333577974694,0.01285803351580417,0.0043422175291059064,-0.002222261043928816,0.010622997548982861,-0.005698042789053764,0.007566233103822359,0.013303952966471196,0.0,0.007047186101843496,0.042048267218125074,0.05218570446217316,0.03603990164082969,0.05205631271963129,0.0
2026-03-12,-0.00261900515003773,0.0011608811514896022,0.006047534990408401,0.012161666024629567,0.0019194470161917965,-0.005730696632532716,0.01000007379760166,0.0,0.012552454174974593,0.01117334233789535,0.017493140423409482,-0.017094417683034165,0.0,0.10536052717563239,0.023347263600202693
2026-03-13,-0.01054490345582453,0.002415400157722015,-0.02294895334414942,-0.030119483332435474,-0.0038835888409663663,0.005730696632532733,-0.007490664594348024,-0.03359780697706415,-0.004166668762577977,-0.013986260049503098,0.10939855620472233,0.0,0.06840276263062166,0.03208833528355106,0.03030549153408743
2026-03-16,0.014035305200489975,-0.004836764199049148,0.0017841626227588217,0.006772150054856999,0.0009723120873157967,0.005698042789053831,0.0,-0.006857108690263342,0.00208555419132783,-0.0014093630302199837,-0.010416751156715455,-0.035091286779138975,-0.025105997108422044,-0.03644563657852305,-0.007490729015390742
2026-03-17,0.01039877998110434,0.012048384201170593,0.01591539804428352,0.004489313816646322,0.003879729607110218,0.0,0.005000065104307523,0.0022908949361331405,0.012422507734227345,0.0014093630302199223,-0.026526729166799174,0.0,-0.017094417683034165,0.07768855658027576,0.00754719816612951
2026-03-18,0.011996663906413125,0.01780457894851043,0.01739180905944718,0.05022891252106265,-0.006799413695085314,0.018018488085736917,0.012391661123691325,0.013636562387651652,0.014300487850344563,0.002812917711607738,-0.005390843438307593,-0.018018488085736913,-0.008658054700508611,-0.010152313468980687,0.022305735765589245
2026-03-19,-0.01199666390641306,0.0035231667026496354,-0.013889181725769854,-0.03909307075259139,-0.025667769056748654,-0.06453857080810949,0.007362047842330416,-0.020525162036484038,-0.01224503963950984,0.004204664047619002,0.016086122327765937,0.0,-0.035401893431374704,0.1118698798611655,-0.029852933931718725
2026-03-24,-0.022668819242311525,-0.009422911402011267,-0.018527221284089717,-0.005552473518515068,-0.03562721717369347,0.06118476862642241,0.014563349860448363,-0.0034622869875178,-0.0020554482108346927,-0.0013995685423184886,-0.0434851358943245,-0.037041347336331645,-0.009049826732992521,0.05675284599720705,0.00754719816612951
2026-03-25,0.00877963751654155,0.009422911402011274,0.005328646794962176,0.0011129851863461424,0.013381580922814239,-0.0033651951863005233,-0.009685296229311491,0.012636654233122609,0.014300487850344563,0.009756160397571973,0.021978951350272665,-0.038466245545726065,0.009049826732992556,-0.06040915369425566,-0.015151880967518485
2026-03-26,0.0,0.003510908975371523,-0.0035492461323130718,0.0033315423887810345,-0.00821359089721744,-0.01016374629864795,0.0,-0.00572413583227633,-0.022564989557944313,-0.0027777561115877895,0.026811231741269096,0.0,-0.018182301348111753,0.06040915369425568,0.05205640218045205
2026-03-27,0.001746765343429994,-0.01411798028404588,-0.008928664956833478,0.009436654710013394,0.0,0.04440236683144519,0.014492993113220902,-0.0011487915070965734,-0.004158006026627518,0.0,0.05657035905723801,0.0,0.0448505229944361,0.0,-0.05205640218045203
2026-03-30,-0.02294895334414942,-0.020347694502329445,-0.018100024849794897,-0.016713544911183792,-0.02611114452388126,-0.010917180823618769,0.019002928829705303,-0.03390154789575934,-0.029600542256902927,0.004246253050879978,0.12221762850445134,0.057158472275874325,0.1000834635364851,0.055336818179416915,-0.031010208081312926
2026-03-31,0.014184621799781118,0.02034769450232951,0.0,0.008948597461870642,0.0031695466575543917,-0.014372842247307765,-0.007083904606024704,0.01182051363968419,0.004282657856401812,-0.018532264796812182,0.01754429313865675,-0.01869222673014813,0.09097178231922884,-0.00983613526541211,0.01562530335027708
2026-04-01,0.026065784764974842,0.022262259465915188,0.018100024849794876,-0.0022296000938832375,0.029108155896386614,0.016565875803282278,0.0,0.020930921509077063,0.0190482276518422,0.012866532618511835,0.008658054700508674,0.01869222673014823,-0.04445171937906307,-0.11695966212083525,0.07466154804886728
2026-04-02,-0.017301453220606597,-0.010483515022541419,-0.013544190895225138,0.0,-0.023847734229710302,-0.012121322317095503,0.014117980284045808,-0.009248612425238053,-0.012658384774144153,-0.005698015696033632,0.017094417683034057,0.0,0.1410785459751301,0.10034792102986899,-0.02919912674017744
2026-04-03,-0.01760607157677191,-0.026098785180284724,-0.012808989906094874,0.0,-0.008429968324230557,0.013216038204338676,-0.009389843352046762,0.0011607928346388217,-0.01067250073409989,0.002853066265385662,0.025105997108422026,-0.03774040439905813,0.06371582987789336,-0.011794525185087888,0.07833185173733481
2026-04-06,-0.0035587191446187104,-0.021871995961644616,-0.022347277854463853,-0.04217147748471669,-0.005305072627996234,-0.0032877494432177598,0.0,-0.002322823782987026,-0.004301077929863997,-0.0028530662653855803,-0.07729170157059509,0.0,-0.0313504994185429,-0.025752512266386064,0.006825958405077651
2026-04-07,-0.005361980613494304,0.0,0.012166749535859986,0.01157413723039534,-0.0053332645945755675,-0.015486967745702438,0.004705998747108145,0.0,-0.008658054700508611,0.0,0.0,-0.03922067647349926,-0.012820752601721806,0.02235692656401734,-0.034605578862290355
2026-04-08,0.0142351025356305,0.015844342196226168,0.02752469065116354,0.013714596587686048,0.01801851278819601,0.0022271171841228015,-0.014184734133149203,0.015003069799402276,0.021506185371127504,0.004276586611975298,-0.018018488085736913,0.0,-0.05299247991408127,-0.050577466909687625,0.04811928496677107
2026-04-09,-0.01423510253563046,-0.03319302270808071,-0.004535172426464753,0.002267518397879395,-0.01481512166903452,0.012161632418628715,0.01886857873808785,-0.0045924264258159035,-0.021506185371127483,0.004258307732981223,0.10354068071743179,-0.020202687854778488,0.07216245394709941,0.040320976774838986,-0.02721253704006281
2026-04-10,0.0,0.018576338766832897,0.0036297645952369758,-0.002267518397879459,0.00319316216312679,0.002195336095339993,-0.007034075678021155,-0.003458186035497487,0.010810957345391062,-0.0028368786489228145,0.02429266911803713,0.0,0.018809313681050693,0.0,-0.013889181725769854
2026-04-13,-0.016260548889711474,-0.01732709079189004,-0.01735992224863949,-0.011415692333591479,-0.011758516713449192,0.010905274992518265,0.004694839837348985,0.006904563588962702,-0.010810957345391049,0.007077197314253113,-0.024292669118037107,0.0,-0.0379792877140689,0.033786964913948586,-0.021202188000719557
2026-04-14,0.005449643002904319,0.01117331911864117,0.004597639092906718,0.00458190512543632,0.0010747156922507012,-0.009809359388932652,0.011641619218773538,0.011402566874813098,0.008658054700508674,0.009824597595795924,-0.03333648816952178,0.020202687854778384,-0.00647250851269115,-0.020134889076731378,0.05556988107220004
2026-04-15,0.0018099966406076196,-0.006191993649176389,0.009132518560495809,-0.005730696632532716,0.0,-0.019912196165873326,-0.011641619218773457,-0.0011343478405923414,-0.008658054700508611,-0.012649455472663674,0.0,-0.06187540625445534,-0.01307206934493735,-0.046842904597062654,0.033225616041333075
2026-04-16,0.0,0.0061919936491764025,0.00904986988655931,0.0,0.00428724773891021,0.00779087384877782,0.0023392358406720136,0.0011343478405923307,0.012959132630372629,0.005641758404814116,-0.017094417683034165,0.0416727183996768,-0.013245214201674278,0.0017745793586180468,0.07550755675803075
2026-04-17,0.0036101086507148382,0.00982807914878778,0.0009004300644702787,0.003442313678817918,0.009579551606990765,-0.0011092878010480678,0.0,0.002265058492354844,0.004282657856401812,0.007007697067849566,-0.02620234783916546,0.0,-0.02702864625985619,-0.012488957079089652,0.0
2026-04-20,0.021391169070398217,0.0,0.008068188521750055,0.0057110598179126275,0.0,0.01103757656216908,-0.007034075678021155,-0.0011318879350677698,0.002134521408939022,0.0055710398696598214,-0.008888938939973515,0.07847154199718774,-0.006872872530504391,-0.04780326028024439,0.07020426234687847
2026-04-21,0.0017620713156032127,0.00973242732034403,0.02469258974538498,-0.004566213754130247,0.024072381648472658,0.0032877494432178075,0.002350231073082586,-0.0011331705572871038,0.02318336299156216,0.01379337475135257,-0.018018488085736913,0.14058202805376344,-0.013889181725769854,-0.0364374077781921,0.02785699409877504
2026-04-22,-0.012400459177022434,0.0012099491453649305,-0.014919023787118749,0.007977324098087674,-0.010395143778893461,-0.005485498052988559,0.0046838446049385874,-0.0034071280609998247,-0.008368241322527534,-0.005494513919280685,0.02690742702571047,0.03226083119837014,0.0,0.01934294500170171,-0.016620931367026272
2026-04-23,0.0,-0.004848605320285066,0.010554177276845853,0.004530014546082792,0.008324702244286086,0.0,0.0,0.006802794766490444,0.016667035927216762,0.005494513919280717,0.043296765522199646,0.015748342185240974,0.04779070051613047,0.06130060042360853,0.016620931367026387
2026-04-24,-0.005361980613494304,0.0024272412789581284,-0.0035056969047001798,-0.0033956667054905213,0.0,0.0,0.0,-0.007941124890040245,-0.006217680033439156,0.00410113120770051,-0.03448614416859313,-0.01574834218524093,-0.02702864625985619,-0.00904986988655931,0.0
2026-04-27,-0.005390800595484875,-0.006079069336731612,-0.01950418769019808,-0.005684976837638533,-0.01566607721385704,-0.006622587118136989,0.00466200844211412,-0.014917100390480303,-0.018888317074982886,-0.005471964702323253,-0.008810621353606442,-0.01600032608667548,-0.013793308523969885,-0.0036429877979378762,0.12386942511603567
2026-04-28,0.010752781208979089,0.003651828057773653,0.008025023127163777,0.004550628997046219,0.0021030982811968487,-0.005552506519400019,-0.002328343008603325,-0.00579702922683453,0.012631835249782387,-0.004123680424658028,-0.008888938939973515,0.0,0.0,0.03231876081561247,0.023981942745787976
2026-04-29,-0.01617288650030154,-0.00243303095689129,-0.002667915050747734,0.0,-0.004210628908069958,-0.007825606980943804,-0.007017510038449247,-0.012873274252141723,-0.006295972349773998,0.005494513919280717,0.0,-0.016260505111694693,-0.006968745732304421,0.0,-0.028848127880388107
2026-04-30,0.0036166370397949996,-0.008562705919049795,-0.008944552418123733,0.0011343478405923307,-0.007411330597837767,0.0,0.013986227983039808,0.007042331892575515,-0.014846544796776563,-0.004118085360568834,0.0,-0.03333648816952178,0.013889181725769988,0.044912596527305074,-0.03980621261711122
2026-05-04,0.017889547963743282,0.007343908818167356,0.0017952881239393355,0.005652948001197369,0.002123191625806121,0.010050352978966205,0.016073754681327504,0.011627971586400805,0.014846544796776646,0.017723724175774985,0.01769956029357998,0.0,-0.0069204359934654305,-0.03787032040515782,0.0
2026-05-05,-0.00711746112599564,-0.0024419430876502345,-0.009009018468760384,-0.004519777443910304,0.007395669598904551,0.0,0.0022753659248559606,0.00805999170021701,0.0,0.0,0.034486144168593025,0.01680720250373278,0.02061926692904748,0.0378703204051578,-0.010204160244013445
2026-05-06,0.0017841626227588217,0.010942376465708847,0.0009045888093798518,0.0022624961482034752,0.0052493758583805105,0.008849606874565697,-0.011428739421586523,0.004576662532905499,0.008385785412396695,0.0,-0.03448614416859313,-0.01680720250373277,-0.020619266929047586,-0.00848184743929752,0.030305320297493388
2026-05-07,0.0035587191446186765,0.007228882631897586,0.021467708563271005,0.0033840677678083084,-0.003146277577183601,-0.0022050178405892047,0.0,0.0068259043419073235,0.020661872724274735,0.0,0.034486144168593025,0.0,0.0,-0.10592847688950834,-0.010000073797601792
2026-05-08,-0.007130148014993584,-0.0036079092371582625,0.0008845846319302746,0.0011255182532255254,0.007326007918800615,-0.006644589033976515,-0.016222764562698378,-0.002270092259693771,-0.0020470328671578298,0.0013504056182226689,0.041499790864574636,-0.017094417683034165,0.054067168985500444,0.01690174975501596,-0.03580947984078617
2026-05-11,0.0,-0.0024126016353442597,-0.012455707318052407,0.0056084541036358565,-0.0041797303416171066,0.0,0.0,0.0,-0.006166558030059634,-0.0067704678345085305,0.07816478960961254,-0.017391726485559075,0.11778307051290071,-0.0037313441273883574,-0.005221939105117153
2026-05-12,0.005352329078857885,0.008418648400448541,-0.010801174686528803,0.010016795609166327,-0.008412239069549347,0.0,-0.004683844604938501,0.0,-0.0020639330310401926,0.004067766011879691,0.014925635610135518,0.034486144168593025,-0.005865113711324816,0.025831670748531054,-0.010526403080123783
2026-05-13,-0.0053523290788579135,0.0,0.0009045888093798518,-0.004439514833672001,-0.004232806387735853,-0.0022247459980224804,-0.014184734133149203,-0.00455581208221365,0.008230491061099875,-0.004067766011879717,-0.007434971238749889,-0.017094417683034165,-0.011834516917728074,-0.0018231093902705716,0.031252575526135445
2026-05-14,0.0,-0.004801925185013666,-0.0009045888093798337,0.0033315618004588414,0.0021185923144771313,0.013274624104356723,-0.021661418882859624,0.0,-0.010298791447429973,-0.016438776097217507,0.0,0.017094417683034057,-0.011976179932825855,0.009082749033782358,0.01020416024401339
2026-05-15,-0.007181352338604389,-0.004825094974829871,-0.000905407831227805,0.0022147853599034494,-0.0031796246346512185,-0.0010995304668196682,-0.017178378462660533,0.0011409275042690052,0.016427458860832002,0.004135114137728521,-0.04580958329243974,-0.017094417683034165,-0.062131797679197014,0.010791460989319218,-0.020513581533309712
