Num,Date,1155.KL,1066.KL,5819.KL,5225.KL,1082.KL,6033.KL,1961.KL,1818.KL,1295.KL,5347.KL,5168.KL,5216.KL,7113.KL,5183.KL,0166.KL,^KLSE
0,2024-05-08,-0.0040650906731166,-0.0036362814311045,0.0,-0.001584734616159,-0.0057077785777205,0.0022025370685245,0.0,0.0180180240340488,-0.0023754169205563,-0.0064102205131009,0.0069204025776214,-0.0103093317726917,0.0279330494004084,0.0101301530082325,0.0031152823374174,-0.0005792272930015
1,2024-05-09,0.0040816830849559,0.0018245284190983,-0.0050761890051441,0.0,0.0,0.0032967152839278,-0.0098039917557005,0.0,-0.0071428442075763,0.003225746828894,-0.0068728397596333,0.0,-0.0054348124222044,0.0028654868895343,-0.0403726635444805,-0.0021997378388378
2,2024-05-10,0.0030486274315921,0.001821700067468,0.0,0.0031746555164344,0.0068887708224851,-0.0109529422144242,0.0,-0.001264297884692,0.0023981400561845,-0.0032153748436885,0.0380621716761349,0.0,0.0382513144512517,-0.0128572068711177,-0.0097087110484405,-0.0003434423551256
3,2024-05-13,0.0,0.0018181900746052,0.0,-0.0015823820124928,0.0102620516346598,0.0033222713100065,0.0,0.0063292290702647,0.0,0.0,0.0,-0.0208333131329859,0.0157894983158888,-0.002894370604089,0.0098038942246168,0.0013994078560088
4,2024-05-14,0.0010132652742167,-0.0018148902591494,-0.0061224847093446,-0.0063390937622612,-0.012415270146311,0.0,0.0123763271035144,0.0050314200240086,-0.0023924027393447,0.003225746828894,-0.0133332285207231,0.0,-0.0051813758610307,0.0116110169494587,0.0,0.0018528617575501
5,2024-05-15,0.0,-0.0036362814311045,-0.0030800471626584,-0.0063795342278913,-0.0057143017715681,-0.0011037567904839,-0.007335077273715,0.0112640372678551,-0.0047960285306274,-0.0032153748436885,0.2905405080168857,0.0,0.3125000508500788,-0.0229554972314794,0.0129449751431229,-0.0016502007659382
6,2024-05-16,0.0040486330535438,0.0018245284190983,-0.0010299608325353,-0.0032102469945273,0.0034482856074966,0.001104976415706,0.0024630720600216,0.0185643080352799,0.0096384721349116,0.0209677273640123,-0.0445026341304308,0.0106383533542531,-0.0476190249125768,0.0132158525893315,0.0031949061144462,0.0049150807924067
7,2024-05-17,0.0,0.001821700067468,0.0061857102549043,0.0096617576119173,0.0034364357954024,0.0044150271619354,-0.009827895364866,-0.0036451659373876,0.0,-0.0047392895538764,0.0,0.1052630478795126,0.0,0.0144928268264137,0.0095541136497685,0.0034200084511442
8,2024-05-20,0.0070564574930667,0.0054544715057096,0.0,0.0063795342278913,-0.0022831114310881,0.0054942982154126,0.0,0.0060975451565663,0.0,0.0142855721243695,0.0,0.0285715197549742,-0.0083332790932527,0.0128571357444788,0.0126182882866832,0.0067300942186008
9,2024-05-21,0.0,-0.0072334046171532,-0.0051229981272717,-0.0063390937622612,-0.0045766719141399,0.0,-0.0272953548186186,0.0060607791107742,0.0,0.0,-0.0164383941488722,-0.0092592496827988,0.0,-0.0084626656069433,0.012461051150906,-0.0033241377448156
10,2024-05-23,0.0,0.0054648035085824,0.0092687959336346,-0.0031896889697698,0.0011494285358322,0.001093126390069,0.0153060398607995,0.0216865998169095,0.002386567767896,0.0250392264514027,-0.0306406492724998,-0.009345900627746,0.0168067133550668,-0.0156472340315831,-0.0061538808507766,0.0043709584795066
11,2024-05-24,-0.0010010937697599,-0.0036233028032425,-0.0102041763380219,0.0031998956416023,0.0022962177334771,0.0010915941157318,0.0,0.008254781126324,-0.0071428442075763,0.0,-0.0287355814724237,-0.0188679068549749,-0.0661157656753149,0.0014450939832719,0.0650154601467669,-0.0060030377088143
12,2024-05-27,0.0010020969627861,0.0018181900746052,0.0,0.0031898452581216,0.0011454785984674,-0.0010904038373193,-0.0075376167503381,-0.0023391993148802,-0.0095921828521255,0.0091602930063592,-0.0236686687268699,0.0,-0.026548606692889,-0.0086580522004894,-0.0087208339286498,-0.0006977923093594
13,2024-05-28,0.0,-0.0018148902591494,-0.0041236647637428,-0.0143084275592184,0.0034326211539206,-0.0010919327695424,-0.0050632638650411,-0.0035170868253284,-0.0024214297485313,0.0030258182268523,-0.0030303348368135,-0.0096154351043009,-0.0090909587448904,-0.0101892077480418,-0.0029324941135905,-0.0015140076826593
14,2024-05-29,-0.0090090930806968,-0.0036362814311045,-0.0010350779507639,-0.0016128507114592,-0.0045611324925757,-0.0010926743580664,-0.0152672851304085,0.0058824599457865,-0.0097087199407464,-0.0045250741596888,-0.0243161414226504,-0.0097086085940321,-0.0183486147507468,-0.0102940232165943,0.002941118927533,-0.0064796642269273
15,2024-05-30,0.0,0.0,-0.0020725151079389,0.0,0.0022909571969349,-0.004376383458257,0.0,-0.0058480589731165,0.0,-0.0015150847439943,-0.0031151446415548,0.0098037897514673,-0.0093458458203278,-0.0029718569123138,-0.0146628386295681,-0.0006789583809689
16,2024-05-31,0.0030302594067008,0.0018245284190983,0.0,0.0,-0.0274284728770002,0.0032967152839278,-0.0129198606616373,-0.0011764187376792,0.0049019516460679,-0.0106221538333414,-0.0187500422218714,-0.0582523142925257,-0.0094340146668712,0.0,-0.0327380569948418,-0.0047248924791155
17,2024-06-04,0.0130916694193221,0.0036432023390549,0.0114225064107711,0.0,0.0176263095252642,-0.0021907016984138,0.0078533941683929,0.0047114617742236,0.0121952272664611,-0.0046013391732612,0.012738830581142,0.0412370711919471,-0.0095237484888115,0.0029807151712992,0.0153845476543059,0.0117243092375438
18,2024-06-05,-0.0079522784470214,-0.0036299775961858,-0.0071867767128697,-0.0016156145093596,-0.0092379595748398,-0.0010975854482189,0.0,-0.0046893679961643,-0.0048192676667245,0.0215718867183971,0.0062893742514489,0.0297029410973199,0.0,0.0014857435057629,0.0333334474324467,-0.0042528135529027
19,2024-06-06,0.0,0.001821700067468,0.004136457345536,0.0097088186857359,0.0,0.0043956203785706,0.0077922643617021,0.0188455415229196,0.0,0.033182430354379,-0.0031251093930306,0.0576923719509283,0.0192307603429997,0.0,-0.0029324941135905,0.003854420532382
20,2024-06-07,0.0020040865542059,0.0054544715057096,-0.0010299608325353,0.0,-0.003496453605586,0.0,0.0051546763073158,-0.0011557186117004,-0.0048426689833138,0.0043795185657857,0.0689656287697673,0.027272699578553,0.0566038612792538,-0.0148366492650153,0.0204081331310914,0.0019384076103572
21,2024-06-10,-0.0009999855338569,0.0,0.0,0.0016025904016847,0.0070174433763674,0.0054704793228212,-0.0102564191961325,-0.0046296646609911,0.0,-0.0029069231138667,-0.0087976738173265,-0.008849548774388,-0.0178571332778511,0.0105420708807355,0.0057970070767736,-0.0021571645667574
22,2024-06-11,-0.0010010937697599,0.0,-0.0010308096362906,0.0,-0.00232276801698,-0.0054407159984504,-0.0051813843301025,0.0034882779453495,-0.0072993199128204,0.005830870812491,0.0029585381665742,0.0089285625239288,-0.0090909587448904,-0.0178836974224244,0.0028818696717565,-0.0017839806807133
23,2024-06-12,-0.0020039791828394,-0.0072334046171532,-0.0041279198633157,-0.0048001570393196,0.0023281758293343,-0.008752766916514,-0.0078125563522151,0.0139050295052369,-0.0049019516460679,0.0057969943777986,0.0147492725835691,-0.0265486463231642,0.0,-0.0015175338013163,0.0919539669248272,-0.0015762052993767
24,2024-06-13,-0.0040160063588201,0.0072861079842878,-0.0031088797686323,0.0080386394124842,-0.0034842710136375,0.0022270299092868,-0.0052493159043029,0.0057141515295593,0.0049260991458848,0.018732125788246,0.0319767228042036,0.0181817997190354,0.0642200965071366,-0.0015196888769201,0.0236842876235612,0.000758316175434
25,2024-06-14,0.0020160998492246,0.0,-0.0020789784018317,-0.0031896889697698,0.0,-0.018888772607852,-0.0052770166316347,0.0034091764038295,0.0,-0.0042433846889411,0.0112675857514275,-0.0036562858585013,0.0086207378774012,-0.0015220776280051,-0.015424234961257,-0.0017700600423956
26,2024-06-18,-0.001006129487884,0.0,0.0,0.0063999480716627,-0.004661958041482,0.0135899828414642,0.0106100225286149,-0.0033975934085512,-0.0049019516460679,-0.0042612487536259,-0.0111420418395543,-0.0366972558693565,0.0,-0.0076219893995717,-0.0078329019159831,-0.0007403264104307
27,2024-06-19,0.0010071428039577,-0.0054248816433641,-0.0010417624432795,-0.0079491004565545,0.0011709634182199,-0.002234494977568,-0.0157479477129089,-0.0022726270375165,-0.0049260991458848,-0.0114123501744181,-0.0338027572542825,-0.0095238117229892,-0.0256410651422237,0.0015360295837889,-0.0210526198242103,-0.0039473553205769
28,2024-06-20,-0.001006129487884,0.0036364788673164,0.0,-0.0048076926851916,0.0058479693329396,-0.0022398434359078,0.0,0.0011389018178225,-0.0024752428647041,-0.004328961635014,0.0116617146628825,0.0192306571470202,0.0175438522522222,0.0,-0.0080645199169854,-0.0044381434331287
29,2024-06-21,-0.0070493521556341,0.0,0.0,-0.0048309971547375,0.009302351068928,0.0056116038558511,-0.0053333045047813,0.0079634794882614,-0.0074441546848798,-0.0057970688529185,-0.0144092323068725,-0.0094338511332412,-0.0258620064552204,-0.0092024247074515,0.0,-0.001456621423134
30,2024-06-24,0.0020284771456431,0.0,-0.0010427410671848,0.0194174788070755,-0.0172812119173445,0.0234376733653016,0.0053619011563728,-0.0124151545021991,0.0074999857388542,0.0,-0.0730993251036185,-0.0095238117229892,-0.0530973197244,0.0170279503938544,-0.0108400007901101,-0.0004464124321257
31,2024-06-25,0.00303639344657,-0.0054351017454942,0.0,-0.0031745777443737,0.0082064138118769,-0.0163575987738842,-0.0053333045047813,0.0102856150703407,-0.0074441546848798,0.020408085298406,0.0283910767425528,-0.0288461605711788,0.0093458458203279,-0.012176621024041,0.0,-0.0026924180043839
32,2024-06-26,0.0050454442485492,0.0,0.0062631928452094,-0.0015923829015369,0.0116278197096482,0.0033259011583217,-0.0080430205027726,0.0022623435775832,0.0025000608147711,-0.0057141804216607,0.0061350340465151,0.0396039699033259,0.0092591984774059,0.0046224428368362,0.0082191126922661,0.0035133193757381
33,2024-06-27,0.0,0.001821700067468,0.0,0.0015949226290608,-0.0057471426791612,-0.0066299789109955,-0.0027025862740711,-0.0011285013408492,-0.0024938260978649,0.0014367180660632,-0.0091463624704577,-0.0380952468919569,-0.0183486147507468,-0.0291410243007577,-0.0027174150817961,-0.0037776234011623
34,2024-06-28,0.0,0.0018181900746052,-0.0041494372082535,0.0031846877833334,-0.001156072650301,-0.0088987818711416,0.0027099100397485,-0.0011300108099716,0.0049999904925694,-0.011477771039115,0.0092307906274251,0.0099009924758315,0.0280374251594512,-0.0031595735668989,0.008174390627524,0.0032493498835628
35,2024-07-01,0.001004001589705,-0.0018148902591494,0.0083333458942005,0.0,-0.0011571735511318,-0.0033669623135106,0.0081082352047658,0.0045248045453478,0.0024875574825224,0.0159651332432815,0.0213413876066088,0.0,0.0181818082510218,-0.0063391762274421,-0.0027027264061267,0.0051003311296153
36,2024-07-02,0.0020060966421606,0.0018181900746052,0.0,0.0,0.0046346501741925,-0.0022522246980202,-0.0160858384836891,0.0,0.0024813848949598,0.0,-0.0089551717836632,0.0,0.0,-0.0047846339037217,0.0298102896700938,-0.0001501628342555
37,2024-07-03,0.0030030667815248,0.0018149887980929,-0.0010330460486549,0.0047619055025911,0.0,0.0124151976538982,0.0108991924697012,0.0247750856155879,0.0024753077839987,0.0128572362991039,-0.0090361655279493,0.0294117716972193,0.0089285129948917,0.00641028863294,0.0210526855124464,0.0108638425091562
38,2024-07-04,0.0079839158146897,0.0,-0.0041364573455359,0.0,0.0,0.0033445553570643,-0.0026955050527399,-0.0043956374786195,0.0,0.0042311971095831,0.0273556871006199,-0.0190476234459785,0.0530974260630219,-0.003184729282551,-0.0128866463543302,0.0008853067865737
39,2024-07-05,-0.0059405083425141,-0.0018117005818314,-0.0031153363502846,-0.0015797274732093,-0.0011531696153099,-0.001111097572405,0.0054054447667437,0.0,-0.0024691957645026,-0.0014043602723238,0.0059171490120035,-0.0097087401494916,0.0,0.0015973725591531,0.002611054203603,-0.0035441351283439
40,2024-07-09,0.0019918962280018,0.0054445722385052,0.0031250720006856,-0.0031646089731006,-0.0011548558541857,-0.0055617814208273,-0.0053763830252557,0.0044150444133126,0.0173267649722232,0.0140646536948174,0.0,0.009803923899073,0.008403306189032,-0.0079745221857678,0.0208333197908379,0.0021104793068007
41,2024-07-10,-0.0039759794472316,-0.0018050624661575,-0.0072689750451104,0.0,-0.0057802448135734,0.0,-0.005405308657443,0.008790932848786,0.007299192285598,-0.0013870438091596,-0.0117648291346277,-0.0097087401494916,-0.025000037550825,-0.0080384662981238,0.0076531279882594,0.0024528690363769
42,2024-07-11,0.0039918509646232,0.0072334046171531,0.0031379312358004,0.0063491554887475,0.004651056407952,0.0044742185594088,0.0027174108276444,0.0239652154961238,-0.0048309089991074,0.0138889899992133,0.0208334810794441,0.0294117716972193,0.03418812109067,-0.0032415073033168,0.0126580846622923,0.0029288487376721
43,2024-07-12,-0.001987936464856,0.0053859230824717,-0.0010427410671848,-0.0015772358703731,0.0034721135284603,0.0144767819553128,0.0,0.0,-0.0024271163264585,-0.0095890395530019,-0.0087463755214071,-0.0095238117229892,-0.016528916591838,-0.0065040976867869,-0.0124998603714437,-0.0025013163140439
44,2024-07-15,0.0099600147884659,0.0160714048520107,0.0073070223562927,0.0015797274732092,0.0034603359990508,0.0076838821627731,0.0081300030755349,0.0234042153884197,0.0048662345464172,0.0013829936417688,0.0176470991992745,0.0096153868570596,0.0252100195440989,-0.0081833473993742,0.0126580846622923,0.006645761927237
45,2024-07-16,-0.0039447164809003,-0.0052723364600487,-0.0103627897531425,0.0015773131517622,0.0,-0.0130718465349475,-0.0053763830252557,0.0322246206975633,0.0,-0.0013810836119148,-0.0173410794499979,0.0,-0.0081966680278533,-0.0165015699035973,-0.002500021997348,-0.0023683507864481
46,2024-07-17,-0.0019802755431673,0.0035334889085283,-0.0031412173299436,0.0,0.0011494285358322,0.0022075914221697,0.024324365341046,0.0171198136142329,0.0096850839482958,0.0027662005110495,0.0176470991992745,-0.0095238117229892,0.016528916591838,0.0117450253120143,-0.0050124504233669,0.0046619094609374
47,2024-07-18,0.0019842048154359,0.0035212385062921,-0.0021009247282456,-0.0015748291530274,-0.010332979800647,0.0198237681593902,0.0105540997018436,-0.0188118720325826,0.0191846172859928,-0.0041379609506337,0.0144508048771085,-0.0288461605711788,0.008130028085818,0.0016583004402126,-0.0176322072875715,0.0001652971612529
48,2024-07-19,0.0,0.0,0.0010527283518044,-0.0015772358703731,0.0,-0.0172787355615779,0.0052219041347629,-0.0010090371444206,-0.0023528752540431,0.0,-0.0256410848608356,0.0198019849516628,-0.0161290244431163,0.0033111924966855,-0.0128206244170843,0.0016770555548748
49,2024-07-22,-0.003960444990672,-0.0017544890735213,0.0,-0.0110584019263556,-0.003480169499301,-0.0109891013369892,0.0025974868570697,0.0080806602724385,-0.0117924309467929,0.0,-0.0058478713063198,-0.0194174802989832,0.0,-0.009900958374057,-0.007792211665476,-0.0088479436051657
50,2024-07-23,0.0039761924822703,0.0,-0.0021031338770622,0.0079871169221497,0.0034923233765979,0.0033334065941823,0.0051813190963772,0.0010019598317672,0.002386567767896,0.0,0.0,-0.0099009924758314,0.0163934345496747,0.0216667763400013,0.0,0.0046916025041245
51,2024-07-24,0.0019801694475047,-0.0017574772939239,-0.0042151327425917,-0.0095085629945792,-0.0023200733828241,0.0033223319110819,-0.0180413021781343,-0.0070069061456428,-0.0047618336922011,-0.0027701032126791,-0.0029412072836568,-0.0100000024245956,-0.0241934882119964,-0.0179446239795764,-0.0078532763870654,-0.0052403163694944
52,2024-07-25,0.0019762561255045,0.0035212385062921,0.008465622470053,0.001599947820801,-0.001162793883616,-0.0033113305718549,0.0,-0.006048329308297,0.0071770827281059,-0.0277777658824455,-0.0088496505075013,0.0,-0.016528916591838,-0.0016610552431542,-0.0237467765711503,-0.0036764011027095
53,2024-07-26,0.0,-0.0017544890735213,0.0,0.0,0.0011641475472636,-0.0044297380485658,-0.0078739408115459,-0.0070994986484261,0.0,0.0014286552222042,0.0059525171660266,0.0,0.0168067133550668,-0.0049917881870015,0.0,-0.0014240200792726
54,2024-07-29,0.0059171803984958,0.0017575727156469,0.0031481352339204,0.0015973920768288,0.0058138502915681,0.0122358963250928,0.0052909101276703,0.0143004178476711,0.0071258146767374,0.005706101780746,-0.0118343707028626,0.0,-0.0413224404415391,-0.0133779111062747,0.0054053853486619,0.0072417375598787
55,2024-07-30,-0.0117647466686109,-0.0070175752768589,0.0041840524678016,-0.0079745350011279,-0.0057802448135734,-0.0109891013369892,0.002631598128977,-0.0130916897961128,-0.0141509171361514,0.0,-0.0479041806063975,0.0101010125748348,-0.0603447507878422,0.0016949238360215,0.0161291069348563,-0.0077683291059268
56,2024-07-31,0.0138889021771611,0.0088338661625484,0.0041667267793885,0.0128617915510353,0.0,0.0111112034779847,0.0026246909970599,-0.0244896675528661,0.0071770827281059,-0.0014185228425475,-0.0408805463851393,0.0,-0.0550459544931952,-0.0186124467415181,0.0,0.0084556530505235
57,2024-08-01,0.0039140478038082,0.0017513214784583,0.0051866624880305,0.0031746555164344,0.009302351068928,-0.0175825396140705,-0.0078533941683929,0.007322177094758,0.0118765862200027,0.0014205379080187,-0.0163934545062669,-0.0100000024245956,0.0,-0.003448293030568,0.0,-0.0008119898452082
58,2024-08-02,-0.0019493938810651,-0.0017482597136718,0.0010318733012328,-0.0110758988280248,-0.0057602662724512,0.0011186692810984,0.0,-0.0083074359051449,0.0046947030089652,-0.0099290767734943,-0.0566666920509707,-0.0101010125748348,-0.0485436111676601,-0.006920535939479,-0.0529100518618658,-0.0081267977047099
59,2024-08-05,-0.0332031687383961,-0.0157617982186308,-0.0247420951371016,-0.0288000798993982,-0.0150638892242513,-0.0055865237267799,-0.0237467409387917,-0.0513088046045181,-0.0350466623955232,-0.0573066356121211,-0.1236749193289515,-0.0714285272486208,-0.0969388199268406,-0.0731704989907389,-0.0865922362258561,-0.0462866243128927
60,2024-08-06,0.0202020540950444,0.0,0.0147990938148547,0.0230643073273586,0.029411725711528,0.0056179083048195,0.0108108895334875,0.0088298597473737,0.0169489921663921,0.0364741947553637,0.0685485193022579,0.0,0.0338983580147638,0.050751752335574,0.0397554716702293,0.0246733017426767
61,2024-08-07,0.0039603388950093,0.0142349400808763,0.0104165477870299,0.0016101745865406,-0.0171427882303532,-0.002234494977568,0.0,0.0065646021040923,0.0095238547229514,0.0219941432939931,0.0339621564092611,0.0219779597601061,0.0218579127328997,-0.0304115116341106,0.0,0.0111027002878021
62,2024-08-08,0.0,-0.003508882892736,0.0,-0.0048229945938537,-0.0081396167485681,0.0011195774091659,0.0,0.0130433527133007,-0.0047170342357825,0.004304118060191,-0.018248188925211,-0.0107526257980634,0.0053475588766425,0.0092250469983736,0.0,-0.0009359999490821
63,2024-08-09,0.0019724639175955,-0.0052816187851387,-0.0134020170368091,0.0048463686034279,-0.0035169487021519,0.0,-0.0026737487265979,0.0160944903702733,0.0047393901011463,-0.0042856720218419,0.0074349316769823,0.0326086362117696,0.0212765862252317,0.0,0.0499998458258674,0.0035652132999057
64,2024-08-12,0.0039369509871329,0.0,0.0167189396786722,0.0048233096832484,0.0117647384958128,0.0011186692810984,0.0134047866445747,0.0010560291572312,0.0047171579499134,0.0,-0.0036898947410977,0.0,-0.026041623965639,-0.0164532839075518,0.0,0.0066476520328122
65,2024-08-13,0.0,0.0053096623978017,0.0,0.0047999218566325,0.0,0.0167598002066275,0.0,0.0021096113419851,0.0,-0.0028694611915696,-0.0222222727684219,-0.0210526369520126,-0.0320856102922452,0.0185873609388251,0.0084033654574937,0.0017800812186274
66,2024-08-14,0.0,0.0017605714582862,0.002055475095184,0.0015923829015369,0.009302351068928,-0.0153847643968973,0.0,0.0157894322900258,-0.0093898985510967,-0.0043165780405219,0.0,0.0107526909753679,0.0165746780653441,-0.0054745707659774,0.0,0.0017582608605959
67,2024-08-15,-0.0019607560929308,0.0017575727156469,0.0030768881757599,0.0015897733538905,-0.0069125791897929,0.0044643459708559,0.0132274751621792,-0.0207254426479839,0.0118485063279809,0.0,0.0,-0.0106383006163374,0.0,-0.027522802518374,-0.0333332801745199,0.0003659043193138
68,2024-08-16,0.0078586433656104,0.0070174800225524,0.0,0.0,0.0,0.0033334065941823,0.0052219041347629,0.0042328374671014,0.0046837701207713,0.0014450972217745,0.018939313929664,0.0,0.0326086133101017,0.0622640851848055,0.0201149033666072,0.0067950967834902
69,2024-08-19,0.0331382338021453,0.0313589328070569,0.0276074725089372,-0.004761905502591,0.0348027646441782,0.0055372576846801,-0.015584397917066,0.0179136786387528,0.0582751312393765,0.0028860238584893,0.0334574208499172,0.0107526909753679,0.0421053077612041,-0.0248668219931059,-0.0225351983931806,0.0152718310148192
70,2024-08-20,0.0,0.0,0.0009951163605315,0.0079745350011279,0.0179372712344978,0.001101307911786,-0.0026384750965302,-0.0094936107142638,0.0286344205300175,0.007194222794874,-0.0143886392383083,0.0,0.0101010051969128,-0.0018214121857408,-0.0115273348165421,-0.00359673185919
71,2024-08-21,-0.0075470614721177,-0.0033784852752906,0.0069581704280685,0.0,-0.0110132469243073,0.0066003527028242,-0.0026455216781696,0.0117145511811671,-0.0085655178208103,-0.0071428356438649,0.0,0.0212766012326748,-0.0049999675560865,0.0145985222402165,0.0145772412286429,-0.0045350676927458
72,2024-08-22,-0.0076046564642432,0.0033899381313515,-0.0039486222012354,0.0,0.0077952365409583,-0.0054643027598291,0.0132625615562844,-0.0094737311525009,-0.0086390666082979,-0.0028777186936813,0.0036497633019703,-0.0104166692975213,0.0150752785720185,0.0431655049912225,0.0114942817298684,0.0038769709285404
73,2024-08-23,0.0,0.001689105065967,0.0,0.0015822269606078,0.0,0.0054943254173707,-0.0078533941683929,-0.0170030446801646,-0.0130720970964278,-0.0101009351992727,0.0,-0.0105263184760063,-0.0297028984420971,-0.015517318637556,-0.0482955212282546,-0.0036061327083902
74,2024-08-26,0.0095786117017497,0.0,-0.0039643780640546,-0.0031596097533639,0.0022098375524315,-0.0054643027598291,0.0,0.0097295567889788,-0.0044147712693179,0.0145772893952895,-0.0290909451473091,-0.021276536748746,-0.0204082145633933,0.003502644684207,0.0059702017457869,0.0019685101069539
75,2024-08-27,0.0151801481689333,-0.0016862568010618,0.0029850405502718,-0.001584734616159,0.002205190845075,-0.002197662591611,0.013192641236948,-0.0042827010085249,0.0376937017744603,0.0,-0.0037453576352833,-0.0217392006174285,0.0,0.0157067985489518,0.0,0.0081332542848546
76,2024-08-28,0.0149533573223981,0.0405404475867039,0.0466270686595482,0.0015872499861566,0.01980192105582,0.0077089296352623,0.0286458432376619,0.0010754446132883,0.0256412038240889,0.0057470199304301,-0.0676692388975689,0.0222222955587603,-0.036458286068837,0.0463918156355354,-0.0801188020599704,0.0138897836513598
77,2024-08-29,-0.0165745442044745,-0.0081168321781551,0.0085308058729283,-0.0031694692323179,-0.0043150065282101,0.0054646387902546,-0.002531663806215,-0.0085931109409049,-0.0208334016338354,-0.0042856720218419,-0.0120967042963893,-0.0326087679832681,-0.0108108055443691,-0.0344827670780784,-0.0193547685784246,-0.0129473636808392
78,2024-08-30,0.009363260932383,0.0032733372569067,-0.0028196136936901,-0.0031797024991823,0.0130010085046936,-0.006521659212058,0.0203045873438212,0.0010834904412861,0.0255318664518922,0.0502152022166513,0.0081633512494039,0.0449438324686062,0.0054645110145477,0.0051902972085926,0.0361842821027231,0.0152701758364646
79,2024-09-02,-0.0018552608284598,-0.0032626574786254,0.0018849926529123,0.0127591465999585,0.0149733046885724,0.0010938541432121,-0.004975097578045,0.0010824279759964,-0.0145226858812268,-0.0054644501849365,0.0040484263639619,0.0,0.0217390537714741,-0.0137694379801635,0.0253968090451066,-0.0003634187539491
80,2024-09-03,-0.0055763268324653,-0.0065465856513622,-0.0075257845630406,0.0047244102993981,-0.0042149749497013,-0.0010926589337104,-0.0224999726165129,0.0,0.0105262948656814,0.0233516047191535,0.0524194151499726,0.0,0.031914943254149,-0.0226876059447077,-0.0123838545127776,-0.0009176059003769
81,2024-09-04,0.0093459609911807,-0.0065897258560981,0.003791425734787,0.0015673472020789,0.0074075366980845,0.0044148872707896,-0.0076726891177605,-0.0064866647832827,-0.0083334262220161,0.0,-0.0153257379330908,-0.0107526257980634,-0.0206186084237107,-0.021428602017263,-0.0376176468447886,-0.00382311996323
82,2024-09-05,0.0,0.016583641012227,-0.0084985841223774,0.0078247790522976,0.006302537964435,-0.0098899454974556,0.0103092877171606,0.0043524928568452,-0.002100726201311,-0.0053690284492013,0.0,-0.0108695673658396,0.0210526855023513,0.021897842161989,-0.0358306082986432,-0.0032450689583548
83,2024-09-06,0.0,0.0,0.0047619488238155,0.024844674186498,-0.0010439510671196,-0.0022199190149008,0.0102040265738663,-0.0151677628272524,0.0,-0.0067476865248145,-0.0311282570139397,-0.0109890797947059,-0.0309278816658133,-0.0035714482355874,0.0270270110727992,-0.0070277576851205
84,2024-09-09,0.0092591251297537,0.0130506299145018,-0.0075829494392314,0.0181818964680795,-0.0146289827775744,0.0022248580195238,-0.0328282664499641,0.0121011701879634,0.0105262948656814,-0.0054348216929539,-0.0040162049117883,0.0,-0.0212765223089304,-0.0197132390140327,-0.023026189652937,-0.0009860172810365
85,2024-09-10,0.0036697704075865,0.0161028690904947,0.0171918789248517,0.0208333120675356,0.0116648222985946,-0.001110072262378,0.0130548589539545,0.0141305295951534,0.0234042325329388,0.0013661300967235,0.0,0.0,-0.0054348124222044,-0.0073125650247357,0.003366864423026,0.0053648435073501
86,2024-09-11,0.002816926240688,-0.0126782612945571,0.0093897588429805,-0.0160350357105895,0.0020964419121716,-0.0011110801317583,-0.0051546114098449,0.009646130976193,-0.0228691078947526,0.0027285326628565,-0.0362902119434277,0.0,-0.021857978395545,-0.0147329552158144,-0.0155091511228793,-0.0123768645526437
87,2024-09-12,-0.003745318717881,0.001605143850712,-0.0139535210173425,-0.0148147696494078,0.0083683313168636,-0.0066738960238234,-0.0025907573987764,-0.0010615284322914,-0.0106381595274784,-0.0013606239307747,0.0125523300692458,0.0056497121870149,0.0223464260943326,0.0186915990445075,0.027397350019148,-0.0009086414135917
88,2024-09-13,0.0,0.009615515968766,0.0,0.0195489737796323,0.0010371346050657,0.0067187361704363,0.0025974868570697,0.0,0.0107525468360469,0.0068119686889855,0.0,0.0,0.0,0.0091743168698159,0.0133332516233239,0.0084477085077485
89,2024-09-17,0.0018795523702546,0.0016259184465645,0.0,0.0398229394613416,0.0051814681668711,-0.0011123160039705,0.0209973010198509,0.0127523105662512,0.0,0.002706518780029,0.2975206250831748,0.0112359445213352,0.2459015510764439,0.014545355529109,-0.0296051249788946,0.0073419512172414
90,2024-09-18,0.0018763198531355,0.0064935467212015,0.0,0.0085106394808245,-0.0020618613320625,-0.0089085501604715,-0.0154242069002001,0.0136412263329217,0.0021275881931694,-0.0053982185691479,-0.0095541620528207,0.0222222678455317,-0.0614034301798613,-0.0107526598786521,0.0203389413701615,-0.0022172130961166
91,2024-09-19,-0.003745318717881,0.0032257835630367,-0.0047169273189511,0.0056259027896314,-0.0041321369401802,0.0033708060118833,0.0026110382361748,0.0124223870954682,-0.0042462513928258,-0.0067842399857871,-0.0192926492025508,0.0108695546541865,-0.0280374251594512,0.0217392499369164,0.0299001896335058,0.0030471451098106
92,2024-09-20,-0.0037593988648174,0.0048232022255478,-0.000947954403354,-0.0069930534759687,0.0072612175316237,0.0022395787234787,-0.0026042384699536,-0.0102250574772249,0.0021322342233558,0.0,0.0327869895550101,-0.0107526778347825,0.0576923965700035,-0.0301419627507014,0.0,0.0019031139966603
93,2024-09-23,0.0094339139868584,0.0015999886024027,0.0028463654954524,0.0014084739340194,-0.0082388469011713,0.0033518613279042,-0.002610973343088,-0.0103304789580916,0.0,0.0068305802816601,-0.0222222984747739,0.0,-0.0090909587448904,0.0073127439713771,0.0,-0.0021092134407697
94,2024-09-24,0.0037383183036916,0.0063898155810608,0.0066225385739453,0.0,0.0083072893865911,-0.0033406638858157,0.0,0.0281837499193418,-0.0042553949479697,0.0203527896830522,-0.0086137012068656,0.0,0.0,0.0018147585498879,-0.0387095248895431,0.003044464144843
95,2024-09-25,-0.003724395328465,-0.0190476510973351,0.0103383245009529,0.0042194098642358,-0.0010297635426567,0.0033518613279042,0.0078534251128858,0.0,-0.010683732308786,-0.0013297285314682,-0.1016393168298399,-0.0217391740960292,-0.0917431288742116,0.0271739294268353,-0.0234900797625755,0.0018020018166178
96,2024-09-26,-0.0037384157953672,0.0,0.0018603476828196,0.0014005832904442,0.0360824676937738,0.0022271092572105,-0.0129870490377543,-0.0040609567410609,0.0086394631552078,-0.0066578374481802,0.0401459213416051,0.0,0.0303030155907386,0.0105819822662847,0.0137458778587762,-0.0012310763769968
97,2024-09-27,-0.0150091888199754,-0.0129449774350338,0.0139276108188286,0.0133708081527261,-0.0069652952390971,0.0022223860239822,-0.007894693640116,-0.0061161692201053,-0.017130594372465,-0.0006816809607733,-0.0280701715113815,-0.0111111008090735,-0.0196078338975284,-0.0069806704238335,-0.0169491739536841,-0.0067192284120611
98,2024-09-30,-0.0019048116737048,0.0131147475460842,-0.0128204618550299,-0.0055555747151969,-0.0320641177648091,-0.0022174579763668,-0.0026524613125589,-0.0235897325554833,-0.0065360632690029,-0.0150067976783049,0.0072202377129595,0.0112359445213352,0.0,-0.0087873504541102,0.0,-0.0067345335920397
99,2024-10-01,0.0057251416404442,0.0064724458354621,-0.0083488905650739,0.0111732231061698,-0.0020701871939196,-0.0011110801317583,-0.0053191633518568,0.013655339367024,0.0109648821456513,-0.0027700150593588,0.0465950293628163,0.0111111670364583,0.0399999807739772,0.0283686866250116,0.0344827172628274,0.0045363181214863
100,2024-10-02,-0.0075900349825107,-0.0176848475934733,-0.0037417724515048,0.0,-0.0103735778189438,0.0011123160039705,0.0,-0.0010361222307633,-0.0173535542827092,-0.0069445540945598,-0.0410959237937993,-0.0109890656919801,-0.0288461982850017,-0.0172413051118555,-0.0033333543129303,-0.0103115545877717
101,2024-10-03,0.0076480842092077,0.0065466850234203,0.0,0.0,-0.0010482209560858,-0.0055554006587915,0.0,-0.0124481586427405,0.0088300658759945,-0.0013984964361307,0.0107142290651187,0.0,0.0,0.0122806393907437,-0.0234114359874343,0.001366422552361
102,2024-10-04,-0.0037949680054426,0.0065040185161309,-0.0009388594245802,-0.002762440413485,0.0010493208762178,-0.0067038361666393,-0.0053476081531652,0.003151240390391,-0.0087527782672962,0.0,-0.0176677231971149,0.0,0.0,0.0051992927937158,-0.0136985473849414,-0.007054355810392
103,2024-10-07,0.0,-0.004846577837571,-0.0131579381946429,0.0,-0.004192883824343,-0.0112487348115968,0.0053763588133901,0.0031413412689043,0.0066225210615309,-0.0210085228901144,0.0323740156298821,-0.0222222016181469,0.0396039439047435,0.0051724843544118,0.0347222683499228,0.0032639057497974
104,2024-10-08,-0.0019048116737048,0.0064935467212015,0.0,0.004155206378914,-0.0010526345303811,0.0034128738237582,-0.0053476081531652,-0.0125261228868219,0.0021930214835006,0.0143063070721298,0.0,0.0,0.0,-0.0051458674356114,-0.0234900797625755,0.0002017721913578
105,2024-10-09,0.0019084469056493,0.0,0.0047619488238155,-0.0041380120847037,0.0073762061619773,-0.004535020977294,0.002688179406695,-0.0010571475446402,0.0,0.0169251145493229,0.0104530775546998,0.0113636255880031,0.0,-0.0344827789889023,-0.0171819844777146,-0.000434062275846
106,2024-10-10,0.003809424650109,0.0032257835630367,0.0,0.0055402526935708,0.0062760609506091,-0.0022779562519468,0.0026809724717067,0.0158731321923311,0.0,-0.0027738570664012,0.0034482008781562,-0.0224718890426703,-0.0190476114182442,0.0017857678159245,0.0104894892281028,0.0036882195964917
107,2024-10-11,0.0018976819459721,0.0048232022255478,0.0,-0.0013774150870107,-0.0103948272933438,0.0057078349739043,0.0080213457750673,0.0083332095703443,-0.0568928901532452,0.0055632860506256,0.0274914034291844,-0.0114942418487907,0.0291262600308106,0.0035651690676699,-0.0207612899964633,-0.0045034509744409
108,2024-10-14,-0.0018940875701861,0.0031998924012541,0.0,0.0,-0.0031513765964982,0.0045402832081362,0.0,-0.0082643410841295,0.0185614592047591,0.001383021955386,0.0,0.0,0.0094340146668712,-0.0017762518955205,-0.010600685929835,0.0018303634079164
109,2024-10-15,0.0113851019595787,0.0015950542076665,0.0094785643369679,0.0027585627966402,0.0052687186871265,0.0,0.0,0.0031250861920815,0.0205012719404313,0.002762572636608,0.0100334736349885,0.0232557913881823,-0.0186916916406557,0.0035587380757455,-0.0107142644825841,0.0033179338794151
110,2024-10-16,-0.0056283724143599,0.0015922608661085,-0.0046947823717254,-0.0096286436158208,-0.0062892183478293,0.0067795859147987,-0.0026524613125589,-0.0031153504533961,-0.0044642503988292,-0.0041322687912965,-0.0033113489446786,-0.0113636255880031,-0.0095237484888115,-0.0053192209421351,-0.0180506548435497,-0.0056882683526258
111,2024-10-17,0.0075471705540484,0.0302067162494448,-0.0066037957540731,0.0,0.0042194206823154,0.0,0.002659515574731,0.0,0.0179371923607463,0.0138311979423093,0.0132890755444847,0.0,0.0,0.0124777427749622,0.0330882641734231,0.0053961623252598
112,2024-10-18,-0.0018728058702999,-0.0092592751635605,0.0047482840167802,-0.0013888260565353,-0.0021009536024256,-0.0089785388464188,0.002652593164292,-0.0010416246756526,0.0066079337516431,0.0013642919333827,-0.00655739604088,0.0,0.0,-0.0088027354387715,0.0071174830305296,0.0027719861771042
113,2024-10-21,0.0,-0.001557703897562,-0.002835408927435,0.0013907575768965,-0.0042105381215246,0.0090598833611206,0.0,-0.0010428169821152,0.0,-0.0027247286784405,0.0231022966003926,0.0,0.0096153224009976,0.01065716365093,0.0106007737187405,-0.000188297939402
114,2024-10-22,-0.0037522482762399,0.0,0.003791425734787,0.0041666810363978,0.0105708542887712,-0.0067339326399218,0.0,-0.0104384180216798,-0.004376445328375,-0.0122951241181197,0.016129079494745,-0.0229884836975816,0.0095238629294327,-0.0070300007827263,-0.0034966991014544,-0.001908034700522
115,2024-10-23,0.0,0.0124804941891039,0.0084986817219929,-0.0027661938877195,0.0135983642483676,-0.0022598237071187,-0.0052910195545483,-0.0137130648708579,0.0,-0.0027663234503287,0.0,0.0,0.0,0.0,0.0035089689098886,-0.0006149072422012
116,2024-10-24,-0.0037663806716227,-0.0061632849096622,-0.0065544251878372,0.0277392096427413,-0.0154799187133783,0.0,0.0,-0.0160427877381172,-0.0065934113072223,-0.004160925757101,0.0,-0.0352941531211025,0.0,-0.030088531144247,-0.0069930507307599,-0.0056654759048839
117,2024-10-25,-0.0037808171203003,-0.0062015887354581,0.0,0.012145724780439,-0.0073374393039151,-0.0022650571303622,0.0,-0.0228261634803523,-0.0243363764551662,0.0013928642956235,-0.0095238369732111,-0.0121951104274183,0.0,0.0,-0.0070422978770755,-0.0085342946810869
118,2024-10-28,-0.0132827839055509,-0.0078001745021759,-0.0169650312918522,-0.0186666010568418,0.0031677990125538,-0.0124858076510339,0.0053191633518567,-0.0333704289574241,0.0113380718359732,-0.0264255736036321,-0.0032051375317326,-0.0493827423949808,0.0,0.0145987102914115,0.0070922435689044,-0.0048384588078521
119,2024-10-29,0.0057693823824953,0.0078614955392299,0.0004894392021674,-0.0095109016526343,-0.0084209684021997,0.0011493930742147,0.0079364635803678,0.0253164927820683,0.0,0.0042857531603954,-0.0064308869405608,0.0,0.0094340146668712,-0.0017985267959982,0.0,0.0028625093515712
120,2024-10-30,0.0038240919688883,0.0,0.0029352976600818,-0.0054869203519963,0.0097402487939699,-0.0080368643212281,-0.0104987164285211,0.0134679288030366,-0.0089686537610672,-0.0014225837853191,0.0291262991694796,0.0,0.0,-0.0234235042981127,0.0140845082743632,-0.0081729397497568
121,2024-11-01,-0.0095239590198739,-0.0031201028755815,-0.0146341270715203,0.004137877772909,-0.0128616861170413,0.0081019788257845,0.018567690668978,0.0044297265575967,0.0090498184493399,-0.0099714811608174,0.0031445859039556,0.0129870009233301,0.0,-0.0092250970824034,-0.0069444019111101,0.0013109443775665
122,2024-11-04,0.0038462549216635,0.0031298683869358,0.0079208950828932,0.0068680884150515,-0.0032572888288729,0.0011481901250749,0.0338541292480523,-0.0231532200465945,-0.0089686537610672,0.0129496128812891,0.0094044162034532,-0.0128205010641722,0.0093458458203279,0.0186218926334962,-0.0069930507307599,0.0077619879261516
123,2024-11-05,0.0095784950585748,0.0062402884379408,0.0098231354344151,-0.0027284559617429,0.002178512820451,0.0022935135833535,-0.0050377346477558,-0.0045146060038731,0.0022624836632294,0.0,0.0155279190718409,0.0129870009233301,0.0,-0.080438662638697,0.0105634468156132,0.0026415603020586
124,2024-11-06,0.0056926499514147,-0.0015502944663789,0.0,-0.0068399019099427,0.0217391921732224,0.0011441327077703,0.0,0.0170068101830485,0.0135437945511549,0.021306869359428,0.0519878446877237,0.0512820806729028,0.0740739216043402,-0.0059641982693832,0.0418117610294006,0.0083112810386016
125,2024-11-07,-0.0018867434328102,0.0077638372617934,-0.0009727875508401,-0.0013774150870107,-0.0085107474779654,0.0,-0.0151899145159104,-0.0044592426110905,0.0022273258831373,-0.0013909269231744,-0.0290697790537297,0.0,-0.0344826407441299,-0.0180000479630625,0.0668897221456168,-0.0066639421575408
126,2024-11-08,-0.0075614370457369,-0.0061632849096622,0.0,-0.0055172599050751,-0.01609433232932,0.006857183195466,0.0102828046001335,0.0044792165242799,-0.0022223759277115,0.0027856582196867,-0.0149701027718823,0.0,-0.0089286202829593,0.0040732422057028,-0.0188088167365252,-0.0012567388409155
127,2024-11-11,-0.0152380959950373,-0.009302342016193,-0.0126582565445692,-0.0013870347634534,0.0076334940936502,0.0011349266587377,0.0050890723633583,-0.0100334945580141,-0.0178173487535222,-0.020833381579384,-0.0243161055687014,-0.0121951104274183,-0.027026959733607,-0.0182555297653657,-0.051118134531107,-0.0073893936375317
128,2024-11-12,0.0135396020775244,-0.0015648512478912,-0.0019724371918315,-0.0013888260565353,-0.0205627376061954,-0.0079364018941764,0.0253164612715381,0.002252276273871,0.006802843101584,0.0,0.0342679358715596,-0.0123456672022499,0.0185185082165095,-0.0413223374491722,0.0101009053263996,-0.0005157376990982
129,2024-11-13,-0.0057252411786961,0.0109717084459284,0.0079052415299305,-0.0027816505864131,0.0077349342337935,0.0091429496290782,-0.0123457123480626,0.0112359601989275,0.0067566457663497,0.0212766460655982,0.0060241137495289,-0.0250000502914182,0.0,-0.0193964998943108,0.0,0.001908660113618
130,2024-11-14,-0.0115162163972284,-0.0077518010278486,-0.0009804172593929,0.0041840467193199,-0.0021930655801866,0.0011323559850169,-0.0100000273394559,-0.0022222458589893,0.0,-0.0069445540945598,0.0029939470886908,0.0128205774803862,0.0,-0.0021978679186041,-0.0066666258116619,-0.0067142080602311
131,2024-11-15,0.0058251923745551,0.0078123608950648,0.0098135955272382,0.0041666810363978,0.0010988876288839,-0.0033935703856423,-0.00757571573392,-0.0033407361481871,0.0,-0.0069929768484179,0.0119404067372028,0.0,0.0,0.004405310563345,-0.0268456387029529,-0.0051478821676974
132,2024-11-18,-0.001930451779284,0.0046512120950907,0.0077744421154817,-0.001383130614696,0.0076839904199141,0.0034051259201242,0.0152672170900751,0.0,0.0067115296979156,0.0112675424878603,0.0147492317904867,0.012658215432457,0.0090908495061314,-0.0021929407956429,0.027586208078205,0.0072844804721527
133,2024-11-19,-0.0096713317007294,0.0015431171014526,-0.0067501215314722,0.0055402526935708,0.0,-0.0022624951804037,-0.0125313618860473,-0.0022345468590894,-0.0133333424643524,0.004178311400629,0.0087209551151352,0.0,0.027026959733607,0.0043956282725863,-0.0234900797625755,-0.0010598695798024
134,2024-11-20,-0.011718752387606,0.0015409845624689,-0.0019417971894161,0.0,0.0010892016764729,0.0,0.0,-0.0011200037040749,-0.0067568771266348,-0.0083217814354524,0.0288183838912687,-0.0250000502914182,0.0175438522522222,0.0,0.0137458778587762,-0.0025961482569932
135,2024-11-21,0.0079052430487802,-0.0015386135826905,-0.0029183626525205,-0.0123967357830966,-0.0065288650805827,-0.0034012657329705,-0.0203046236040177,-0.0168160385436527,-0.0022673814330018,-0.0349649549089132,-0.0084033856031038,0.0256410785445584,-0.0086206342889095,0.0568927654016524,-0.0169491739536841,-0.0059442613977951
136,2024-11-22,0.0,0.0015409845624689,-0.0009755360485654,0.002789409749679,0.007667048158942,0.0011377401849395,-0.0129533393511045,0.0091219876422643,-0.0045455351964969,0.0144927631745634,-0.011299398608458,0.0124999878928067,-0.0086957003298308,0.0186334893934891,-0.0137931040391025,0.000692383330028
137,2024-11-25,0.0098039737066186,0.0169230370302841,0.0195312557922788,-0.0264256128546142,0.0054348253506923,0.011363663913172,-0.0052493582142605,0.0090396442415074,0.0159817854926551,0.0028570725321226,-0.002857080962452,-0.0123456672022499,-0.0087718734231946,-0.0243901783942379,0.0244755906896227,0.0048245176902821
138,2024-11-26,-0.0077670919623242,0.0090770910457842,-0.0038315157001388,0.0300000326905331,0.0021621356189844,0.0,0.0026384641166847,-0.0123181020356332,-0.0044943464886179,0.0,0.0188266894727495,-0.0124999878928067,0.026548606692889,0.0104165700149079,0.0068258960255123,0.0035682327562163
139,2024-11-27,-0.0039137928535514,0.0164917964161597,0.0,0.0055478689399359,0.0010787354371799,0.0,0.0131579317425301,0.0034013389438067,0.0022572604447714,-0.0042735433371122,-0.0056338193401642,0.0253164308649138,0.0,-0.0247422022929434,0.0067797032686032,0.0006861339046166
140,2024-11-28,0.0019645854071022,-0.0162242297225662,-0.0115383686967436,-0.0027586971084349,-0.0086206924557218,0.0,-0.002597345251572,-0.0033898090542584,-0.0067568771266348,0.0,-0.0113314087813507,-0.0246913344044998,0.0086207378774012,-0.0105708302119504,-0.0404042905111752,-0.0042138131623032
141,2024-11-29,0.0,0.0134933168727131,0.005836626834796,0.0041494591857611,0.0032609389022342,0.0022468996118494,-0.0104167597075455,0.0045350801037375,0.0136054532689751,-0.0228897877210239,0.0085959784820459,0.012658215432457,0.0,-0.0042735275127745,-0.0315787152133455,-0.002003111876404
142,2024-12-02,-0.0117648093562122,-0.0295858229413832,-0.0058027582999865,-0.0082645575854601,0.0010833014149549,0.0,0.0157895180910361,-0.011286687423793,0.0,-0.0131772058396525,-0.0113636695804173,-0.0124999878928067,-0.0170940091937774,0.030042977503633,0.0036231208942276,0.00074637699358
143,2024-12-03,0.0099207922062627,-0.0060975984176898,-0.0038910517331156,0.0027777873575984,-0.0064933186410285,0.0011213867565658,0.0051813614959357,0.0114155309534411,0.008948821167666,-0.0074183657045813,0.0258620398357101,0.0379746462973709,0.0173912961704061,0.00416668918334,0.0324909993374564,0.0071953146446734
144,2024-12-04,0.0,0.0076687387121321,0.0068360136684686,0.0110804379521975,0.0065357573963635,0.0,0.0180412868069763,-0.0180586539009727,0.0044344403110645,0.0194320397471274,0.0336134770943497,0.0121951104274182,0.0427350743360013,0.0207467965393812,0.0314685545523456,0.0044369524170675
145,2024-12-05,0.0039291708142044,0.0015221398827836,-0.0009699568649509,0.0041094693538898,0.0010823466563187,0.0,0.0025315894976725,0.0,0.0088300658759945,-0.0029325532750018,0.0027100683020864,-0.0361445445698767,0.0245902010714962,-0.0182926337956784,-0.0033898516343016,0.0009603236876187
146,2024-12-06,-0.0058708934214106,-0.0106383021569405,0.0029124992260525,-0.001364194769391,-0.0032432034284766,0.0,-0.0176767537294885,-0.0080458871335337,0.0021881102747338,-0.005882282570841,0.0189188747184283,0.0124999878928067,0.0560000184569811,0.0103519723282685,0.0034013818140026,-0.001479298994063
147,2024-12-09,-0.0059054616870377,0.0092165238279975,-0.002904041208281,0.013661182013605,-0.0119306567294482,-0.0089586561890574,0.0051414661922291,0.0023172855673005,-0.0087335558944549,0.0221892502649292,-0.0053049904912019,0.0493827423949808,0.0075757079217764,-0.0143442898339445,0.0067797032686032,-0.0011281241525259
148,2024-12-10,0.0,0.003044118419385,0.0067959953258489,0.0026954269867898,0.0098792429120071,-0.0169491369771603,-0.0025576151503673,0.0150290047677263,-0.0044053645891726,-0.0101302164966341,0.0400000182919644,0.0235293886653287,0.0300751730251676,0.0582120698467101,0.0067338811171349,-0.0015266458523267
149,2024-12-11,0.0019801466849533,0.0,-0.0115718460874675,-0.0376344712283858,-0.0032608296726871,-0.0092915987925709,-0.0102564383622404,-0.0068336699171331,0.0199115187545673,0.0058479571042455,0.0025640785652416,-0.0114942418487907,-0.01459853310358,-0.0216109751400133,-0.0033556369424343,-0.0035861573778959
150,2024-12-12,0.0019763365319824,-0.0045523198284368,-0.0048779765182014,0.0013967208883145,-0.0065431045243057,0.0023448623775352,0.0,0.0,-0.0086767214342137,-0.0145348933279173,-0.0332480847258128,0.0,-0.0222221668386178,0.0,0.0101010555760647,-0.0006985997700217
151,2024-12-13,0.0,-0.0015242986093381,0.0019608345187858,0.0,0.0076839904199141,0.0128651616291395,0.0,0.022935673207153,0.0,0.0117993434202066,0.0264550387997817,0.0,0.0681817354251828,-0.0020080921208451,0.0566665890816793,0.0041633652054036
152,2024-12-16,-0.0019724383300536,-0.0015267874815079,0.0,-0.002789409749679,-0.0065359763313739,0.0034642618187357,0.0,-0.0011210311797142,-0.0065645556031087,0.0,-0.0154639624395123,0.0,-0.0425531715438496,0.0020121326686031,-0.0220821189685856,-0.0011810563568376
153,2024-12-17,0.0019763365319824,-0.0122324097061813,-0.0156555811760603,-0.0069930308024979,-0.0164474960067981,0.0046029152567943,0.0,-0.0134679288030366,-0.0044053645891726,0.0058309817389887,0.0026177767040769,-0.0348837563899989,-0.0296297041337639,-0.0401606630939733,0.0064516427918395,-0.0059246474007497
154,2024-12-18,-0.0019724383300536,0.0030959531329111,0.0009939605675979,0.0042253666002862,0.0066888815297425,-0.0034362539591721,0.0,0.0022753369761432,-0.0066372865508984,0.0202897952171794,0.0522194125019461,0.0120481815232922,0.0534351383108799,0.0062761334913945,-0.0128204924710965,0.0014086006410081
155,2024-12-19,-0.005928700358499,-0.0123455911600148,-0.0039720954115131,0.0,-0.0033222188366569,0.0057471456975568,-0.0155440844878071,-0.0011352591780173,0.0,-0.0099431530690065,0.0049627934863571,-0.0119047509231802,0.0144927473134506,-0.0228690964846384,0.0032467681247538,0.0003188398077222
156,2024-12-20,-0.0099404102152198,-0.0156250530539752,-0.0029911032919192,-0.0140251567559896,-0.005555487941113,0.004571351881029,-0.0105262145832201,-0.0011362022768716,-0.0066812912976429,0.0,-0.0079919065319368,0.0120481815232922,-0.0571427467894042,-0.0106382003873283,-0.0194174842860733,-0.0054246522545843
157,2024-12-23,0.0120480892979233,0.0095238255486675,0.0170000304694513,0.0,0.0044692190454034,-0.0022751604771077,0.0106381945013189,-0.0034130633932586,0.0134528078995184,0.0043041998987145,-0.0281330258567077,0.0,0.0075757079217764,0.0107525885793176,0.0066006902727504,0.003009857226806
158,2024-12-24,0.0,0.0094338946512595,-0.0068830657193824,0.0071123299200235,0.001112333499291,0.0011401169969833,0.010526410799426,-0.0079908949183832,0.0066371729181891,0.005714217245351,0.0105263058828843,-0.0119047509231802,-0.0075187480823668,0.0042553426339617,0.0,0.0042538775029501
159,2024-12-26,0.0039682547895887,0.0015576213395858,0.0049505218423711,0.0169490721183136,0.0022224184902002,0.0022779807560839,0.0052082827676382,0.0057538602240183,-0.0021977285134193,0.0071023854811305,0.0104167190535626,-0.0120481815232922,0.0,0.0360168878609246,0.0098360291074435,0.0066812400593556
160,2024-12-27,-0.001976233452833,0.0046656792152242,0.0029557407812244,0.0041666810363978,0.0044344235511195,0.0,0.0,0.0171624785951123,0.0066079337516431,0.0394921239879946,0.0206185364294975,0.0121951104274182,0.0378787216734795,0.0245400136136573,0.0064934558561009,0.0089484191073292
161,2024-12-30,0.0138613366444568,0.0,0.0029469306865714,0.0,0.009933875468127,0.0045453782047377,0.0,0.0056242992823254,-0.0065645556031087,0.0067842996779516,-0.0025252500926581,-0.0120481815232922,0.0,0.0179640227195931,-0.0129031258341918,0.0058594709156878
162,2024-12-31,0.0,0.0030959531329111,0.0068560005893198,0.0096819816445457,0.0109289371427141,0.0,0.0051813614959357,0.0022370462514267,0.0044052514570567,0.0067385150153387,0.0,0.0,-0.0218977558003911,0.0137255172919426,0.0,0.0028393228171847
163,2025-01-02,-0.0058592233870173,-0.0046296784785548,-0.0068093159153912,0.0,-0.0194595464881972,0.0147058639547219,-0.0025773266867109,-0.0066963864563777,-0.0043859303310752,-0.0120481675081032,0.0050632862493866,0.0243902208548367,0.0074626377151236,-0.0599613103366341,-0.0032679886648875,-0.0057600854825941
164,2025-01-03,-0.0039293757573931,-0.0031007532807348,0.0039176296407339,-0.002739801859749,0.003307677981029,-0.0144927357543861,-0.0051679729279652,-0.0056179800994637,-0.0088106160462294,-0.0108401158227063,-0.025188952728082,0.0119048218810928,-0.0148148075621999,0.0267489655987764,-0.0229508428295797,-0.0020883684493465
165,2025-01-06,-0.0039447737842751,-0.0015551989285472,-0.0058536113252248,-0.0013736310588422,-0.0054945485742896,0.0056562415019043,0.0025974098075509,0.0,0.0022223759277115,-0.001369829354465,0.0206718771292875,0.0,0.0225564249428007,-0.0200401892472578,-0.0100670770096451,-0.0024486580401026
166,2025-01-07,0.0059405433381212,0.0015576213395858,0.0019627588414299,-0.0096286436158208,0.0011049588791178,-0.0011249535321923,0.0,-0.005649835187249,0.0,-0.0178326938588968,-0.0177215018728533,-0.0235294587884381,-0.0294117491138447,0.0040901023546462,0.0135592995560784,0.0026577349549596
167,2025-01-08,-0.0098423676961789,0.0,-0.001958913965724,0.0,0.0,0.0033783217673157,0.0,-0.0056815900166032,-0.0133038903564191,0.0,-0.0618556707365781,-0.0120481815232922,-0.0606061185357054,-0.0285132935079811,-0.0301003059205113,-0.009179147405035
168,2025-01-09,0.0019879161327724,-0.0124416738579608,-0.006869556605049,-0.0222221636162601,-0.0022074785851727,-0.0078563228261141,-0.0025906807479678,-0.0137143137803521,-0.0022472309544002,-0.0139664197346864,-0.0302198160286316,-0.0121951104274183,-0.0322580488862328,-0.0083856876630178,-0.0172415427163872,-0.0086819651867188
169,2025-01-10,0.0019841791388912,0.0078741268197082,0.0049408384731424,0.0028408495590448,0.0022123623276337,-0.002262519347651,-0.0051948196151017,0.0081111485190412,0.0,-0.0014164672910707,0.0226628680890776,0.0123456672022499,0.025000037550825,0.0042283527790309,-0.0105262782933314,0.0009994787185076
170,2025-01-13,-0.0019802499682145,-0.0187500305383857,-0.0117994132592578,0.0056657419159249,-0.0033113287951839,-0.0045350719143579,-0.0130547369292669,-0.003448254065318,0.002252292375545,-0.0141844068206703,-0.0027700805412326,-0.0243902208548367,-0.0162601538648358,-0.0042105490920761,-0.0141843753674114,-0.010496731798104
171,2025-01-14,0.0119048678569602,-0.0015925140614121,-0.009950301874238,-0.0028168424921687,-0.0088592502310852,0.0011389331222042,-0.0079365293318225,-0.0196079341124644,-0.0112359239316361,-0.0057553996584389,0.0,-0.0124999878928067,-0.0082645079499003,-0.0063425809041731,-0.0215827447062755,-0.005758112172518
172,2025-01-15,-0.005882404678106,0.0159489359486282,0.0050251527236837,0.0028247995074532,0.0033519142840525,-0.0022751604771077,0.0,-0.0176469485270177,0.0,-0.0231548641308659,-0.0249999768204153,-0.0253165063138293,-0.0416666958728638,-0.0106382003873283,-0.0330881158123652,-0.0090963082955717
173,2025-01-16,0.0,-0.0031396122749828,0.0040000012147289,0.0014084555334288,0.0,-0.0057012728383089,-0.0026666739130031,0.0,-0.0022728843300203,-0.0281481307375495,0.0085470004191683,0.0129870009233301,0.0347826968300677,-0.0043009933311658,0.0418250957729955,-0.0042121962943019
174,2025-01-17,0.0,0.0,0.0009960414435512,0.0056258983061154,0.0077951170459351,-0.0149083518177787,-0.0080214122297479,0.0059879655266177,0.0113896085222056,0.0365853912147338,0.0028248560935075,0.0128205774803862,0.008403306189032,0.0129588210478068,-0.0036496515272308,0.007187170603055
175,2025-01-20,0.0138066568070469,0.0015748754447804,0.0,-0.0013986061604995,0.0,0.0093132330425595,0.0107817007727666,0.0130953171880918,-0.0292793381615139,0.0132352658165337,-0.0028168987598808,0.012658215432457,0.008333379228786,0.0106609870403087,-0.0256411419233967,0.003587108878599
176,2025-01-21,0.0,0.0015721491015707,0.0039801006049369,0.0028010618081559,0.0,-0.0161477118982035,-0.0080000217390093,0.014101087250754,0.0139212433652469,-0.0072568624382477,0.0028248560935075,0.0124999878928067,0.0082644086419378,-0.0105485293060823,0.0300753279505401,0.0051642744531721
177,2025-01-22,0.0077822042214938,0.0,0.0,0.0027933057765425,0.0,0.0011723133209493,0.0080645382200852,-0.0266513211548689,0.0068649928616251,0.0146198927606138,-0.0169013925592851,0.0123456672022499,-0.0081966680278533,0.0106609870403087,-0.0255473799521657,0.0046442732318703
178,2025-01-23,0.0,0.0,0.0,-0.0013926946661719,0.0022099177582359,0.0,0.0,0.0083333616220182,-0.0136364888577189,-0.0057636925374429,0.0,-0.0243902208548367,0.0,-0.0189872907991697,-0.0187266751207036,-0.0066759650650428
179,2025-01-24,0.0038609035585681,0.0015700141525096,0.0,0.002789409749679,0.0011025223952978,0.0187354029761623,0.0,-0.0212514614595502,-0.0023041886409772,-0.0028985526349126,-0.0315185944972036,0.0,0.0,0.0021504966655829,-0.0267175839450853,-0.0022000829384675
180,2025-01-27,-0.0038460543137815,0.0,0.0089197500395279,0.0055632334565161,0.0,-0.011494175830462,0.0,0.0217128921502567,0.0115474323216839,-0.0232559027647473,0.0029585769599629,0.0,-0.024793523849701,-0.0042918689327398,0.0078430759469714,-0.009378997635432
181,2025-01-28,-0.0115831134405238,0.0,-0.0088408914972458,-0.0110649775758964,-0.0033039245351009,-0.0046512013976635,-0.0053333478260062,-0.0188902213627272,-0.0022830284526628,0.0119048460444524,-0.0147493183444242,-0.0124999878928067,0.0169492474712127,0.0064656054430149,-0.0233462187765978,-0.004028319605183
182,2025-01-31,0.0097657797964572,0.0078369346042346,0.0009910053075667,0.0013985380653556,0.0,0.0046729361648847,-0.0026809724717067,0.0048135290583513,-0.0137301032563847,0.0,-0.0089820275930251,0.0,0.0,-0.0042826783607418,0.0079680649985596,0.0027243704143735
183,2025-02-03,-0.0038684721487155,-0.0015551989285472,0.0039603974288637,0.0013967208883145,0.0022099177582359,0.0,0.0,-0.0155688445287102,0.0023203462584402,-0.00147055206669,0.0604229761755727,0.0,0.0416666958728639,-0.0516129724880199,-0.0237154262380903,-0.0021131714986228
184,2025-02-04,0.0077668894068232,0.0031153252371478,0.0039448743836631,0.0041840467193199,-0.0055125011813531,0.0,0.0,0.0,0.0185184898960169,-0.0029455843767347,-0.0028490001397227,-0.0126582908813723,-0.0159999915405503,-0.0136054059387062,-0.0080971030834573,0.0070351716152405
185,2025-02-05,-0.0038534646309149,0.0015527016110945,-0.000982343374701,0.0055555747151969,0.0033257898110197,0.0093022858869094,0.0215053016296307,0.0145985708929152,0.00909083692945,0.0059084236869531,0.005714280264718,0.0128205774803862,-0.0162601538648358,-0.0045977262378897,0.0081632013664121,0.0063595840359227
186,2025-02-06,0.0077368434114708,0.0031007532807347,0.002949828430987,0.0013812874554015,0.0,0.0253456597515218,-0.0105262145832201,-0.0095923664029856,0.002252292375545,0.0073421119836605,-0.0028409063970008,0.0,0.0082644086419378,0.0161663138629699,-0.0161942061669146,0.0067703819687208
187,2025-02-07,0.0,0.0015456660851713,0.0009804172593927,0.0,0.0011049588791178,-0.0179775643918627,0.0,0.0169490856720917,0.0,0.0014577638482962,0.0142450006986138,0.012658215432457,0.0,-0.0090909586395308,0.1193413855696809,0.003621056464131
188,2025-02-10,0.0038388722809614,0.0,-0.000979456982862,-0.0013793821321661,-0.0033113287951839,-0.0091535094530625,-0.0026595816759283,-0.009523789894926,0.0,0.007278062237074,-0.0112359445213351,0.0124999878928067,0.0,-0.0068807156653725,-0.0404410911264794,-0.0006034803899565
189,2025-02-12,0.0133842720268246,0.0154321525371172,0.0117647093850314,0.0055248808269701,0.0077520665240573,0.0254043157743319,0.0106666293745447,-0.0096154258086887,0.0112359239316361,0.0072254017663488,0.0198863447790056,-0.1481481535989616,0.0,-0.0438799786238033,0.0038314350719468,0.008239314480682
190,2025-02-13,-0.0075471705540482,-0.0060790643256011,-0.0106588933430912,-0.0096153505327359,0.0,0.0090089712683005,0.0026384641166847,0.0012136670027733,-0.0111110806743806,-0.0043041274069267,-0.0306406400350229,-0.0434782195556966,-0.0081966680278533,-0.0096617121061949,0.0152670558139411,-0.006718454947257
191,2025-02-14,0.0038023809056342,0.0015291221260276,0.000979456982862,0.0083217358814347,-0.0032967733165214,-0.0100446993384587,-0.005263041886208,-0.0024243298806944,0.0089885775570532,0.0014408867317854,-0.0114942418487907,0.0151515000998376,-0.016528916591838,-0.0219511596813738,-0.0075186458134165,-0.0004270942914719
192,2025-02-17,0.0,0.0030533322047772,-0.0019569971711793,-0.0027509740619383,-0.0022050447905955,-0.016910767311147,-0.0105820391090967,-0.0100376025724376,-0.0044543085903901,0.001438813564411,-0.0116278956940911,-0.0149253585286015,-0.0252102214981049,0.0,-0.0075757916820485,-0.0055541379466647
193,2025-02-18,-0.0018940875701861,0.0015221398827836,0.0078431395900211,0.004137877772909,0.0099448519920295,0.0011465390869056,0.0026738040765825,0.0088719788501463,0.0067115296979156,0.0014368189502131,-0.2323529935625583,0.0151515000998376,-0.1379309773304873,-0.0274315077333389,-0.003816811207623,0.0013141323017098
194,2025-02-19,-0.0037949680054426,0.0197567778196192,-0.0029183626525205,-0.0096153505327359,0.0010940784310535,0.0045821710049127,0.0,0.0,0.0088889330221482,-0.0057389573622151,-0.0651340401180838,-0.0149253585286015,-0.0299999855804828,-0.0025639910692318,0.0038314350719468,-0.0024986503513938
195,2025-02-20,-0.0057143356724641,-0.0074515118547641,-0.0009755360485654,0.0,0.0,-0.0022805779206627,0.0,-0.0025125066246159,-0.0110134114729315,-0.0043288982777804,0.020491783255629,0.0151515000998376,-0.0154639408329066,-0.0488432601092071,0.0114503391145934,-0.0020304899344577
196,2025-02-21,0.0057471769708445,0.0015014111641451,0.0009764886484431,0.0069348361749199,-0.0054645234845683,0.0,0.0080000217390094,0.0,0.0022273258831373,0.0130433770162929,-0.0040160604116291,-0.0447761645479588,0.0052355681676701,0.1189187701984555,-0.1132075048580947,0.0084681745735331
197,2025-02-24,-0.0019048116737048,0.0,0.0117073214089078,-0.0013774150870107,-0.0010988876288841,-0.0034285139107718,0.0158729929121903,-0.0050377946386035,-0.0066667853699158,-0.0243203678291729,-0.0403225418804342,-0.0468749563442533,0.0,-0.0966183032336652,-0.0468086173500766,-0.0042614087553528
198,2025-02-25,-0.0019083473673974,-0.0194901964960048,-0.0019285922067577,0.0082758227017152,-0.0066008001706913,0.0034403090582353,-0.0052084122158175,-0.0113924618724606,-0.002236946758415,-0.0175953196500109,-0.0294118354182603,-0.0327869509215366,-0.036458286068837,-0.0106951150874156,-0.0401784263435864,-0.010238264606675
199,2025-02-26,0.0229444520847608,0.0152904918719394,0.0260869403627737,-0.0013679270982375,0.0188262405988428,0.0114286095111328,0.0104712334838479,0.0166453964335586,0.0201792694299718,0.0134328826445502,0.0173160012311068,-0.0677965485272247,0.0108108055443691,0.0270269751893654,0.0046511836816769,0.0131884793366476
200,2025-02-27,-0.0037384157953672,0.0180723204124721,0.0028248358700395,0.0013698008859885,-0.0097825982476085,-0.0101695477507276,-0.0259066787022089,-0.0125944865965088,-0.0131869354979268,-0.0014727921883673,0.0,-0.0727273101649,-0.0053475588766425,-0.0052631223067864,0.0138888363478333,-0.0013281123700624
201,2025-02-28,0.0056286659868831,0.022189347604625,0.0046949561656763,0.0191518452362795,0.0054885173105161,-0.0011415333825633,0.034574429584675,0.0165815758535141,0.0089088459647035,0.0029498544858683,-0.0425531526343631,0.0,-0.0268818034422202,-0.0158730374523382,-0.0547947118286247,-0.0075003306423648
202,2025-03-03,-0.0037313436466782,0.0,-0.0093458439054479,-0.0040268593222508,0.0021834889922665,-0.0022859057490748,-0.030848349908238,-0.0112923415632166,0.0066225210615309,0.007352908941612,0.0088888804117839,0.0,0.0,0.0215053621973915,0.0096620608293498,-0.0021019474351124
203,2025-03-04,-0.007490637435762,-0.007235915101337,-0.0094340127156907,-0.0094339288364755,-0.0043573540434176,0.001145686710656,0.018567690668978,-0.0101521826153838,-0.006578951814576,-0.0072992383069974,-0.0440528217941891,0.0,-0.0441988095665667,-0.0394736426912509,-0.0430622763497916,-0.0100102331834336
204,2025-03-05,-0.0018867434328102,0.0116618019487819,0.0142856950043017,0.002721031385958,-0.0043764236707952,-0.0057209577876324,-0.0130208687293198,0.0,0.022074994617196,0.0161764442539948,0.0,0.0196078248044149,0.0289016843189979,0.0328766897359578,0.0050000229040816,0.0056310566403694
205,2025-03-06,-0.0018903099627183,-0.0043227358677101,-0.0187792543673928,-0.0013567907017887,-0.0065934362031737,0.0080553330946877,0.0105540532006542,-0.0205129291201939,-0.0086391303561648,0.002894284895119,0.0276497422442549,0.0192307515962582,0.0168538908663968,-0.002652469446848,0.0298505743544017,-0.0035220782212233
206,2025-03-07,0.0075756587915931,-0.0043415030386149,-0.0066986390289686,-0.0135869362086964,-0.0055310169818985,-0.0242773827414751,-0.0261096036447072,-0.0104711639757105,-0.0087147510253372,-0.0086579423759937,-0.0224215030890708,0.0188680200145661,-0.0055248263002445,-0.0106383553386405,-0.0241544642630187,-0.0074667648505851
207,2025-03-10,-0.0056390492765081,0.0058138347959402,-0.0134874317580442,0.0055096603480429,-0.023359338828342,-0.0118483994891614,-0.0053619449434133,0.0039682956405364,0.0,-0.0145560509271663,-0.0733945325371903,-0.0370371106230152,-0.0555555295944905,-0.0027099606050561,-0.0247524664484619,-0.0069865365820407
208,2025-03-11,-0.0018903099627183,-0.00867045913406,-0.0029296636551181,-0.0082192721873994,0.0056948061847637,-0.0035970092576831,0.0109289493020232,-0.0158103770855008,-0.0065934113072223,-0.0103397041354935,-0.0297029422505344,0.0384616178168377,-0.0117647707452317,-0.016304408409722,-0.0101522051486766,-0.0106152694753501
209,2025-03-12,-0.0058594815016773,-0.0087462935145524,-0.0049651994839285,-0.0193370156457367,-0.0206184475875286,0.0180503306125068,-0.0081080658399889,-0.0160641626494487,-0.0181405529799439,-0.0298507665288919,0.0204081434053664,-0.0555556107450392,0.0,0.0110497878473456,-0.0259067841090954,-0.023234593817797
210,2025-03-13,0.01178783604226,0.0044117330696109,0.0129739368427304,0.0014084555334288,0.009356739144859,-0.0189123672572109,0.0,0.0176870810368778,0.0346419901023546,0.0307692522954314,0.0199999809265136,0.0,0.0,0.0218578499277131,0.0372340747958683,0.0169716896803093
211,2025-03-14,0.0019416848336453,0.0029282367806995,0.0,-0.0014064745765288,0.0023173566316188,0.0036143439828715,0.0054495849091749,0.0080213424297608,0.0,0.0,0.0392156496088298,0.0,0.0238095851169977,-0.0080213882918923,0.0153846192516302,0.0014039423561493
212,2025-03-17,0.0096899040546785,0.0218977317139053,0.0049261636132373,-0.00140838695874,0.0161850260712936,0.0048019686987106,0.0027099907252721,0.0159151557926553,0.0133928861058818,0.0119403066115568,-0.009433953776483,0.0392156496088298,0.0058139855761516,0.0134770854216976,0.015151457015349,0.010356137900904
213,2025-03-19,-0.0057581659607982,-0.0014284856515029,0.0029411505607155,0.0014103733101169,-0.0068259775290144,0.0107525874151088,0.0108108648996751,-0.0065274620379396,0.0,0.0,0.0238096157169167,-0.018867907552966,0.0520231290156374,-0.0079787213439107,-0.0049751462156755,-0.0066435119712492
214,2025-03-20,-0.0173744457467446,-0.0100143864250018,-0.002932525561516,-0.0464788268790836,-0.005727314939159,0.0011820742945369,-0.0106952401038429,0.0,-0.0132158872333769,-0.0044248189904362,0.0,0.0,-0.0219780763929342,-0.0107238577983188,-0.009999921576931,-0.0088952727857111
215,2025-03-21,0.0,0.0180723795915092,0.0039215340809539,0.019202356356657,0.0149770245916134,0.0177095936088398,-0.0027026665240583,0.0262812045930631,0.0022321103985807,0.0044444850322094,-0.0279070597845095,0.0,-0.0168539583735,-0.0081300133794273,0.015151457015349,0.0008575663246437
216,2025-03-24,-0.00196477182891,-0.0073964735205586,-0.0175780682523057,0.0072463307926651,-0.0158911974045945,-0.010440852903454,0.0054200478979431,-0.0204865397717791,-0.0022271391780622,0.0,-0.0765550110967312,0.0,-0.0400000164794487,-0.0163935035080995,-0.0049751462156755,-0.0010827360162611
217,2025-03-25,0.0059056205844867,0.0089419219603059,0.0029820810157812,-0.0071941992451464,0.0034602849337685,0.0011723737396662,-0.013477040317117,0.0196079202350529,-0.0089285534515216,0.0029498544858683,0.010362746465985,0.0192307515962582,0.0,0.0138888851429621,0.0300000098028836,0.0065034576253686
218,2025-03-26,-0.003913867014038,0.0044312987556109,0.000991071549607,-0.0043478408130138,0.0057470640867591,-0.0035128864154713,0.0109288815778234,0.0269230416662056,0.006756771246172,-0.00147055206669,-0.0205128615816345,-0.037735815105932,-0.0119047567958057,0.0,-0.0097086021492583,0.0029400590076416
219,2025-03-27,0.01768165469699,0.0132352469335659,0.0108910921429474,0.0139397296078134,-0.0068570688897543,0.0117508231910941,0.0027027327918722,0.0137328340344091,0.0044742077227448,0.0180179663978354,0.0261780483766285,0.0,0.0120481875382791,0.0273972529859694,0.0196077465594557,0.0116464748011919
220,2025-03-28,-0.0231660578489447,-0.0072568439117557,-0.0137120241226015,0.0014471999529179,0.0011507354874704,-0.0197443635673055,-0.016172488034056,-0.0406404550408555,-0.0155900858545132,-0.0132743902969419,-0.0357143117804563,-0.0392156496088299,-0.035714198862031,-0.0346666576908266,-0.0240385074215012,-0.0143774988673126
221,2025-04-02,0.019762909457873,0.0087718985179316,0.0119164787614285,-0.0043352559803451,0.0011494128173519,0.0,0.016438336839899,0.0218228685781607,-0.0067874578001797,0.0284006491763213,-0.0158730008554686,-0.0204082042264315,-0.0061728733883371,-0.0138121509914829,0.0,0.0085026227394733
222,2025-04-03,-0.0058139620364893,0.0,-0.0068694199802026,-0.0203192605055164,-0.0149253254641706,-0.0059241409301641,0.0,-0.0201004246878337,0.0022779854554122,-0.01308137660743,0.086021486769275,0.0416666899497315,0.0496894915231973,-0.0252101451704398,-0.0147783298807947,-0.004985185424492
223,2025-04-04,-0.0019493534854602,-0.0159420217216587,-0.017786602403781,0.0059259438406646,-0.0128204890674517,-0.0035758093109961,-0.0026954477169389,-0.0051282164752441,-0.0068183102043568,-0.0073638406593049,-0.0396039230007126,-0.0600000023841857,-0.0236686975337223,-0.0574712523416532,-0.0599999583377446,-0.0097240910909031
224,2025-04-07,-0.0234374367163821,-0.0441826895637315,-0.0281689688148573,-0.0117820678091654,-0.0306965931852444,-0.023923446112483,-0.0243243300555947,-0.0489691175309021,-0.0366130873127005,-0.0267061945797748,-0.046391768414455,-0.0638297899323062,-0.066666671521723,-0.0853657607011638,-0.1808510714570871,-0.0401159235394823
225,2025-04-08,-0.0120000173986596,-0.0015407744542698,0.0031055627793836,0.0029806709856763,0.0048721146300185,-0.035539235665597,-0.0415512339317598,0.0027100332568568,0.0023751431049312,0.0076219488010591,0.0702702667871646,0.0,0.0649350345346657,-0.0200000744390531,0.0064934553420978,-0.0001662212399631
226,2025-04-09,-0.0384615266480458,-0.0385802937859598,-0.0454075481663194,-0.0029718129889254,-0.0303030613223682,-0.0241422701025271,0.0,-0.0162161863198513,-0.0308055971572468,-0.0302571765536797,-0.0050505001853162,0.0,0.0,-0.0476190358242925,-0.0645160984301235,-0.0297667509693341
227,2025-04-10,0.0515789336942826,0.0369182271440284,0.0410810412911897,0.0134128754765492,0.0375000271668681,0.0468750141388183,0.0375722471668933,0.0315933756102828,0.0391198466400561,0.0374415473542779,0.1675126491946594,0.0454545700845641,0.1097561958498751,0.0428571317110992,0.1862069542500275,0.044652639665222
228,2025-04-11,-0.017017025125626,0.0030959379404773,0.0,0.0,0.0,0.0062188746791731,-0.0111420487251028,0.0053262437565126,-0.0023530246849456,-0.006015094972948,0.0043478220306856,0.0434782186167459,-0.0054946016275171,0.0582191635631226,-0.0348838012844483,-0.0057206093028335
229,2025-04-14,0.0071283372651931,0.0169753010115878,0.0051920622408827,-0.0029411497310782,0.0156625996927715,0.0024721511771066,0.0366197801790983,0.0079469724618685,0.0165094303385529,0.0121028406309113,-0.0389610027699904,0.08333331781129,-0.0276242642776296,0.029126285283533,0.0722891815285913,0.0179410867845772
230,2025-04-15,0.0050556020077578,0.0075872781239758,0.0123966886743052,0.0044247027966461,0.0142349568120352,0.0061652592078131,-0.0081521974500946,0.009198411887928,0.0,0.0044842740384587,-0.0270270009037353,0.0,-0.0170454122619831,-0.0094339593836947,-0.0112358668784934,0.0037613740761943
231,2025-04-16,-0.0100603429256224,-0.0120482010763279,-0.0051019961152293,0.0014685218865506,-0.0280701593333417,0.0049019488563599,-0.016438404015488,0.0091146365047751,-0.0023201518940834,0.0,0.0,0.0,-0.0115606876192336,-0.0253968946276655,-0.0170455281240388,-0.0063978858217262
232,2025-04-17,0.0030487334757041,0.0,0.0,0.0043987513843253,0.0024066527608179,0.0024391092880411,0.0,0.0064516592894241,0.0069767590922731,0.002976219229565,0.018518500122024,0.2115384968074833,0.017543815267724,0.0325732821758513,-0.0057803013749181,0.0042994714656148
233,2025-04-18,0.0151976422173216,0.0060975652301327,0.0174359486880901,0.0058393631513748,0.0084032701369569,0.0279804802542502,0.019498687716386,0.0051281532560267,0.0138567266016491,0.0014836938167144,0.0136363503361538,0.0158730008554686,0.0057470891290514,0.0031546499807189,0.0116278862668948,0.0108746247617881
234,2025-04-21,-0.0039920889122112,-0.0045454384335359,0.0070562884713707,0.0,0.0119048703258344,0.0,-0.0027322706384911,0.0025510261843884,0.0022779854554122,-0.0014814957306593,-0.0044843006178141,0.0781250203726817,-0.0171428151594997,-0.0125786125115929,-0.0172413137440928,4.664951842303644e-05
235,2025-04-22,-0.0030060671715834,-0.0106544779709094,-0.022021830546675,-0.0072567936316977,-0.0094116623962359,-0.0142012073470029,-0.0027397563944443,-0.0089059038996525,-0.0068183102043568,-0.0059347017365865,-0.0315315010543578,0.0289854797037978,-0.0116279012903022,-0.0191083516506282,0.0,-0.0088164291125656
236,2025-04-23,0.0,0.0,0.0061410919320286,0.0029239499740396,0.0047504236961644,0.0,0.0027472832813817,0.0012837949639992,0.0068651187133341,0.0074626843591265,0.0093023162973839,0.0140845779860898,0.0117647000613254,0.0714285545406263,0.0643274753227838,0.010052105235492
237,2025-04-24,0.0,0.0061538502465303,0.01017295268832,0.0029154958215684,0.01300234102267,0.0084034154272019,0.0,-0.0115385186789079,-0.0068183102043568,0.0074074786532969,-0.0184331614961699,0.0,-0.0058139157141506,0.0151515853644272,-0.0109891256677036,0.0035505687708026
238,2025-04-25,-0.0080401456266115,-0.0030581448788943,0.0030212221526797,-0.0014535102078466,0.0035006616199451,0.0059523514051369,0.008219202007744,-0.0025940396121405,-0.0022880671102135,-0.0029412045513894,0.009389661902325,0.0277777501830358,0.017543815267724,0.032835811378582,0.077777849635336,0.0017788888337897
239,2025-04-28,0.0121580727789225,0.0184049208961174,0.0040160288307244,0.0029111113438924,0.0,0.0201183379117086,-0.0081521974500946,-0.0104031446177916,0.0206420130870519,0.0029498807540893,0.0279069488921521,0.0,0.0229884946341856,0.0144508629968249,-0.0103093232808304,0.0082096574670684
240,2025-04-29,-0.0040040773869162,-0.0105421567935862,-0.0050000559100519,-0.0029026613734408,-0.0104651181597399,-0.0243619901080595,-0.0054794456132997,-0.014454665766066,-0.0044943167332274,0.0029411316699206,0.013574647453366,-0.0810810832580221,0.0056179411197645,-0.0113960082436207,0.0104167125379071,-0.0039628989162738
241,2025-04-30,0.0040201744766295,0.0121765683692849,0.0040200654083426,0.0072779189659593,0.0094007197322065,0.0404281711768652,0.0082644868137617,-0.0159999710708835,0.0090293267319698,0.0161289689668042,-0.0044642814378045,0.0147058681736356,-0.0167597356582859,0.0576368714806332,-0.0103093232808304,0.0162711546596552
242,2025-05-02,0.0,-0.0015037795241867,0.0060061536641105,0.0187862023083629,0.0023282633942518,-0.0011428968219344,0.0163933558627586,-0.0027100332568567,-0.0089485275529245,0.0,0.0179372024712567,0.0144927398518988,0.0340909610724242,-0.0681198729862084,0.0364584300618187,0.001473828137817
243,2025-05-05,0.0010010193467291,0.0135542453590697,0.0049750803905637,-0.0070922369655551,-0.0023228551755763,-0.0068648864042194,-0.010752610212162,0.0176630502145362,0.0090293267319698,-0.0043289030944877,-0.0352422574353512,-0.0428571027152385,-0.0329670815776879,0.0087719273341946,-0.0502512881523481,-0.0019124604960495
244,2025-05-06,-0.0039999720812206,-0.007429519878377,-0.0099010018436676,0.0,-0.0034923950913776,-0.0069125675778769,0.0081521308221343,0.0,0.0,0.018840616039131,-0.0273972334300725,0.0,0.0,-0.0434783189916195,0.0052910282744449,-0.0017797460052052
245,2025-05-07,0.0040160361135519,0.0104791069949257,0.0,0.0,-0.0268692139288422,0.0023201511432489,0.0,0.0066755496677894,0.0,0.0071123022285726,0.0328638166581374,0.0,0.0056817813292513,0.0393940042572964,-0.0052631806368816,0.0085241899855006
246,2025-05-08,-0.0120000173986596,-0.0118518601118551,-0.0029999736424041,0.0014285930149287,0.0024010535962966,-0.0023147805026193,-0.035040423785051,0.01061010386177,-0.0044743198301796,0.009886960466648,-0.0590909598287461,-0.0597015230765604,-0.0225987921956736,0.0058309021395095,0.0476190599683585,-0.0046196748608958
247,2025-05-09,0.0010121642982439,0.0,0.0,0.0,0.0011974726948502,0.0034801691285952,0.0167597570226647,0.0013123712866622,-0.0022471583666137,0.0,0.0,0.0,-0.0057803785387028,0.0144926791861714,-0.0202020458319429,0.0024372284308606
248,2025-05-13,0.031344752904115,0.0224887524213603,0.0130391025872116,0.0057061512943445,0.0167464680618332,0.0138729720879791,0.0164834976078731,0.0262122489792688,0.013513542492344,0.0027972990610538,-0.0434782208076308,0.0317460017109372,-0.0232558724426054,0.0542857723442193,0.1391752326621453,0.0232072516317087
249,2025-05-14,0.0,-0.0058651067942949,0.0,0.0014183925865969,0.0105882370817862,0.0068415164901196,0.0,0.0102171371510664,0.006666680772273,-0.002789496006494,0.0050505001853162,0.0615384968074834,0.0119048283211919,0.0271002638718558,0.0045249621441256,0.0007077870226805
250,2025-05-15,-0.0098039030954918,-0.0132742894841364,0.0039603611971195,-0.0042492192069113,0.0023282633942518,0.0,0.0135135314237335,0.0037927073093977,-0.0044150571913129,-0.006993005054158,0.0050251208117253,0.04347830593924,0.0117647000613254,0.021108174011909,-0.0180180955913522,-0.006624517792551
251,2025-05-16,0.0039603684726106,0.0014946362695715,-0.003944738607406,-0.0028449930183968,-0.0081301085072234,0.0011324297431458,0.002666696307523,-0.0037783770312137,-0.0022172626256745,0.0,0.0,0.0416666252745538,-0.0116279012903022,0.0077519360396125,-0.0321100638963628,-0.0008073765848374
252,2025-05-19,0.0,-0.007462559678009,-0.0148515521909355,-0.0028531100967026,-0.0199063404859437,-0.0056561932081208,-0.013297889336739,-0.0265487018055179,-0.0022223011641245,-0.0070421817528979,-0.0199999809265136,0.0,-0.0117647707452317,-0.0333333250346645,-0.0473933971310538,-0.0099315955791713
253,2025-05-20,-0.0098618146848333,0.0090225241898724,0.0,-0.0057224781545455,0.0,0.0079637599789832,-0.0242588311848728,0.0103896343423279,0.0066815291422639,0.002836836257291,0.0,0.0133333206176757,-0.0119047567958057,-0.0132625960537813,0.0049750852524703,-0.0046718286676102
254,2025-05-21,-0.0039841363988399,0.0,0.0050251821015177,0.0014388707189425,0.0,-0.0033860100793692,0.013812241326117,-0.0102827998122633,-0.0199114369723201,-0.0028288113825958,-0.0051020358513416,-0.0394736470608164,-0.0120481875382791,-0.0806451402414101,-0.0742573906070053,-0.0026276874766074
255,2025-05-22,-0.0180000260979894,0.0,-0.0110000031948601,-0.0114941491813378,0.0047790396007072,0.0011324297431458,0.0027248258593424,-0.0051947531309118,-0.0293453967186693,-0.0070921960887581,-0.0153846614694678,0.0,-0.0121950433200997,-0.0292398287561026,0.0160428511817454,-0.0115095991292613
256,2025-05-23,0.0061099886545705,0.0119225120845591,0.0,0.002906880013838,0.0035671431560291,0.0180995038084181,-0.0027174213593516,0.0065273976632769,0.0232558247943803,0.0,0.0052083284826949,0.0,0.0,0.0120481901284359,-0.0210527225475267,0.0054747057960176
257,2025-05-26,0.0040486571929754,0.0132548143591961,0.0080890086737099,0.0014492272771116,0.0,0.0122223173337168,0.0027248258593424,-0.0025940396121405,0.0022726941408111,0.0,-0.0155440270492679,0.0,0.0,0.0119048315675367,-0.0107526038744975,-0.0007033803040634
258,2025-05-27,-0.0070564784419031,-0.0043605234579663,-0.0030091007045836,-0.0014471300567598,-0.0106633916236371,0.0010977330009946,0.0108694855535258,0.0039011471699081,-0.0068027357756562,0.0,-0.0052631529414421,0.0,-0.0061728733883371,0.0,0.0,-0.0053053603528557
259,2025-05-28,-0.0010152469845542,-0.0262773541622398,0.0010060274260994,0.0014492272771116,0.0,-0.0098685460247845,-0.0268817562207801,0.0012953717033332,-0.0114154736553186,0.0071428546143164,0.0,0.0,0.0062112144285926,0.0,0.0054348061343403,-0.0017560764604729
260,2025-05-29,0.0030487334757041,-0.0224887524213603,-0.014070228929199,0.0,-0.0263473739307196,-0.0066444200174985,0.0055249236233663,-0.0012936958862894,-0.004618986021986,-0.001418523574176,0.0052910002851562,0.0273972334300725,0.0061727992138693,0.0088235268920133,0.0324323071216616,-0.0029537637892789
261,2025-05-30,-0.0091185033405235,-0.0138037101727099,-0.002038819705259,-0.0014471300567598,0.019680104959908,0.0011147552668366,-0.0109889984052486,-0.0168393211485782,0.0,-0.0056817321856295,-0.0105263058828843,0.0,-0.0061349295257158,-0.0029154510697547,0.0052356252706537,-0.0069981204620828
262,2025-06-03,-0.0020450272130733,0.0077760752294189,0.0,-0.0217391091312098,-0.0168878142611884,0.0077951505758997,0.0083333577389095,-0.0013175584939448,-0.0069604556822502,-0.0028571701653832,-0.0159574316307773,0.0,-0.0123456726022065,-0.040935731868362,-0.0104165848961944,-0.0033811619773165
263,2025-06-04,-0.0040983321965487,-0.0108025356291782,0.00408576600464,0.0059259438406646,0.0196320557557552,-0.0022100216021767,-0.0082644868137617,0.0,0.0023362973188312,-0.0014326784889268,0.0,0.0133333206176757,-0.0187500276937327,-0.0121950452388245,0.0105262322884642,0.0031398441397805
264,2025-06-05,-0.0020576508562375,-0.0015599247624508,-0.006103609107383,0.0132548440681685,0.0,0.0066446399039887,0.0083333577389095,0.00395776012557,-0.0023308517561229,0.0186513287074574,0.0,-0.0131578823536054,0.0382165414972495,0.0370369510194614,0.0260417175239116,0.006730919455465
265,2025-06-06,0.0,-0.0078126042978501,0.0030704948711484,-0.0029070204156933,0.004813484859381,0.0,0.0027547839074526,-0.0013140958683478,-0.0046728288059816,0.0,-0.010810800361494,-0.0266666412353515,-0.0245398655416887,-0.0327380158999349,0.0,-0.0008760546326805
266,2025-06-09,-0.0020617892296828,0.001574904429715,0.0051020979921485,0.0058308508319406,-0.0011975916806108,-0.0022002964382304,0.0027472832813817,-0.0052631053054478,0.0,0.0056338570854799,-0.0054644755348344,0.0136986167150361,-0.0062892672996038,0.0307692215768595,0.0117526988873417,0.0017273287994472
267,2025-06-10,-0.002066153486195,0.0031446161173391,-0.0091370766240344,-0.0014492972745651,-0.0023982339448831,-0.0022050389600666,-0.016438404015488,0.0013227869555725,0.0,-0.0028012166902178,0.0604395010580478,-0.0270270009037353,0.0316455147470735,-0.0059701475233785,0.0202019568605391,-0.001619104094663
268,2025-06-11,0.0041407579148289,0.0,0.0,-0.004354062159209,-0.0036057899704812,-0.0133778380007871,0.0027855463304278,0.0118890298156921,0.0117369166170153,0.0,-0.0310880540985358,-0.0277778329672614,-0.0061349295257158,-0.0030030750211118,0.0049505099656197,0.0045420184384559
269,2025-06-12,0.0072166272961664,0.0015673393955404,0.0061475891961517,0.0058308508319406,0.0036188387429252,0.0214687919976863,0.0,-0.0130548597012165,-0.0046404200573672,0.0014045775767219,-0.0213903538775562,0.0,-0.0123456726022065,-0.0030119744188353,0.0098523062520585,0.0018243577798398
270,2025-06-13,-0.0071649207336252,-0.0046947396503542,-0.0061100272585887,0.0,-0.0168268009350895,-0.0132743579570224,0.0027777405072468,0.0079365260548915,-0.0093238742695062,0.0028050064865123,-0.0382513938855276,0.0,-0.0375000553874655,0.0060422943000808,-0.034146381435773,-0.005574412619279
271,2025-06-16,-0.0113401014720242,-0.0062893121994872,-0.0051229057514232,0.0014492272771116,-0.0195598705737459,0.0067264685295591,0.03047091393928,-0.0091863401562835,-0.0047059314592537,0.0041957753069545,-0.0568181956725672,0.0142857009050794,-0.0194805493742452,0.0210210148918201,-0.0101009784302695,0.001238385163758
272,2025-06-17,-0.0041710875828187,-0.0047468988520823,0.0,-0.0028943300096778,-0.009975200745619,0.0077952774024727,-0.024193488322552,-0.00264901259148,-0.0023641502138113,-0.0041782443325576,-0.0361445445698767,0.0140845779860898,-0.0529801092620653,-0.0294118276996675,-0.00510205570905,-0.0054934411671027
273,2025-06-18,0.0073297654040793,0.0,0.0,-0.0058054629449774,0.00125949477686,0.0033148676276488,0.0027547839074526,-0.0013280569917191,0.0047393865812814,-0.0055943208667059,0.0124999878928067,-0.0416667080587794,0.0,-0.0060606047232172,0.0051282201740665,0.0002050332886363
274,2025-06-19,-0.0020789351847714,-0.0079491514337038,-0.001029959831875,0.0,0.0062893022811725,-0.0077092086121365,0.0,-0.0026595805719669,-0.0117923995895068,0.0,-0.0185185008033749,0.0,0.0,-0.0335365779202389,-0.00510205570905,-0.0069512947551464
275,2025-06-20,0.0062500092198567,0.0096154324197952,0.0041236752626316,0.0,0.0362499165589047,-0.0299666932382479,0.0137362816866304,0.0666666885826638,0.0047733196416284,0.0,-0.0062893020461186,-0.0144927398518989,0.0,-0.0410093777288663,-0.0410256365438951,0.0008658680192745
276,2025-06-23,0.0010352156575372,0.0,0.0,0.0,-0.0241253719000835,0.008009108746982,-0.0108400957958862,-0.0387499959164333,0.0498812190385682,0.0056257933598908,0.0189873231486854,0.0294117363472714,0.020979053298183,0.0394736716030448,0.0106951533999835,0.0092298036967954
277,2025-06-24,0.0134436770124064,0.0063492107058682,0.0061602131027611,-0.0379562130258452,0.0173052499280488,0.0011350196450432,0.008219202007744,-0.0091027194788039,-0.0248869673486171,-0.0027971604333529,0.0310558707279666,0.0142857009050794,0.0205479762101015,-0.0189874127532904,0.0264550404267081,-0.0015296920839702
278,2025-06-25,-0.0010204268059494,-0.009463688741735,0.009183694884332,0.0166919163621031,-0.0109354833043593,0.0011337328360021,-0.005434776090743,0.0039369844348107,-0.0023201518940834,-0.0014026075056704,0.0120481815232922,0.0,0.0,0.0580645024893367,0.015463900383799,0.0036320650985759
279,2025-06-26,0.0020428349560668,0.0047769719292667,0.0,0.002985119815688,0.0061423780143035,0.0056625790259803,0.0136611522163145,-0.0026143206086046,0.009302423149424,0.0014045775767219,-0.0297618773079504,0.0140845779860898,-0.0335570697123137,0.0518293307907222,0.0304568195441599,0.0055073364754716
280,2025-06-30,-0.0112130474898505,-0.0015847267865574,-0.0091001221391954,0.0148810332373836,0.013431111042099,-0.0078828397060997,0.0080862770616243,0.0,-0.0069125719624177,0.0084151584760894,0.0061349634923377,0.0277777501830358,-0.0138889653813102,0.0115941996355581,-0.004926123143904,0.0031409843540302
281,2025-07-01,0.0020618935131904,0.0126984214117364,-0.0061224972151944,-0.0029325953475908,-0.0060240906167446,-0.0068104529478957,0.0053475872723895,-0.0013106512256269,-0.011600759470417,0.0361612680809959,-0.0365853312822551,0.0135135004518676,-0.0211267093136885,0.0,-0.0049504497045157,0.0055905363334693
282,2025-07-02,0.0041151976435465,-0.0062695967245779,0.0071870007069736,0.004411760110029,0.002424276217074,0.0148571091838733,-0.0026596039514861,0.0091863401562835,0.0140844175742607,-0.0201341563076979,0.0253164308649138,0.0133333206176757,0.0,0.0,-0.0049751391417138,0.0056307249782114
283,2025-07-03,0.0040984358389681,0.0047317641538002,-0.002038819705259,0.0029282310780152,-0.0048368866987688,0.0225225574632719,0.010666654461608,0.0117035056332519,-0.0046296779629834,-0.039726000334424,-0.0123456672022499,0.0263157647072109,0.0,0.0085959861472133,0.0750001019467196,-0.0007869712709026
284,2025-07-04,-0.0061225608356971,0.0078493994728372,0.00408576600464,-0.0145985488952006,0.0036452214617959,-0.0066079395409565,-0.0131925648541278,0.0038560182387292,0.0186046132196684,0.0028530942774589,-0.0437500321306283,0.0256410785445584,-0.0215826803271709,-0.0056818855736722,-0.032558176928703,0.0007746668341566
285,2025-07-07,-0.002053321981263,-0.0062305337903336,0.0030519569026998,-0.0044444399922608,0.0012107609294449,-0.0033260019760955,0.0106951745447791,-0.011523682567768,-0.0114154736553186,-0.018492211384717,0.0130718832029432,0.0499999515712268,0.0147057862020425,-0.0285713532737085,-0.0144230606042198,-0.0081602273410925
286,2025-07-08,-0.0020576508562375,-0.0125391934491558,-0.0131846705447412,-0.0029762353964301,-0.0072551798771866,0.0,0.002645467124019,-0.0038859873613111,0.0023095508770702,0.0043477239702365,-0.012903213897927,0.0357143237274533,-0.007246330119534,-0.002941175630671,-0.058536636924403,-0.0048128986732434
287,2025-07-09,0.0,0.0015872421316802,-0.0051387013266325,-0.00447753554967,-0.0024361480760771,0.001112294089594,0.029023746189756,0.0039011471699081,-0.0184331403481768,0.0101011076204986,0.0065359416014716,0.0229884836975815,0.0072992226968111,-0.0265487365660095,0.0,-0.0005881974234033
288,2025-07-10,0.0030928402697856,0.0063391489415891,0.0020660975890749,-0.0029985459116046,-0.0036629641149613,-0.0077776265315728,-0.012820529746907,0.0103627820036333,0.0093895332936122,-0.0028571701653832,0.0129870009233301,0.0,0.0,-0.0090908335284416,-0.0103627250191358,0.0047605538328612
289,2025-07-11,-0.0041110721369237,0.009448785852322,-0.0113402098994349,-0.0105263295507457,-0.0073528614977312,-0.0089585799559872,-0.0129870303559089,0.0,0.0046512115747121,0.0,0.0128205774803862,0.0112359445213352,-0.007246330119534,0.0091742349713166,0.0628272221278285,-0.000292917265292
290,2025-07-14,0.0030960321140518,-0.0156005964226857,0.0198122353319394,0.0015197798187334,0.0037036632719384,0.0,-0.0052630875976174,0.0089742840028512,0.0046296779629835,0.0014326074869202,-0.0126582908813723,0.0444444694636787,0.0218977558003909,-0.0212121165312604,0.0147783694317122,0.0009374986341224
291,2025-07-15,-0.0072016739279027,-0.0015847267865574,-0.0132923181960962,-0.0015174735929912,-0.001230060024925,0.0,0.0,-0.0025413018728779,-0.0184331403481768,-0.0057224449362414,-0.0128205010641722,0.0106382877538515,-0.0071428111622517,-0.006191949068412,0.0,-0.0078763619583904
292,2025-07-16,-0.0124352516269969,-0.0238095199654103,-0.0165803719922094,-0.0091185321092297,-0.0197044036619455,0.0045197807956347,-0.0105819982267119,0.0063694727637166,-0.0070423852378939,-0.0158272765682074,-0.0584415041549857,0.021052674507501,-0.0359711626945997,-0.0062305281815816,-0.0242718572815689,-0.0091123798292855
293,2025-07-17,0.0,0.0048780314346406,0.0168599156657041,0.001533765508773,0.0075377938140701,0.0044994442937249,0.0267379363619479,-0.0151899075506301,0.0047281819594819,0.0073098665229154,-0.0206897169741362,0.0103092682147487,0.0074626377151236,0.0407523417942958,-0.0149253568642336,0.0062454127729076
294,2025-07-18,-0.0010492310680663,0.003236207071497,0.0031087809508536,0.0061255927351753,-0.0012469930044634,0.0022395347973613,-0.0104167185462529,-0.0154241363366559,0.0141175585564861,0.0,0.0070422470179416,0.0102040717026832,0.0148148075621998,0.0120481901284359,0.0303030582478014,0.0032348706292528
295,2025-07-21,0.0,-0.0032257678188707,-0.0144627862633801,0.0091324106923629,-0.0024969138204716,-0.0044692808679706,-0.0078946959203521,-0.0013055181574529,-0.0023201518940834,0.0,-0.013986001160915,0.0202020007412651,-0.0218977558003911,0.0,-0.0049020347871903,-0.000832330320896
296,2025-07-22,0.0010503331101974,-0.0064724964368804,-0.0041928352583285,-0.0045249551110466,-0.0075093676689768,-0.0145903160686634,-0.0053050337498457,-0.0026143206086046,0.0023255475175609,0.0,0.0,0.0,0.0074626377151236,-0.0089284972506167,-0.0197043726471152,-0.0034041555582832
297,2025-07-23,0.0062960232709579,0.0179153013521169,0.0084209782913469,0.0030303489335929,0.0025221034070541,0.0068337237064144,0.0213333089232163,0.0013105219700819,-0.0046404200573672,0.0116110704629697,0.0212766605030108,0.0297029422505346,0.0222221668386179,0.0120119356159027,0.0201004391913115,0.0068382351464317
298,2025-07-24,0.004170982103161,0.0,0.0114822583959917,0.0045317175358294,0.012578604562345,0.0124434026489941,0.0078329214061974,0.0026178716729117,0.0046620539460067,0.0,0.0208333126372768,-0.0096153757981291,0.0072464171939166,0.0949555411242439,0.0,0.0068832368872107
299,2025-07-25,-0.0093457551246611,-0.0047999830745832,-0.0010319827060469,0.0015037821155168,0.0037266675988991,0.0044692808679707,-0.0207253649040976,-0.0026110363149058,-0.0046404200573672,-0.0243901936094538,-0.0204081434053665,0.0194174577495647,-0.0071942844076867,-0.0433604221949693,-0.0147783094674617,-0.004258814241315
300,2025-07-28,0.0,0.0096463498373129,-0.0113636398797678,0.0,-0.0037128311114958,-0.0033371011812186,0.0211639964534238,0.0,-0.0093238742695062,-0.017647081545399,-0.0069445203299844,0.0095238008737019,-0.007246330119534,0.0226628145211171,0.0149999838711158,-0.002855730267398
301,2025-07-29,-0.002096474292636,-0.0111464837908751,-0.0052246146116445,-0.0090090723822389,0.0037266675988991,-0.007812348135787,-0.0284974085036144,0.0026178716729117,-0.0094117450078698,-0.0029941148212653,-0.0209790017413726,0.0,-0.01459853310358,0.0498615530267372,-0.0147783094674617,-0.0036354984215816
302,2025-07-30,-0.0073530755581057,-0.0016104093505948,0.0136554467623306,0.0045455234003894,-0.0012376103704986,0.0067490557531511,0.002666696307523,-0.0091383696035203,0.0190022161177871,-0.0030029576398055,-0.0071428504525397,0.0,-0.007407359276418,0.0738787371345885,0.0250000745580487,0.000446282195343
303,2025-07-31,-0.0063491091615609,-0.0112902283802601,-0.0155440082147633,0.003016563892672,0.0,0.0044692808679707,0.0026595387411403,-0.0079051560585666,-0.0186478653502661,-0.0195782032074337,0.0503597504838053,0.0094340662380829,0.0223880028189795,-0.0466830896182036,0.0292682590829733,-0.0073794686782551
304,2025-08-01,0.0223641959136398,0.0097878930327386,0.0073683560049284,0.0045112737176145,0.0,-0.0055616893604067,-0.0053050337498457,0.0079681454921796,0.0190022161177871,0.0215053526052142,-0.0273973150802686,-0.0093458964320883,-0.01459853310358,-0.0206186128122967,0.0094787008741874,0.013282653617008
305,2025-08-04,-0.0062499038500647,0.0,-0.0125391793933187,0.0029939849166324,0.00371755495785,0.0134228394759379,-0.0026666309232811,-0.0065876625329892,-0.0116549596481364,-0.010526416202659,-0.0352112350897088,0.0094340662380829,-0.0296297041337639,-0.0026315782749694,-0.0657277196534117,-0.0041542995523597
306,2025-08-05,0.0125785276583616,0.0016154483596322,0.0105820234389055,0.0223881102699368,0.0,-0.0011037001324287,0.0,0.001326295682319,0.0,0.00911855362463,-0.0364963154323038,0.0,-0.0305343385412988,0.0395778262723292,-0.010050280765214,0.0076360098552883
307,2025-08-06,-0.0031055422572916,0.0096774675134625,0.010471216777532,0.0145984783868189,0.0,0.0044197872600222,-0.0053476528314533,-0.0039735515435058,0.0141509740583991,-0.0075300437085569,-0.0606060907094153,0.0,-0.0314959549656883,-0.0253807044052651,-0.0558375436913403,0.0018457636570445
308,2025-08-07,0.0,0.0,-0.009326342852561,0.0,-0.0024692315061233,-0.0011000576117556,0.0026882019866922,-0.0039893380713853,-0.002325664057151,0.0440060388766787,-0.0161290167521737,-0.0093458964320883,0.0,0.0078124980246088,0.0161290143135086,0.0049497917452629
309,2025-08-08,-0.002076881157272,0.0127795615406869,-0.0010461202535961,0.0014388707189425,0.0099010059257742,0.028634296306186,0.0134048431843107,0.0040053166335194,0.0093241078920136,0.0029070045945454,-0.0163934266045032,0.0094340662380829,-0.0325203077296716,-0.0155038720792249,-0.0105819775270564,0.005080333347281
310,2025-08-11,0.0041623018793566,0.0094637689588024,0.01256554376812,0.0,0.0012255377944263,0.0042827673687493,-0.0105819982267119,0.0013298230725482,0.0161662774787194,-0.0101449526230101,0.0333333002196432,-0.2990654549210093,0.0252100195440989,0.023622041224228,0.0106951533999835,0.0040206103123692
311,2025-08-12,0.0062176258134984,-0.0046876420437388,0.0134435207553349,-0.0201148304613689,0.0122399512744104,0.0,0.0240641099462213,0.0079681454921796,0.0,-0.0058564989062828,0.0161290167521737,0.0666666825612385,0.0,0.0153846115544604,-0.0052909565605059,0.002981010087254
312,2025-08-13,0.015447962471599,0.0156986392671008,0.0051020979921485,0.0131963249715061,0.0012091165550156,0.0085286922689338,0.0052219262646264,0.017127740674343,0.0090908904542061,0.0162003034728583,-0.0079365004277343,-0.0124999878928067,0.0163934345496747,-0.090909068619278,0.0585106145337486,0.0119267497166237
313,2025-08-14,-0.0020283322238086,-0.0077279219355137,-0.0091370766240344,-0.0014471300567598,0.0012076563577205,-0.0116278731103809,0.0,0.0,0.0022522194604177,-0.0086956634161207,-0.0079999923706054,0.012658215432457,0.0,0.011111175541052,-0.0251256407434767,-0.0034980000272362
314,2025-08-15,-0.0040650122342034,0.0015575740344755,0.0051230080458672,-0.0115940982067072,0.0096501966988156,0.0,-0.0077922309507357,0.0142487054906004,0.0,-0.0043860068600642,-0.0322580335043474,-0.0124999878928067,-0.0241934882119964,-0.0219780813356457,0.0051546543766309,-0.0029790853308556
315,2025-08-18,-0.002040853611899,0.0,0.0193679221289539,0.0,-0.0059737104747868,0.0053474438805702,0.0,0.0051085685755332,0.0022472709779075,0.0,-0.0083333250549108,-0.0126582908813723,-0.0082645079499003,0.0252808919813645,-0.0102564403481328,0.0054683604451415
316,2025-08-19,0.0020450272130732,0.0062208443646787,0.0,0.0043987513843253,0.0048077000581729,0.0053192101863195,0.0157068533301292,0.0064683241091909,0.0,0.0073421416618744,0.0168067058527952,0.0128205774803862,0.0,0.0191780770901786,0.0103627250191358,0.0033313329213389
317,2025-08-20,0.0,0.001545615829219,-0.0050000559100519,0.0043796281261037,0.0,-0.0084656221289904,-0.0051546333119402,0.0051413905753561,0.0,-0.0043731476180242,0.0082644546677628,-0.0126582908813723,0.0,0.1236558817034956,-0.0051282201740664,-0.0012765553057031
318,2025-08-21,-0.002040853611899,0.0030864611751892,-0.0030149487151674,-0.0101745012539992,0.0011961593124953,0.0085379007706898,0.0,-0.0115089722367203,-0.0022422320748399,-0.0014641428669075,0.0163934266045031,0.1538461656024945,0.025000037550825,0.1387560647722026,-0.0154639631298931,0.0029341423957174
319,2025-08-22,0.0020450272130732,0.0061538502465303,0.0,0.0044053528920646,0.0047790396007072,0.0052910658947158,0.0,0.0077619388054959,0.0044944293445212,-0.0058650862304509,-0.0161290167521737,0.0222222678455317,-0.0243902796438535,0.0126050381600444,0.005235617776895,0.0028878537482897
320,2025-08-25,0.0051020308103659,0.0030580671149498,0.0010079549434578,-0.0073099808522901,0.0107015476049696,0.0,-0.0025907023734924,0.0077022173228855,0.0089485275529244,0.0117993768234367,0.0,0.065217392712775,-0.0083332790932527,-0.0560166309445151,0.03125002971861,0.0031174172661023
321,2025-08-26,-0.0101522644546893,-0.013719541149514,-0.0130916275176641,-0.0029454813865763,-0.0117648117673364,-0.0210526642884665,0.0,-0.0025478027684511,-0.0199555858573422,-0.0204082148681817,-0.0163934266045032,-0.0306122759291147,0.0,0.03761064496304,0.0,-0.0130175581061409
322,2025-08-27,0.0041025352657428,0.0030911530531474,0.0071428964382402,0.0029541828772539,0.0071428985399939,0.0,0.0025974315455625,-0.0025542487914901,-0.0203620332737015,0.002976219229565,0.0249999751647322,0.0526315921561542,0.008403306189032,-0.0298507355252576,0.025252476814922,0.0039960220385546
323,2025-08-28,0.0163430929478023,0.0046225584519847,0.0182371238814473,0.0,0.0295508604614729,0.0,0.0051813412260244,-0.0012803638351728,-0.0115472914567333,-0.0029673876334289,0.0,-0.0400000214576721,-0.0083332790932527,-0.0285714406849904,-0.0246304957910192,-0.0005290525738499
324,2025-08-29,-0.0050251164324631,0.0030675258172632,-0.0009951154207722,0.0,-0.0160735327163782,0.0021505410475595,-0.0051546333119402,-0.0012821294575701,-0.0023365314871502,-0.0178570941300498,-0.0406504640245752,0.0208333760189523,-0.0168068143320699,-0.0203619914439417,0.025252476814922,-0.0075295680570455
325,2025-09-02,0.0161617090495924,0.009174279108794,-0.0019919149988981,0.0014727762590032,0.0035006616199451,0.0032189420082595,0.0,0.0012837754238579,0.0070257762405396,0.0030303321561222,0.0169492381566322,0.0,0.0256410651422238,-0.0277136636783302,-0.0197043726471152,0.0010030702800962
326,2025-09-03,-0.0079523312606949,0.0,0.0009978955016585,0.016176359034342,0.0058138903515876,0.0,0.0051813412260244,0.0064102126255971,-0.0093021900702442,-0.0105740445890867,0.0333333002196432,-0.0408163476317979,0.0583332540593692,0.0213777881232524,0.0251256407434767,0.0011543530257753
327,2025-09-04,0.0010020223905278,-0.0151514871307871,0.0,0.0,0.0023121137647266,0.0,-0.0051546333119402,0.0,0.0023472656895606,-0.0030533887924477,-0.0241935251282605,0.0212765755077031,-0.0393700146693047,-0.0232559000267604,-0.0245098159141297,-0.0002343936805422
328,2025-09-08,0.0010010193467291,0.0123077004930607,0.0009970002396941,0.0014471999529179,0.0,-0.0085561627893637,0.0,-0.0063693835229212,0.0023420036524273,0.0199080031827303,-0.0082644546677627,0.0208333760189523,0.0081967665218214,0.0499999253627914,0.0201004391913115,0.0047143435612291
329,2025-09-09,0.0040000732362184,0.0106382855386359,0.0009961066618722,0.0028902171836637,0.0023068948205622,0.0032361978607997,0.02331606727759,0.0012820052683548,0.0023362973188312,-0.0165164530527328,-0.0083333250549108,-0.0102040717026832,-0.0243902796438535,0.0,0.0098523062520585,0.0007694882029645
330,2025-09-10,-0.00697223869797,-0.006015041619123,0.0019900321562253,0.0230547552437867,-0.0115074692051064,0.0053764055227374,-0.0050632853247469,0.0051216413860029,0.0023310853786302,0.0061069289113131,0.0,0.0103092682147487,0.0,-0.0317460230667813,-0.0097561853263713,0.0024829319583099
331,2025-09-11,0.0103413489288577,-0.001512879557691,0.0,0.0070422918454609,0.0011641316971258,-0.004315126527546,0.0,0.0,0.0059593684719621,0.0030348551478038,0.0,0.0102040717026832,0.0,0.0070259124215787,0.0049261831081546,-0.0049662262543218
332,2025-09-12,0.0102353996304711,0.015503868800899,-0.0029792188357142,0.0139860220164318,-0.0058138903515876,-0.0065004242187415,0.0141935586914341,0.0025477410693479,0.0071090862730165,0.0121028406309113,0.0,-0.0101010003706325,0.0,0.009302225423406,0.0147058060100526,0.0109170354508665
333,2025-09-17,0.0070921386574887,0.0,0.001992113882129,0.0151723757517787,0.0011695778677984,-0.0021811981823135,0.0127226386404479,0.0127064559851866,0.0117647248287067,0.0044842740384587,0.0252100587791928,-0.0102040717026832,0.0,0.0253455739838468,0.0058308026377333,0.0072306289199981
334,2025-09-18,-0.006036208962687,-0.007633584310814,0.0029820810157812,-0.0067934495509772,0.0023364231068414,-0.0010927698597247,-0.0175878806337476,0.0050188840160017,-0.0116279254850464,-0.0119047294200332,-0.0163934266045032,0.0,-0.025000037550825,-0.0269662224822272,0.0241546599814317,-0.0079232474082117
335,2025-09-19,-0.0080971547348991,0.0015384608326376,-0.0009911704984438,0.0027359532562891,-0.0128204890674517,0.0120350060360756,0.0025575183483685,-0.0012484551523913,-0.0023529679720279,0.0075301183462117,-0.0166667494508921,0.0103092682147487,0.0,0.0161663316571161,0.0188679783827725,-0.0004378385662103
336,2025-09-22,0.0040816269322905,0.0061443904265388,0.0009921538921116,0.0040927653056006,-0.0011807419648315,-0.0108109311029506,-0.0025509941340641,0.0,0.0070755524644172,0.0029896394920139,0.0084746695907291,0.0204081434053664,0.0,0.0045454057204812,0.0,0.003197277872402
337,2025-09-23,-0.0020325174880257,0.0030534337243255,0.0,0.0,0.0011821377644982,0.0076503486169354,0.0,0.0050000024216898,0.0023419469198389,-0.0014904010241586,0.0252100587791928,0.0199999809265136,0.0170941118968925,-0.0090497860985439,0.0,0.0001310283609783
338,2025-09-24,0.0010183784693231,-0.0045662079730711,-0.001982143099214,0.0,-0.0070838652889075,0.0,-0.0025575801794337,-0.0037313300215621,0.0046728358135987,-0.0089552360248034,-0.0081967133022515,0.0098039124022075,-0.0084035081430379,0.0159816745755105,0.0185185703968449,-0.0024258766673858
339,2025-09-25,-0.0040691701028879,-0.0045871538716536,0.0009929407514286,0.0013586505366289,0.0107015476049696,0.0,0.0076922905259546,0.0012484551523914,-0.0046511019777046,-0.0060240797494384,0.0082644546677628,0.0,0.0084747255683617,-0.006741501432779,-0.022727225218733,-0.000743947745855
340,2025-09-26,0.0102144897535414,0.0092165856398083,0.0079365378078282,0.0176390822311349,-0.0047059480841387,0.0032538430340025,0.0,0.0024937365199146,0.0140186216659254,0.0106060874564253,0.0,0.0,-0.0168068143320699,0.0294117775424855,-0.0232559893662974,0.0066188782516485
341,2025-09-29,0.0020222417827393,0.0091324159461423,0.0039370717089486,0.0134228546644672,0.0106384178097169,0.0043242458778862,0.0050890677594606,-0.0012437967542007,0.0023041736802875,0.0038197889423392,-0.0327869509215366,-0.0097087288747823,-0.0085470559484462,-0.0439561033590877,-0.0095237217075595,0.0011807602536253
342,2025-09-30,0.0,-0.0045248848425802,0.0058823990031724,0.0,0.0070174672067913,-0.0043056272868393,0.0,0.0,-0.0045977533383443,0.006088228236168,-0.0084745685659031,0.0098039124022075,0.0,-0.0275861350241872,-0.0048078221017383,0.0005773324678777
343,2025-10-01,0.0040363211482041,0.0090909049833249,0.0136451033410476,0.0516556192075823,0.0092915360950116,0.0054054128167695,0.0025316195381561,0.0024906914223081,0.0069284854747375,-0.0090771525967208,0.0170941033071816,-0.0097087288747823,0.0086207378774012,0.0047280817156631,0.0193237279851452,0.0055773321879679
344,2025-10-02,0.0030150217639273,0.0210210116085716,0.0086538665537201,0.0403023494950469,0.0,-0.0053763514179075,-0.0025252266250938,0.0062111980619743,0.0022934918272909,0.0274809061689542,-0.0084034531022663,0.0098039124022075,0.0,-0.0023530295539195,0.1137440578885544,0.0104450410964103
345,2025-10-03,0.0020040052578964,0.0,-0.0009532804993606,-0.015738533385778,0.0011507354874704,0.0043242458778862,0.0025316195381561,0.0135802380550902,-0.0068649550221491,-0.0133729883685371,-0.0169491371318062,0.0097087288747823,0.0,0.0094340899570084,0.004255331420949,-0.0016729699308138
346,2025-10-06,0.0020000953641075,0.0044117627711248,0.0028626655971404,0.0270602584084724,0.0057470640867591,0.0129170918911176,0.002525287675468,-0.0133982861397816,0.0069124083948746,0.0060241188866487,-0.0431034084094962,0.0,-0.0170940091937774,-0.0186916140591063,-0.0169492012153047,0.0018530861974381
347,2025-10-07,-0.0069860666412087,-0.0058565128162884,0.0019029327602242,-0.0191617727058674,0.0011429583613886,-0.0074387605977715,0.0,-0.006172857223153,-0.0022882437589308,-0.0059880461845343,-0.009009000301245,-0.0096153757981291,-0.0086957003298308,0.0238096140303254,0.0172414296761249,-0.0049203259232476
348,2025-10-08,0.0050250691412911,-0.0014727534032534,0.0058880579686564,-0.0109888474825996,-0.0034247336633308,-0.0010707488055264,-0.0050377924254382,-0.0074534497076103,-0.0045872079130961,-0.0060241188866486,0.0,-0.0097087288747823,0.0175438522522222,-0.0093023375794878,0.0042374028646468,-0.0015521366179777
349,2025-10-09,0.0,-0.0014749256049577,0.0,0.0,-0.0034363889634954,0.0128617127988588,0.0126582201006417,0.0150187203596829,-0.0115207557554496,0.0060606288352802,0.1818181128541314,0.0098039124022075,0.1551725566737818,-0.0046950116067724,0.0421941070473674,0.0013333603350613
350,2025-10-10,-0.0049999440766036,-0.0059084168951945,0.0068292688444442,-0.0135803584998572,0.0082939299240747,0.0021164671176414,-0.0100000181319608,0.0024661821893212,0.0023310288948439,-0.0045180342358147,-0.0461538038310198,0.0,0.0074626377151236,-0.0094338624705732,-0.0121457823135184,-0.0045530958692405
351,2025-10-13,-0.0020100473773639,-0.0029717668852707,-0.0087209710551726,0.0,-0.0082257064908636,0.0,-0.0025252266250938,-0.0036900237105171,-0.0186047489923881,0.0030256930084757,0.0241935251282605,-0.0291261866243469,0.0444444226865998,-0.0166666035121054,-0.0204917609975049,-0.0043520163931268
352,2025-10-14,-0.0010070973040954,0.0044708628389737,0.0019550749262797,0.0075093946993864,0.0011848145037283,-0.0200634062730055,0.0025316195381561,-0.0024691668071844,-0.0023695795751369,-0.0045249220589693,-0.0314960334281626,-0.0799999833106994,-0.0283687810292331,-0.007263961253891,-0.0292888842888245,-0.0023093138293707
353,2025-10-15,0.0,0.0,0.0068292688444442,0.0024843952018023,0.0059171759617293,-0.0021551334437602,-0.0075757409256554,-0.0049504974234778,-0.0023753239434395,-0.0015150651053582,0.016260146842582,-0.0217391740960292,0.0,-0.0048781141926409,0.0301726062623342,5.590451690307141e-05
354,2025-10-16,0.0,0.0014837527196787,0.0067829462807356,-0.0037173574177715,0.0,0.025917983680852,0.0050890677594606,0.0199004468620112,0.0047618426814473,0.0,-0.0079999923706054,0.0,0.01459853310358,0.0049020268393387,0.0460250279058942,0.0004591791827459
355,2025-10-17,-0.0030241399097653,-0.0029629616539452,0.0086621227222081,0.0323383213717913,0.0047059178382418,-0.0157894947634841,0.0126582201006417,0.0073171656588302,-0.0047392749994757,-0.0060698250153566,-0.0161290167521737,-0.0888888726999725,-0.0287769647348576,-0.0219512197990905,-0.0399999186733769,-0.0031693958455104
356,2025-10-21,0.0010110712901485,-0.0044577241789718,0.0,0.0,0.0,0.0074867037760315,-0.0074999833790359,0.0072638963943678,0.0166667403872098,0.0106870066914996,0.0327868532090065,0.0,0.0148148075621998,-0.0099750758404507,0.0458332564340961,0.006004244715126
357,2025-10-22,-0.0040403984346205,-0.0044775360977655,-0.0219465150955582,0.0024095638981826,-0.0023418815206587,-0.0053079660088014,-0.0025189266610154,0.0204326581631204,-0.0140515670263948,-0.012084563515527,-0.0158730008554686,0.0,-0.0218977558003911,0.0,-0.0199203744326441,-0.0087455174834472
358,2025-10-23,-0.0020283947402436,0.0134932473405828,0.0039024258740798,0.0012019435919177,0.0023473788037011,-0.0106722693625354,0.0050505143005616,-0.0082449269163097,0.0,0.0030580780523004,0.0080645083760868,-0.0243902208548367,0.0149253651038558,-0.0025189254997914,0.0121951567482769,0.0033132163973592
359,2025-10-24,0.0060975524640771,-0.0029586520998334,0.005830931164084,0.0,0.0,0.0107873953514461,0.010050269570931,-0.0035629325247075,0.0023752078190717,0.0076219609380432,-0.0079999923706054,0.0249999757856134,-0.0073529814559011,0.0353535848674013,0.0080321511564722,0.0032773753303794
360,2025-10-27,0.0010101491597764,0.0044511106760363,-0.0009661569683021,0.0024010013156896,-0.0023418815206587,-0.0074706197893803,0.0,0.0083431971244989,0.0,0.0105899991009588,0.0322580335043474,-0.0365853312822551,0.0148148075621998,-0.0097561107581644,0.039840556001927,0.003167470596799
361,2025-10-28,-0.003027290362271,0.0014771042237986,0.0009670913303299,-0.0083832611946695,-0.0011736894018505,0.0,0.0,-0.0094562693770967,-0.0023695795751369,-0.0104790262226817,-0.0234374781721267,0.012658215432457,-0.0218977558003911,-0.0147783453109223,0.0114943786547647,-0.0029782537318306
362,2025-10-29,-0.0010120946904352,0.0014749256049577,0.0,-0.0036231342423095,0.0011750685673745,-0.0053763514179075,0.0,-0.0083531538146411,-0.0047505317625112,0.006051459588245,-0.0079999923706054,-0.0124999878928067,-0.0373135472700528,0.0050000069326485,0.0,-0.0012519022892835
363,2025-10-30,0.0020263395312052,0.0044182602097604,0.0048308781900099,-0.0060607089738502,0.0,0.0043242458778862,0.009950206569038,0.0012033262300987,0.0071597522118771,0.0015036735134441,0.0,-0.0379747217462862,-0.0155038694702009,-0.0174129293548279,-0.0113637593024013,0.0016505405046729
364,2025-10-31,-0.0020222417827393,-0.0073313750934094,-0.0115384229493503,0.0060976651477306,-0.0082160520663324,-0.0043056272868393,-0.0098521753887653,-0.0156250218301361,0.0,-0.0030029777862446,-0.0241935251282605,0.0,-0.0078739650873572,-0.012658214711408,0.0038315213762465,-0.0031284394192593
365,2025-11-03,0.0081053581248213,0.0103397295665903,0.017509715375608,0.0121211853355731,0.0082841147847272,-0.0010810614694715,0.0124378033156771,0.0158730384016729,0.0047393908486776,0.0045181074747104,0.0082644546677628,-0.0789473725487981,-0.0079364564685077,0.0076922872409654,-0.0343511478590234,0.0082466018269999
366,2025-11-04,0.0,0.0116959013335624,0.0152964079096298,-0.0083832611946695,0.0105633177433441,0.0086579570089109,-0.0073709910249615,0.0024038763801885,0.0047170349762781,-0.0029984753898051,-0.0163934266045032,-0.1999999829701012,0.0,-0.0356233974913553,-0.0237153851467175,0.00066564516305
367,2025-11-05,-0.0030151203681645,-0.0072254304122819,-0.0131827656888375,0.0,-0.0058071047169586,0.003218930506126,0.0099010078736991,-0.008393332583016,0.0187793265594267,-0.0075188794685235,-0.0166667494508921,0.0714286094417375,-0.0080000438353299,-0.0105541041469087,0.004048594104506,-0.0012010786398983
368,2025-11-06,0.0,-0.0072780172192389,-0.0104961714183831,-0.0072463843692901,0.0023362970642983,-0.0128343046125991,-0.0073529246199902,-0.0096735234163641,-0.0184331641503242,0.0,0.0,0.0,0.0,-0.0506667045624655,-0.0201612478201445,-0.0016096372873358
369,2025-11-07,-0.0010080136691084,-0.0073313750934094,0.0,0.0072992777414226,-0.0058275219315613,0.0021669137708686,0.0074073906047378,0.0122100477359714,0.0023474445102791,0.0015152124708972,-0.0084745685659031,0.0333333002196432,0.0,-0.0028089588922718,0.0329217000258379,0.0001173999551813
370,2025-11-10,0.0030271913600352,0.014771042237986,0.0057860414068624,-0.0072463843692901,0.0082064212051022,0.0,-0.0024510143765111,0.0,0.0,0.0090771525967208,0.0256411040166297,0.0322580335043474,0.0,0.0281690533091039,0.0119522246595864,0.005095328957601
371,2025-11-11,-0.0030180551296228,-0.0087336206630866,0.0009586536719334,0.0097324092320787,-0.0034884263057334,0.0054054128167695,0.0073709910249615,0.0012062293455279,0.0070257262668782,0.0029984753898051,-0.0083333250549108,0.0156249854480845,0.0080645606742364,-0.0219178379029738,-0.0078740375077865,0.0045778804885903
372,2025-11-12,0.0030271913600352,0.011747425105421,0.0009579206227974,-0.0072289229054002,0.0035006380235014,0.003225747909322,0.0,-0.0012047761092301,-0.0069767098134851,0.0014947557067022,-0.0420168648078567,-0.0461538038310198,-0.0080000438353299,-0.0140055878615716,0.0079365300430269,-0.0019696058854314
373,2025-11-13,0.0010060841788352,0.0014513781816885,0.0038277381905109,0.0012136128656472,0.0023255428209203,-0.0032153759171794,0.0,0.0012062293455279,0.0070257262668782,0.0074626963171227,0.0,0.0,0.0080645606742364,-0.0056818259664125,-0.0078740375077865,0.0004045293823973
374,2025-11-14,-0.0020100473773639,-0.0028985494719151,-0.0009533546968537,0.00242428358954,0.009280700691169,0.0,0.0,-0.0060241139620398,-0.0023256078357806,-0.0059258759744676,-0.0438596078453517,-0.0322580335043474,-0.0080000438353299,-0.0199999931104115,-0.0436508191876346,-0.0040434336886447
375,2025-11-17,-0.0010070973040954,0.0058139509683392,0.0019084367081407,-0.0084644722821425,0.001149517099787,-0.0043011021148002,0.0024390583314917,0.0096969746782233,0.0023310288948439,-0.0104322472493982,-0.0275230180553947,0.0499999503294645,-0.0161290244431163,-0.0058309117836005,0.0,0.0010826365240474
376,2025-11-18,0.0,-0.0043352582473691,-0.0038095110150638,0.0,-0.0137772601398176,-0.0205184081371543,-0.0121655013585588,-0.0132052742951893,-0.0116279254850464,-0.0075300570596912,-0.018867907552966,-0.0317460017109371,-0.024590102577528,-0.0293255536342493,0.0,-0.008215403842826
377,2025-11-19,0.0010081125715484,0.0,0.0076481577714029,0.0060976651477306,0.0034923750652611,0.0088202348348129,0.0098522349354366,0.0012165014300342,0.0070589039160842,0.0,-0.0192307515962583,0.0983606573395496,0.008403306189032,-0.0030211159027403,0.0,0.0060902046378943
378,2025-11-20,-0.0030211931094507,0.0029027563633772,0.0028463132035345,-0.0145454689251133,0.0046404062527465,0.0010929831039163,-0.0073170570630208,-0.0072903755155433,0.0046728358135987,-0.0030348756103918,0.0294117372066224,0.1194029571909665,0.0166666583220389,0.0121211558783818,0.0041494896949216,-0.0024201477165856
379,2025-11-21,0.0040403984346206,0.0014471773783446,-0.0066225171616263,-0.0012300332045233,-0.0046189723445972,0.0021834730865455,-0.0024570366085624,0.0048960226544496,-0.0046511019777046,-0.0030441881372961,-0.0380952034948077,0.0266666412353515,-0.0081966680278533,-0.0269460383981751,0.0,-0.0014753541482929
380,2025-11-24,0.0020120696542289,0.0072254304122818,0.0580952040058893,-0.0049260740299579,0.0,0.002178609645332,0.0073892655215841,0.0048720504202295,0.0046728358135987,-0.0045801881507733,0.0,0.0389610801786219,-0.0253250200651737,-0.1015384154230624,-0.0123967276919662,0.0007480869749023
381,2025-11-25,0.0020080293592903,-0.0028694392314237,-0.0423041114459953,-0.004950519740743,0.0046404062527465,-0.0119565170133182,-0.0024450215934348,-0.006060623850798,0.0,0.004601262800129,0.0,-0.0124999878928067,0.0085470007094481,0.0273972138930431,0.0083681224452509,-0.0043489782027752
382,2025-11-26,0.0,0.005755393213928,0.0103382420884099,0.0037312277248318,0.0057736876062826,0.0055005576115017,-0.0024510143765111,0.008536634203027,0.0186046352985316,0.0015267046351816,0.0,0.012658215432457,0.0,0.0266666227264027,-0.012448067352778,0.007916915782284
383,2025-11-27,0.0,0.0,-0.0139534641267252,0.0198265007294531,-0.0068887407288551,-0.0229758332826324,-0.0073709910249615,0.0024184101369182,-0.0068492814304152,0.0121950930216387,0.0,-0.0500000260770316,0.0,-0.0259739842867271,0.0,-0.004333665166205
384,2025-11-28,-0.0070139692487187,-0.0057224582167403,-0.0028302019213398,0.0036453795481696,0.0080925749479945,-0.0190370437619088,-0.012376229921397,-0.0048251510795536,0.0,-0.0075300570596912,-0.0099009807501782,-0.0789473725487981,0.0084746695907291,0.0,-0.0798319485834505,-0.0080311046629221
385,2025-12-01,0.0060544817223062,0.012949634731338,-0.0066225171616263,0.0169490915063914,0.010321150859663,-0.0011415317886533,0.0100250805758868,0.0,0.002298876669172,0.0106220646363712,-0.0049999952316284,0.0,-0.0252101589550615,0.0566667039087196,-0.1187215129156185,0.0125274863057294
386,2025-12-02,0.0371113302513093,0.0298295328189106,0.0066666672800996,-0.0047619858102235,0.0,0.0114285867194832,0.0198510917659544,0.006060623850798,0.0114677955242261,-0.0435435429953531,0.0,-0.0428571027152385,-0.0086206816818992,0.0283910908844586,-0.0259066834424984,0.0037117695736335
387,2025-12-03,-0.0077369328953436,0.0013793783316466,0.0085147040959114,-0.0107653900199973,0.0068103294263011,-0.0124293729258334,-0.0024331238006142,0.0108434518148494,0.0068027987644214,0.0078493803335755,0.0351758456820778,-0.0149253585286015,0.0347826799057395,0.0153374078839803,0.0053190992865703,-0.0047589904831419
388,2025-12-04,-0.0019494105677062,0.002754819616479,-0.000938151090996,0.0048367252792949,0.0101466111805164,-0.0102976303495286,-0.0024389404000376,0.0,-0.0112612788687674,-0.0264797533745638,0.0,0.1212120911087664,0.0084033529263976,-0.0090634205588576,-0.0211639527269789,-0.0010906925935578
389,2025-12-05,-0.0058592713287,0.0041208088798485,0.0,0.0108302778061633,-0.0011160529397425,-0.0034681455064676,0.0048899249670846,0.0,0.0,0.0111999828197733,0.0,-0.0405405819024191,0.0,-0.0121951389856351,-0.0108108405137392,-0.0028067430206994
390,2025-12-08,-0.0058939974826474,-0.0082079309881079,0.0,0.0130952325197664,0.0033518997167605,-0.0127609029772535,-0.0218978200942473,-0.0071514602644311,-0.0045558604055863,0.004746795264916,0.0,0.0140845779860898,0.0083333250549106,-0.0339505536555376,0.0163934220244255,-0.0023136058874541
391,2025-12-09,-0.0019761849547796,0.0206897152164056,-0.000938850606996,0.0023501035238473,-0.0033407020186104,0.0105757150510226,0.0124378033156771,-0.0072028557450798,0.0,0.0,0.0194174577495647,-0.0416667080587794,0.0413222733388136,0.025559062850027,-0.0053762940625748,0.0008618749136195
392,2025-12-10,0.0019800979946456,-0.0067568207446035,0.0065788565642006,-0.0152402513708386,-0.0022345998111735,0.0141010486480108,-0.0049139544163991,0.003627556639723,0.0,0.0031495797662897,-0.0190476017474039,0.0144927398518988,-0.0317460017109371,0.0280373845816845,0.0,-0.0019638847574969
393,2025-12-11,0.0138340702662498,0.0190476113194528,0.0084034007643556,0.0,0.0167972490965759,0.0011587944376525,0.0123456112120996,0.0012048928171746,0.0114416662853673,0.0,-0.0388349154991293,0.0,-0.0163934266045032,0.0212121141264103,-0.0054054202568696,0.008932349254151
394,2025-12-12,0.0038986298854795,0.00133517931058,0.0046296809857091,0.024999968586977,0.0022027128471733,0.0243056230615537,0.0073170570630209,0.0048134214878885,0.0113122354622665,0.0219781427848675,0.0050505001853162,-0.0142857009050795,0.0416666252745538,0.029673631907864,-0.0054347976220276,0.0076412699926662
395,2025-12-15,0.0058252343953157,0.0039999981444673,-0.0009217225909745,0.0104529170175731,0.0010987769089925,-0.0022599762439604,-0.0169491545266916,0.0,0.0044742144532143,0.0061443409157511,0.0050251208117253,0.0,0.0,0.0230547167928494,0.0,0.0036084233811881
396,2025-12-16,0.0,0.0159362476169719,0.0083026217524893,0.0022988898735356,0.003293135970882,0.0056625196042041,0.0098522349354366,0.0011975618601083,-0.0044542850267688,0.0030534835155917,-0.0099999904632568,-0.0289854797037977,0.0159999847412108,0.0112676213236415,-0.0327869101809585,0.0027924999223933
397,2025-12-17,-0.0057914975645027,-0.0065360097095812,-0.0109789193928114,-0.0149081810408184,-0.0153172439632699,0.0,0.0,0.0023923747125982,-0.0134228620995023,0.00761028529521,0.0202020007412651,0.0,0.0236220250711218,0.0,0.0189559733093003,-0.0041679762564582
398,2025-12-18,0.0,-0.007894668347284,0.0027751314969917,-0.0104773653743945,0.0044443706690813,-0.0056306360173716,0.0,0.0,0.0,0.0045317572309222,0.0099009807501782,-0.0149253585286015,0.03076929425347,-0.0055710383117445,0.0,0.0033263982860893
399,2025-12-19,0.0135922135890702,0.0225464086947242,0.0258302599470272,0.0023529812839551,0.0099558009223645,0.0237825167397627,-0.0048779987315292,0.0023865493220194,0.0249433737536239,0.0045112399266049,0.0098039124022075,0.0,-0.0074626792643007,-0.0028011580993057,-0.0167597716629909,0.0115368265944133
400,2025-12-22,0.0038314122235865,0.0025940325518853,0.0008992558071725,0.011737063558286,0.0175246702782319,0.0011062385167284,-0.0098039389965014,0.0095238150151701,0.0022124145062141,0.0134730857151177,-0.0291261866243469,-0.0303030905097397,-0.0225564583692043,0.0084270121462579,-0.0056817937529682,0.0032354970703198
401,2025-12-23,0.0057251828000173,0.0012935961813096,-0.0008984478727054,0.0,0.00968777931501,-0.0055248671825897,0.0,-0.0058961298309145,-0.0022075305336385,0.0088626259574469,-0.0049999952316284,0.0,-0.0153846012770065,0.0,0.0171428516520051,0.0032011054101288
402,2025-12-24,-0.0056925916720887,0.0,0.0,0.0058004515110905,0.0117270903936543,0.015555634931438,0.0024752818891515,0.0,0.0,-0.0043923493134181,0.0050251208117253,-0.0468749563442533,0.0078124927240421,0.0250696388185054,0.0,0.0009960659000869
403,2025-12-26,-0.0076335770666898,0.0077519992119636,0.0080935629184091,-0.0092271562199802,0.0031612715693358,0.0043763292490128,-0.0074074502984327,-0.0023725090923966,0.0,0.0044117271601811,0.0,-0.0163934266045032,-0.0077519308209066,-0.0081521523678171,-0.0280899012878612,-0.0007210127840301
404,2025-12-29,0.0038461484035936,-0.0076923679814334,0.0044602664731479,-0.003492492358986,0.0031512081808098,0.0,0.009950206569038,0.0,-0.0022123063461306,0.0161054232188659,-0.0199999809265136,-0.0999999999999999,0.0,-0.0109589850160325,0.0057803913678211,0.0023194888230073
405,2025-12-30,0.0057471183353796,0.0116279667108587,0.0008881608103912,0.0046729768144664,0.0052356163612103,0.002178630221346,-0.0172413218170071,0.0011891332296853,0.0066517428914869,-0.0072046900102538,0.0,0.0555555003660719,0.0156249854480845,0.002770120478966,-0.0229884748025963,0.0021059251292783
406,2025-12-31,-0.0019047592350688,-0.0153256636883903,-0.0177463391483347,0.0174418215444156,-0.0072916462729282,-0.0141304691139039,0.0025062398482986,0.0,0.0,-0.0043540998583712,0.0102040717026832,-0.0175438431381406,-0.0076923006385033,0.0027624681094835,-0.0117647956549276,-0.0026239033252244
407,2026-01-02,-0.0038167885333449,0.0051880651037705,0.0063234845539248,-0.0171428195451412,-0.0041973032925584,0.0033076320234892,0.0,0.0,-0.0110132338853625,0.0043731409507656,-0.0101010003706325,0.0178571257512181,-0.0077519308209066,-0.0385675456335824,0.0357143469961178,-0.0061602964545036
408,2026-01-05,0.0114943306470218,-0.0025806440027892,0.0197485424820242,0.0174418215444156,0.0263434896351202,0.0,0.0075000438189052,0.0071257500047743,0.0155902698006029,-0.0029027332389142,0.0153061075540248,-0.0175438431381406,0.0234374781721267,-0.0028652990247343,0.0114942028862452,0.0063242241170453
409,2026-01-06,0.0132574631414019,0.0103492838284018,0.0008803425570995,-0.0114286560234321,-0.0102668697392694,-0.0010989445824917,0.0,-0.001179088889389,-0.0087719223009605,-0.0116448053005259,-0.0050251208117253,0.0535713772536543,-0.030534323358943,-0.0258620701602041,0.0284091052561932,-0.0047431268793342
410,2026-01-07,-0.0018690646149501,0.0051216366429174,0.0008794832615215,-0.0080924019365324,-0.0165976348340366,0.0110011110924665,0.0124069398524644,-0.0011807095121796,0.0022124145062141,0.0088365212415204,-0.0050505001853162,0.0,0.0078740083570405,-0.0088496053627419,-0.0110497424551503,0.0026788534302937
411,2026-01-08,-0.0037453128470753,-0.0050955391429274,-0.0052724325014534,-0.0046620839094584,0.0210972072850814,-0.0097932211879055,-0.0147059084947521,0.0023639814687486,-0.0088301221345541,-0.0102189627634236,-0.0050761372172727,0.0508475124202447,0.0078124927240421,-0.0476189724350419,0.0223464069519172,-0.0043296040480494
412,2026-01-09,0.0206765690140451,0.0051216366429174,0.0185512390110307,-0.0011709801852445,0.0196280715037397,0.0054944046545433,0.0,-0.0082546503016774,0.0200445548273717,0.0,0.0408162868107331,0.0645161631452178,0.0232558848730244,0.0249999585548201,0.0163934372430176,0.0101643496944567
413,2026-01-12,0.0073664725220818,0.0063694239286593,0.0104076813924192,0.0023447059747256,0.0172239178656474,0.0065574261701357,0.0174129968089553,0.0035671693261678,0.0021835377944923,0.0029498992671839,-0.0245097810055187,-0.0454545906095775,-0.0303030905097397,-0.018292634961501,0.0,0.0052770181185246
414,2026-01-13,0.0109689963149997,0.0189873334102137,0.0008583454648922,-0.001169610594414,0.0009959993944324,-0.0032572484128055,-0.0122249897473891,0.018957470534576,0.0108931561522798,0.0147058287162251,-0.0050251208117253,0.0,-0.0078124927240422,0.0155279337982456,0.0053763208245753,0.0075260759487838
415,2026-01-14,-0.0018083156974132,0.0099378839037089,0.0068610404400506,-0.0105385969540583,0.0159204215804895,0.0185185146236492,0.0074257259845476,0.0,0.0064655908137087,0.0014492631050724,-0.0050505001853162,0.0158730008554686,0.0,0.0,0.0053476348007854,0.0015865139241768
416,2026-01-15,0.0054347748809691,0.006150120002565,0.0221465572961561,-0.0023667906668302,0.0195885963354656,-0.0042780375419115,-0.0024570366085624,0.0023254978346152,0.0171306052933213,0.0072358992826666,-0.0050761372172727,-0.0156249854480844,-0.0157480167140813,0.0091742875715248,0.0319148827422015,0.0024840581416296
417,2026-01-16,0.005405397760996,0.0048899731731988,-0.0025000116743967,-0.0059312986926215,0.0067242846987294,0.0032222614873234,0.0,-0.0034802660375142,-0.0042105739853222,-0.004310378257527,-0.0051020358513416,-0.0317460017109371,0.0,-0.0030303437731408,0.0103092955841981,-0.0014109726772346
418,2026-01-19,0.0,0.0,0.0,0.0,0.0,0.0,0.0,0.0,0.0,0.0,0.0,0.0,0.0,0.0,0.0,-0.0002394024674062
419,2026-01-20,-0.0089605608726482,-0.0255474933622144,-0.0033416762912421,0.00358001334404,-0.032442670865377,-0.0139186637454375,-0.0147782928564835,0.0046565231977582,-0.0021141889416187,-0.0043289678749447,-0.0666666625911355,0.0491802798135097,-0.0399999618530273,0.0030395546687043,-0.0561224499175789,-0.0077496147363514
420,2026-01-21,0.0036166313948264,-0.0024968778168601,0.0025146806458431,0.0059452901867285,0.0276133331115424,0.0206297291027992,0.0050000090659803,0.0023175263675168,0.0042372328359909,0.0,0.0,0.0,0.0083333250549106,0.0121211558783818,-0.010810828709223,0.0039727848146737
421,2026-01-22,0.0108107955219918,0.0175218947483271,0.0117056862941669,0.0035460462010179,0.0076775085656375,-0.005319051698693,0.0049751333541054,-0.0057802516653666,0.008438915177557,0.0043477893152172,0.0054945000961861,0.0,0.0,0.0089820849956829,0.0054645228377949,0.0066419798603063
422,2026-01-23,0.0124777009026144,0.0024599624137258,-0.008264474688085,0.0129565274096992,0.0019048222266895,-0.0064171595623132,-0.0024752220476979,0.0,0.0,-0.0043289678749447,-0.0054644755348344,-0.0468749563442533,-0.0082644546677627,0.0029673989675818,-0.0271739900294973,0.0016597223066407
423,2026-01-26,0.012324012997664,0.0171779688087541,0.0208333232691981,0.0069766393596264,0.0123573927630133,0.0,0.0049627879389742,0.0116278270832528,0.0188284610834867,0.0130434384248188,-0.0329670660767248,0.0,0.0,-0.0118344069098902,-0.0446926797000465,0.0140000559255617
424,2026-01-27,0.0226086628618853,0.0144753252902802,0.0236734487206069,0.0057736597727853,0.0262910968927445,0.0053821365813409,0.0049382206073618,0.0321838676044934,0.0266940468236018,0.0100143609928662,0.0113636255880031,0.0,0.0,0.0149701175940413,0.0058479277488192,0.0155842681474844
425,2026-01-28,0.003401355720155,-0.0107015998176932,-0.0095693459186454,0.035591331313006,0.0064043735912224,-0.0042826180632135,0.009828027633524,0.0100222363987865,-0.0100000156442742,-0.0028329060703624,0.0617977618388556,-0.0163934266045032,0.0333333002196432,-0.0176991395940385,-0.0348837793948877,-0.0083331036079745
426,2026-01-29,-0.0135593028682482,-0.0264422368973862,-0.0209340233032082,-0.017738448360744,-0.013636313054706,-0.0182795662090857,-0.0291970738515777,-0.0055125887294388,-0.0202020521258534,-0.0056817702984857,-0.0211640011406247,-0.0166667494508921,-0.0241935251282605,-0.0540539855551807,-0.0361444963669257,-0.0145745069589161
427,2026-01-30,0.0137456847711923,0.0432098553322752,0.0608552587147601,0.011286766545365,0.0294930417901224,0.0065716841840028,0.0,0.0022172153682256,0.0041237583112729,-0.0042857474339356,-0.005405400180747,0.0,0.0082644546677628,0.0253967828685031,0.0062499727870382,0.0057715915799561
428,2026-02-03,0.011864390009717,-0.0355030595113063,-0.0317828959800153,-0.0089286163680626,0.0125336232847734,0.008705143859832,0.0050125402879435,-0.0044247275545239,0.0164270902934826,0.0129125125972158,-0.0217391740960292,0.0,-0.0245901399067548,0.0154798602130219,0.0062111532482604,0.004239238122164
429,2026-02-04,0.0,0.0012270543998387,-0.0024019327471207,0.0090090547618701,0.0061891954540187,-0.0021574785421122,0.0049875400425425,-0.0022222502061934,-0.0080808010974695,-0.0014164185942291,-0.0166666512136102,0.0,0.0084033529263976,-0.0274390259592032,-0.0246913259873979,-0.0031117016039804
430,2026-02-05,0.0,0.0,0.0016050922520955,-0.0212052898531401,0.0017574400695996,-0.0216216419306143,0.0,0.0,-0.0020366829956435,-0.0085107040486477,-0.0338982731220899,0.0,-0.0333333995607137,0.021943566558831,-0.0379746710346017,-0.0067705942790807
431,2026-02-06,0.0,-0.0024509184381195,-0.0024037800893462,0.0034207011666052,-0.0105263104496429,0.0055248671825898,0.0,-0.0089086905334901,0.0142856772274833,-0.0028612062426975,0.0058479475088744,-0.0169491371318062,0.0086206816818992,-0.0306748157679607,0.0,0.0010455895963166
432,2026-02-09,0.0100503193873522,0.0147420075409911,0.0040160312212262,0.0159090344081322,-0.0070922519100341,0.0164835322215453,0.0,0.0224719761501095,0.0221328525945112,0.0143472207143859,0.0,0.0,0.0,0.04746830516778,0.0263157541220475,0.0106589182100074
433,2026-02-10,-0.0049751984453847,-0.0072639791931321,-0.0007999779870792,-0.0190155551469881,0.0196428768130509,-0.0086486776453771,0.0,-0.0065934894122128,0.0059054826368378,-0.0099009751162526,0.0697674434722726,0.0172413633637984,0.0256411040166297,-0.0120845364615979,-0.0192307633080676,-0.0021469820480739
434,2026-02-11,0.0216667183113228,0.0012195116777031,-0.0072057982413622,-0.0022805403843504,0.0,-0.0054525679854996,0.0,0.0011062622544475,0.0058708126546416,0.0,0.0108695546541865,0.0,-0.0083333250549108,0.0244647914379902,0.0,0.0050642476785167
435,2026-02-12,-0.0097879141227572,-0.0012180262804304,-0.0040322250759349,-0.0022857531366873,-0.0070052224570209,0.0164473844383326,-0.0024814239644581,-0.0011050397906375,-0.0019454523837831,0.0028571186410768,-0.0322580975953628,-0.0169491371318062,-0.0168068060286639,0.0059701576335831,0.0,-0.0031542191747252
436,2026-02-13,-0.0065897762458204,-0.0024389627434939,-0.0234817605992895,0.0114547290462749,-0.0255731933641268,-0.0172600366178792,-0.0099502667082107,0.0,-0.017543868008679,-0.0056980268158411,-0.0111111008090735,-0.0172413633637985,0.0085470007094481,-0.0148367801771366,-0.0196078369800134,-0.0064596834001454
437,2026-02-16,-0.0099503155381883,-0.0122249936931011,-0.0066335566977108,-0.0011325221524788,-0.0045248991130496,0.0208562867747379,-0.0025125370209388,0.0067416204706094,0.0019841495021486,0.0329512902966224,0.0280899282748499,0.0175438431381407,0.0,0.0331325395275354,0.0066666378396937,0.0009887502813974
438,2026-02-19,0.0100503193873522,0.0111386090652703,0.009182040028417,0.0102041471284906,0.014545476530553,-0.0021506226871697,0.0,0.008928562875609,0.0019801236401051,-0.0110956743159067,0.0327868532090065,0.0,0.0084746695907291,0.0058309117836006,0.0132450557643646,0.0062311059377042
439,2026-02-20,0.013266978914143,0.0012240505213301,-0.007444203238184,-0.0078563671756708,-0.0053763413000362,-0.0021550497770101,0.0075566581898609,0.0,-0.0059288247315584,-0.0070126316172861,-0.0211640011406247,0.0172413633637984,0.0,0.0,-0.013071917488285,0.0004109163860399
440,2026-02-23,-0.0016367391332797,-0.0036676014001072,0.0041667129616882,0.0180995303211555,-0.0045045166297469,0.0043196165993626,0.0225000710168463,0.0077433291061508,0.0099403736975578,-0.0014124174455637,0.0108108003614941,0.0,0.0084033529263976,-0.0463768748030288,0.0,0.0029381198080697
441,2026-02-24,0.0147541586090145,0.0159509753926836,-0.0041494235049863,0.0088889339036466,-0.0126697349615968,0.0,-0.0195599363079086,-0.0043907753414358,0.0019685262912541,-0.0028288303805075,-0.0160427654081671,0.0,0.0,-0.0577507324768987,-0.0198675438742322,-0.0022582570605078
442,2026-02-25,-0.0016155858305531,0.0036232469096815,0.0016667012872915,-0.0088106169122631,0.0082493529642084,-0.0064516604524071,0.0074812799192414,0.0011025611045547,-0.0275049351787455,0.0056737797058958,-0.0108695546541864,-0.0169491371318062,-0.0083333250549108,0.0258064877456054,0.0135135365445597,-0.0035347296408549
443,2026-02-26,-0.0291261742885566,-0.0012033688586321,-0.0083194793233976,0.0022222601293866,-0.0045454668921584,-0.0021644833945351,-0.0074257259845474,-0.0055066289818266,0.0101010260629266,0.0,-0.0219780658843524,0.0,-0.0084034531022663,-0.0062893167604934,0.0066666378396937,-0.0039307001088135
444,2026-02-27,-0.0033333287003034,0.0120480672360692,-0.0234899339738716,0.0110864504423389,-0.0273972470104032,-0.0260304566614523,-0.0124688802509282,-0.0044296747548038,-0.0140000610126694,0.0141043209851563,-0.0056179722606676,-0.034482726727597,-0.0169491371318062,-0.0506329046308717,-0.0596026316226969,-0.0139751840233126
445,2026-03-02,-0.0200668616476762,0.0071429729446039,0.0051545801317625,-0.0186403529537275,-0.0084506547682722,0.0022272598414987,-0.0050504532501876,-0.0166851637763297,-0.0162271672517403,-0.0069541117633221,-0.0338982731220899,-0.0178571257512181,-0.034482726727597,0.1299999766902257,-0.035211284880278,-0.0095537277273286
446,2026-03-03,0.0102388932786867,0.0165484555793111,0.0,0.0022346749638249,0.0142044920392889,-0.0088889189230065,-0.0101523023294199,0.0124433998618251,0.0082474158218053,0.0070028100873267,-0.0116958950177489,0.0181818004482052,-0.0178571257512181,0.0176991395940386,0.0072993263886744,0.0069050237935917
447,2026-03-04,-0.0152026812867849,-0.0116279016006742,-0.0145299278693603,-0.0011148461631032,-0.0074696208331154,-0.0022421330535022,0.0051282143471724,-0.005586613608986,-0.010224865459534,-0.0152990323520137,-0.0118343783778903,-0.0357142515024362,0.0,0.0,-0.0507246780465896,-0.0080200828647774
448,2026-03-05,0.0034305268252556,0.0,-0.0034691991991203,0.002232073774627,-0.0197554441060175,0.0101123260345725,0.0025509941340642,0.0,0.0123966324407773,0.011299408251834,0.00598801839535,0.0925925006101198,0.0,0.0289854768575181,0.0076336465791075,0.0088209894637782
449,2026-03-06,0.0051281978177046,-0.0023530570211404,-0.0069625528811196,-0.0089086245709384,0.0009597695073197,0.0088988068775603,-0.005089006243054,-0.0078651345870257,-0.006122418844327,-0.0083798856120721,0.0,-0.0169491371318062,0.0181818004482052,0.2222222146749422,0.0,0.0028368594211962
450,2026-03-09,-0.0255101679011633,-0.0212262904086247,-0.0227870792379976,-0.0280899348838252,-0.0364334061372449,-0.041294629908908,0.0179027521007104,0.0,-0.0266941472103721,-0.0253521045725597,-0.0357142527695405,-0.0517240900913955,-0.0178571257512181,-0.0326340018019776,-0.0833333333333333,-0.0255462633153592
451,2026-03-10,0.0174519815811178,0.024096373998719,0.0304933024521238,0.041618542506852,0.0248755927852255,0.0244470354384924,0.0063694511264078,0.0147225498940157,0.0274262680470511,0.0216763286069798,0.006172833601125,0.0181818004482052,-0.0090909002241026,-0.0530120538685797,0.0495867588110621,0.0164320284340984
452,2026-03-11,0.0120068438883949,0.0129410534716156,0.0043516586157787,-0.0022197936499247,0.0106796219166611,-0.0056818397330838,0.00759492937408,0.0133928443134134,0.0,0.0070720759512685,0.0429448175808984,0.0535713772536543,0.0366972115854364,0.0534350626364423,0.0,0.0041723328486187
453,2026-03-12,-0.0026155785481318,0.0011615552348318,0.0060658582483641,0.012235919796081,0.0019212903338106,-0.0057143075125557,0.0100502416234506,0.0,0.012631566900956,0.0112359972649369,0.0176470414989964,-0.0169491371318062,0.0,0.1111111239086735,0.0236219444757335,0.0013050131851479
454,2026-03-13,-0.0104895008706863,0.0024183195867395,-0.0226876289717601,-0.0296704115908935,-0.0038760574625703,0.0057471484863269,-0.0074626794855994,-0.0330396688607478,-0.0041580002420865,-0.0138889067126135,0.1156068937973409,0.0,0.0707964984539188,0.0326087170602698,0.0307693771784229,-0.0071069333962302
455,2026-03-16,0.0141342625199243,-0.0048250858910844,0.0017857551878819,0.0067951329148732,0.000972784935953,0.0057143075125558,0.0,-0.0068336523652807,0.0020877304721245,-0.0014083703445507,-0.0103626846995119,-0.034482726727597,-0.0247934625233591,-0.0357894897460937,-0.0074627434258864,-0.001347921844245
456,2026-03-17,0.0104530351932419,0.0121212583599668,0.0160427225684132,0.004499405882417,0.0038872655006136,0.0,0.0050125862900474,0.0022935210409311,0.0124999875823661,0.0014103566490304,-0.0261779859633867,0.0,-0.0169491371318062,0.0807860025595119,0.0075757500499189,0.0085054057282154
457,2026-03-18,0.0120689125038373,0.0179640253506037,0.0175439271606956,0.0515117730389156,-0.0067763499846286,0.0181818004482052,0.0124687558712801,0.0137299643823365,0.0144032289920124,0.002816877676782,-0.0053763389173911,-0.0178571257512181,-0.0086206816818992,-0.0101009526917795,0.0225563687381624,0.0109995198492054
458,2026-03-19,-0.0119249908328663,0.0035293803495519,-0.0137931720538575,-0.0383387975506464,-0.0253411523471448,-0.0625000465661285,0.0073892143426512,-0.0203159546813086,-0.0121703742127229,0.0042135160497123,0.0162162005422412,0.0,-0.0347825762454857,0.1183673290648299,-0.0294117363472713,-0.0052607496476508
459,2026-03-25,0.0088182915740604,0.0094674468061333,0.0053428692842805,0.001113604784205,0.0134715149823723,-0.0033595392631867,-0.0096385448033311,0.0127168341274739,0.0144032289920124,0.0098039068782094,0.0222222678455317,-0.037735815105932,0.0090909002241026,-0.0586207140356683,-0.0150376687898169,0.0046349656476327
460,2026-03-26,0.0,0.0035170794354828,-0.0035429550033817,0.0033370981441567,-0.0081799515225293,-0.0101122699742808,0.0,-0.0057077841813304,-0.0223123043625571,-0.0027739017167622,0.0271738866354662,0.0,-0.0180180006024901,0.0622710897824976,0.0534351568776119,-0.0033728119867086
461,2026-03-27,0.0017482918266857,-0.0140187889428599,-0.008888922797309,0.0094813203235066,0.0,0.0454029057296772,0.0145985257494958,-0.0011481318987415,-0.0041493734884286,0.0,0.0582010662104166,0.0,0.0458715144817956,0.0,-0.0507246758651894,0.0010287100576635
462,2026-03-30,-0.0226876289717601,-0.0201420771411825,-0.017937203238353,-0.0165746485130636,-0.025773196383077,-0.0108578046748679,0.0191846336312668,-0.0333333296794087,-0.0291667370332584,0.0042552811573846,0.1299999952316284,0.0588235912850996,0.1052631633983975,0.0568965366989484,-0.030534323358943,-0.01445128873219
463,2026-03-31,0.0142857009050794,0.0205561200979182,0.0,0.0089887558578642,0.0031745749816607,-0.0142700460307518,-0.0070588728960823,0.0118906519957306,0.0042918415410722,-0.0183615982827396,0.0176990982397429,-0.0185186105009913,0.0952380997433595,-0.0097879187046333,0.0157480167140813,0.0014574091485981
464,2026-04-01,0.0264084682923848,0.0225119127374398,0.0182648230820889,-0.0022271163818317,0.0295359388360747,0.0167038507629182,0.0,0.0211515095958012,0.0192308025404011,0.0129496625982508,0.0086956440613714,0.0188680200145661,-0.0434782195556966,-0.1103789221328085,0.0775194006193709,0.010968101009942
465,2026-04-02,-0.0171526425285096,-0.0104287545068846,-0.0134528810459318,0.0,-0.023565624028371,-0.0120481550162589,0.0142181096208002,-0.0092059755545496,-0.0125786044065951,-0.0056818127940015,0.0172413633637984,0.0,0.1515150913084419,0.1055554971773449,-0.0287769512695574,-0.0062028061527894
466,2026-04-03,-0.0174519902791794,-0.0257611555048616,-0.0127273039384321,0.0,-0.0083945357762473,0.0133037560387034,-0.0093458964320883,0.0011614668154,-0.0106157516624001,0.0028571401323591,0.0254238067225354,-0.0370371106230152,0.0657894901951927,-0.0117252424261763,0.0814814906388479,-0.0016487362348349
467,2026-04-06,-0.0035523944085211,-0.02163453823363,-0.0220994271367771,-0.041294629908908,-0.0052910255813806,-0.0032823507131949,0.0,-0.0023201281154144,-0.0042918415410722,-0.0028490001397227,-0.0743801905299355,0.0,-0.0308641680056248,-0.0254237445665821,0.006849308357518,-0.0086523408701342
468,2026-04-07,-0.0053476308546103,0.0,0.0122410655218263,0.0116413767193337,-0.0053190679882564,-0.0153676613528546,0.0047170893498413,0.0,-0.0086206816818992,0.0,0.0,-0.0384615031925166,-0.0127389168583569,0.0226087155549421,-0.0340136534370307,-0.0023619109647733
469,2026-04-08,0.0143369040859988,0.0159705293560039,0.0279069944869641,0.0138090730757096,0.0181818255997998,0.0022295990517267,-0.0140846047870866,0.015116180813981,0.0217391101534285,0.0042857442583357,-0.0178571257512181,0.0,-0.051612855591708,-0.0493197204436791,0.0492958130757987,0.0115991039276364
470,2026-04-09,-0.0141342625199243,-0.0326481793009094,-0.0045249040607969,0.0022700911619508,-0.0147059177091301,0.0122358857788804,0.0190477152800658,-0.0045818973597312,-0.0212765763171814,0.0042673872085146,0.1090909110613105,-0.0199999809265136,0.0748299402477639,0.0411449038989752,-0.0268456118100722,-0.0059364550179719
471,2026-04-10,0.0,0.0187499523162841,0.003636360168457,-0.0022649495200631,0.0031982657361597,0.0021977476099979,-0.0070093944714298,-0.0034522133969847,0.0108696069068412,-0.0028328585111346,0.0245901399067549,0.0,0.0189873231486854,0.0,-0.0137931720538575,0.0030067299961675
472,2026-04-13,-0.0161290598240931,-0.0171778400246949,-0.0172101069782441,-0.0113507805569522,-0.0116896555218858,0.0109649542461147,0.0047058778650619,0.0069284550431751,-0.010752728969764,0.0071022998587775,-0.0239999771118164,0.0,-0.0372671189165964,0.034364227382496,-0.0209790017413726,-0.0063796930714593
473,2026-04-14,0.0054645193185935,0.0112359737847915,0.004608224451857,0.0045924181030816,0.0010752934061011,-0.0097614045532878,0.0117096465944279,0.0114678239372902,0.0086956440613714,0.0098730173931897,-0.0327869509215366,0.0204081434053664,-0.0064516069489635,-0.0199335358703129,0.0571428887698119,0.0045223951500781
474,2026-04-15,0.0018116356732591,-0.0061728627629756,0.0091743472449048,-0.0057143075125557,0.0,-0.0197152577129845,-0.0115741177657486,-0.001133704711281,-0.0086206816818992,-0.0125697873839007,0.0,-0.0600000023841857,-0.0129870009233301,-0.0457627078919053,0.033783751129669,-0.0027841333468411
475,2026-04-16,0.0,0.0062112036708286,0.0090909437699751,0.0,0.0042964511332077,0.0078213016748971,0.0023419739874719,0.0011349914564424,0.013043466092057,0.0056577030950237,-0.0169491371318062,0.042553214424603,-0.0131578823536054,0.0017761548563788,0.0784313771322295,0.0037363918855606
476,2026-04-17,0.0036166329417204,0.0098765333257353,0.0009008355733224,0.0034482452447002,0.009625582378792,-0.0011086727687722,0.0,0.0022676256752489,0.0042918415410722,0.0070323084330226,-0.0258620450456977,0.0,-0.0266666412353515,-0.012411293702359,0.0,0.0032549964947525
477,2026-04-20,0.0216216002585745,0.0,0.0081008240656244,0.0057273990099264,0.0,0.01109871534463,-0.0070093944714298,-0.0011312475915408,0.0021368011215048,0.0055865869700379,-0.0088495491198714,0.0816325736214662,-0.006849308357518,-0.0466786752008815,0.0727272766680757,0.0041824246282178
478,2026-04-21,0.0017636246755068,0.0097799414084907,0.024999976583889,-0.0045558044498358,0.024364460395591,0.0032931600193331,0.0023529950310201,-0.0011325287619752,0.0234541859642527,0.0138889422387267,-0.0178571257512181,0.1509434853469282,-0.0137931720538575,-0.0357815554176829,0.0282486282849567,0.0076542952786333
479,2026-04-22,-0.0123238903062948,0.0012106814291443,-0.014808286532955,0.0080092277267393,-0.0103413010011115,-0.0054704801812607,0.0046948309511625,-0.00340133038653,-0.0083333250549108,-0.0054794466860145,0.0272727006723079,0.0327868532090065,0.0,0.0195312318101055,-0.0164835657881662,-0.0028798782349793
480,2026-04-23,0.0,-0.0048368698081258,0.0106100690633881,0.0045402905729676,0.0083594489296923,0.0,0.0,0.0068259863341399,0.0168067058527952,0.0055096364451752,0.0442477455993575,0.0158730008554686,0.0489510874263454,0.0632184700779647,0.0167598275074842,0.0066124897985693
481,2026-04-24,-0.0053476308546103,0.0024301894138669,-0.003499559123801,-0.0033899079494192,0.0,0.0,0.0,-0.0079096774555065,-0.0061983902608575,0.0041095523544323,-0.0338982742636123,-0.0156249854480844,-0.0266666412353515,-0.0090090430660404,0.0,-0.0007899084568346
482,2026-04-27,-0.0053762963049051,-0.0060606291799834,-0.0193152116240085,-0.0056688479354356,-0.0155440025346984,-0.006600706117658,0.0046728925107715,-0.0148063916167028,-0.0187110506566622,-0.0054570207734467,-0.0087719215690703,-0.0158730008554686,-0.0136986167150362,-0.003636360168457,0.1318680678080759,-0.001784499779146
483,2026-04-28,0.0108108001292872,0.0036585041059751,0.0080573099349299,0.0045609988329724,0.0021053113435443,-0.0055371198464488,-0.0023256345205246,-0.0057802588746289,0.0127119538736808,-0.0041151897295163,-0.0088495491198714,0.0,0.0,0.0328466838890733,0.0242718221869557,0.0071799751433692
484,2026-04-29,-0.016042807566122,-0.0024300735360577,-0.0026643593282135,0.0,-0.0042017766390675,-0.0077950666361377,-0.0069929448107112,-0.0127907680781711,-0.0062761942450945,0.0055096364451752,0.0,-0.0161290167521737,-0.0069445203299844,0.0,-0.0284359932524148,-0.0053075461206081
485,2026-04-30,0.0036231849629746,-0.0085261503652828,-0.0089046689110992,0.0011349914564424,-0.0073839344097379,0.0,0.0140844928534873,0.0070671874245289,-0.0147368782445004,-0.0041096176745893,0.0,-0.0327869509215366,0.0139860845240578,0.0459364374366042,-0.0390243539350638,0.0009299912492697
486,2026-05-05,-0.0070921919858044,-0.0024389639700671,-0.0089685588535106,-0.0045095786210944,0.0074230851069854,0.0,0.0022779565343908,0.0080925608769482,0.0,0.0,0.0350876862762812,0.0169492381566322,0.0208333126372768,0.0385965393667568,-0.0101522744345455,0.0044029004372379
487,2026-05-06,0.0017857551878819,0.0110024632310763,0.0009049980732327,0.0022650575239504,0.0052631779720908,0.0088888804117839,-0.0113636794661677,0.0045871514481794,0.0084210446006374,0.0,-0.0338982742636123,-0.0166667494508921,-0.0204081434053665,-0.0084459780558253,0.0307692006730007,0.005402185561707
